ticker,week_start,snapshot_type,snapshot_date,price,avg_call_iv,avg_put_iv,iv_skew,call_volume,put_volume,put_call_volume_ratio,call_open_interest,put_open_interest,put_call_oi_ratio,num_contracts,avg_call_delta,avg_put_delta,avg_gamma,avg_call_theta,avg_put_theta,avg_vega,avg_call_rho,avg_put_rho
SPY,2026-08-17,end,2026-08-22,765.719970703125,0.3451932032659877,0.3069593098970516,-0.038233893368936,124782.0,118649.0,0.950850282893366,160992.0,238770.0,1.4831171735241502,338.0,0.5982678161916206,-0.3000657468766398,0.0074741448596684,-0.2878700356416001,-0.1494126539996447,0.1150056347670912,0.0671014434383336,-0.039836854070988
QQQ,2026-08-17,end,2026-08-22,713.4400024414062,0.4350936815119563,0.4479475652506063,0.0128538837386499,124362.0,133922.0,1.0768723565076148,242704.0,173551.0,0.7150726811259807,367.0,0.530167191966949,-0.305827673764971,0.0069188576066093,-0.3421010177083052,-0.2259516900732061,0.1267795573282741,0.0540441479615984,-0.037701064881084
SPX,2026-08-17,end,2026-08-22,7674.3701171875,,,,,,,,,,,,,,,,,,
TSLA,2026-08-17,end,2026-08-22,362.8599853515625,1.0716074532277962,0.9789703466796876,-0.0926371065481085,195936.0,124843.0,0.637162134574555,111085.0,107891.0,0.971247243102129,196.0,0.4125589375329047,-0.3379450366637628,0.0031714914111523,-0.153339590470107,-0.1735542962656119,0.0342398151220887,0.0179219975146898,-0.0244746098343327
NVDA,2026-08-17,end,2026-08-22,214.72000122070312,1.2095236582328175,1.099923389375331,-0.1096002688574866,251271.0,165017.0,0.6567291888041199,493388.0,196253.0,0.3977660583556957,133.0,0.469267315709512,-0.4157314075870382,0.0060777091768931,-0.162132938468126,-0.178708212342824,0.0282175513134646,0.0108620967471531,-0.0182931501451769
IBIT,2026-08-17,end,2026-08-22,43.68000030517578,1.0015706842362255,0.8331592347301137,-0.1684114495061118,175816.0,69858.0,0.3973358511170769,199983.0,98261.0,0.4913467644749804,71.0,0.768423802010604,-0.057546329718798,0.0309281786480968,-0.0477316680359531,-0.0166078936539538,0.0056321611506914,0.0043210236804611,-0.0004315075874138
AAPL,2026-08-17,end,2026-08-22,309.3500061035156,0.7680823936673677,0.6589018749773944,-0.1091805186899733,86437.0,34420.0,0.3982091002695604,77024.0,41171.0,0.5345217075197342,119.0,0.5572984646013754,-0.3594117579105057,0.0083103497197046,-0.1447005652541698,-0.1679325561661618,0.0428707427117273,0.0215655203505429,-0.0206783703237467
AMZN,2026-08-17,end,2026-08-22,258.6300048828125,0.6342603372314453,0.6745600709092882,0.0402997336778429,72538.0,36259.0,0.4998621412225316,105720.0,35832.0,0.338933030646992,95.0,0.4742494420149328,-0.3917075583865771,0.0093099699631412,-0.1210229540819179,-0.0943828181006852,0.0333833933258029,0.0161613579736117,-0.0184610711636323
TLT,2026-08-17,end,2026-08-22,82.05000305175781,0.2918423216029576,0.2414034785600142,-0.0504388430429433,92773.0,17948.0,0.1934614596919362,117454.0,83247.0,0.7087625793927835,75.0,0.3416697560678972,-0.4737381373720476,0.0697664661418896,-0.0174258879905588,-0.0142208176535999,0.0110396104060464,0.0043039431323584,-0.0067361937466225
INTC,2026-08-17,end,2026-08-22,90.06999969482422,1.0045045454869646,1.0833871892123752,0.0788826437254106,54619.0,39967.0,0.7317417016056683,118845.0,102191.0,0.8598678951575581,161.0,0.2721013305776831,-0.6238278000506818,0.0157364356247325,-0.0858215719232451,-0.1587331975143528,0.0155621069653565,0.0033155653798049,-0.0119577053109351
IWM,2026-08-17,end,2026-08-22,299.9599914550781,0.3883196900158394,0.377647174580892,-0.0106725154349473,22916.0,47300.0,2.0640600453831386,50232.0,174419.0,3.47226867335563,166.0,0.5944670075516317,-0.2717335073154511,0.0167940592722187,-0.1057917775457196,-0.0512199368519156,0.0442248107379642,0.0257984048883159,-0.0140128576258166
MU,2026-08-17,end,2026-08-22,966.780029296875,1.4488861578225305,1.5519461043595677,0.1030599465370372,41854.0,100542.0,2.4022076742963634,59095.0,63289.0,1.0709704712750656,487.0,0.4740233940203719,-0.2608722415992413,0.0010128181752475,-1.004468457140943,-0.4959676149823737,0.1052907082576625,0.0516494732805266,-0.0516742574737601
MSTR,2026-08-17,end,2026-08-22,119.25,1.2155540881968347,1.1826439558105468,-0.0329101323862879,118200.0,116255.0,0.9835448392554992,132723.0,135174.0,1.018467032842838,119.0,0.7233085683312529,-0.252714411046891,0.0095537647394037,-0.1630576631094021,-0.1272784715229146,0.0193155701411336,0.0105818553654616,-0.0061820108081442
MSFT,2026-08-17,end,2026-08-22,483.239990234375,0.6622957092963324,0.6168700989199357,-0.0454256103763967,23082.0,10758.0,0.4660774629581492,57277.0,35244.0,0.6153255233339735,152.0,0.504784246233702,-0.3626670108200209,0.0055574426430605,-0.235692724907953,-0.2168908222649795,0.0689455604446189,0.032089556565729,-0.0314712727200321
GLD,2026-08-17,end,2026-08-22,423.3599853515625,0.6447090045439308,0.5836135578644582,-0.0610954466794725,60838.0,20189.0,0.3318485157303001,191620.0,52280.0,0.2728316459659743,251.0,0.6569057427840311,-0.1094662068986085,0.0050474257419663,-0.1965217916384244,-0.1034854890779131,0.0468553831751706,0.0388079244954143,-0.0082135155079871
VIX,2026-08-17,end,2026-08-22,15.130000114440918,1.4632131113735465,0.8014867478724886,-0.6617263635010578,14503.0,4314.0,0.2974556988209336,83477.0,58942.0,0.706086706517963,71.0,0.1318102455607607,-0.6410505710468837,0.0315157813592959,-0.0194333445317213,-0.0495228321916072,0.0009211225825747,0.0001890849909505,-0.0022300802921594
ETHA,2026-08-17,end,2026-08-22,18.239999771118164,1.4054268314302882,1.792031336082176,0.3866045046518878,159292.0,49758.0,0.3123697360821635,154833.0,109136.0,0.704862658477198,53.0,0.7282514454314063,-0.1222444880392123,0.0635692668071965,-0.0203278602002958,-0.0228698671976577,0.0025402007298251,0.0015077784748673,-0.0004185446185834
META,2026-08-17,end,2026-08-22,549.9000244140625,0.972018708047425,1.1219926289093802,0.1499739208619552,34935.0,14402.0,0.4122513238872191,62810.0,33100.0,0.5269861487024359,268.0,0.2592212920738769,-0.4509072824615519,0.0024594161905745,-0.2170033014089905,-0.4070552025791777,0.0593182180173064,0.0178577308910956,-0.0494097109574184
SLV,2026-08-17,end,2026-08-22,62.720001220703125,0.8870762158910779,0.9809607750553871,0.0938845591643092,76625.0,13183.0,0.1720456769983686,84537.0,48725.0,0.5763748417852538,136.0,0.6392470431576107,-0.2172886818772234,0.0204022617001844,-0.0334022039229663,-0.0263771924970333,0.006542378686789,0.0050493057854551,-0.0025986132712032
NFLX,2026-08-17,end,2026-08-22,79.58999633789062,0.9689029379139774,0.8031022061512083,-0.1658007317627691,42476.0,15804.0,0.3720689330445428,62609.0,33104.0,0.528741874171445,89.0,0.5637516442698374,-0.3593855858725159,0.0281711662846454,-0.0886815090440831,-0.0736247031990184,0.0133923106317338,0.0058360093953974,-0.0057746868453368
PFE,2026-08-17,end,2026-08-22,28.06999969482422,1.1825205645541486,0.7463674693561422,-0.4361530951980064,18450.0,17371.0,0.9415176151761516,32660.0,10658.0,0.3263319044703001,58.0,0.6721725606724394,-0.3049778130206412,0.0933190284076722,-0.0525916922800284,-0.0215284406507082,0.0051344275872292,0.0023974269152028,-0.0015868095359634
SOFI,2026-08-17,end,2026-08-22,18.90999984741211,1.3473447539692538,1.2740704214969758,-0.0732743324722779,111601.0,39644.0,0.3552297918477433,115751.0,61106.0,0.52790904614215,62.0,0.5762604041945489,-0.3677819927758222,0.0820849202611425,-0.0312021462839721,-0.0331185741724055,0.0034542913468709,0.001281637782991,-0.0014078487478475
COIN,2026-08-17,end,2026-08-22,186.4900054931641,1.1601386957687632,1.2751528646087646,0.1150141688400014,56524.0,51758.0,0.915681834265091,62495.0,27429.0,0.4388991119289543,125.0,0.6055197372250122,-0.2391921219001737,0.0057516090416343,-0.2124546254098399,-0.1539179137432988,0.0260728801398419,0.0138089542425908,-0.0091605168431268
GOOGL,2026-08-17,end,2026-08-22,344.82000732421875,0.8734462262980142,1.163388345901489,0.2899421196034749,54109.0,29491.0,0.5450294775360846,58439.0,31841.0,0.5448587415937987,164.0,0.4179967645854587,-0.2864137105881091,0.0058327155980031,-0.2675447939459238,-0.2970051348967727,0.0510123073719705,0.0187885555121885,-0.018600471854525
PLTR,2026-08-17,end,2026-08-22,179.94000244140625,1.186629472759046,1.037755286511873,-0.1488741862471729,168401.0,85563.0,0.5080908070617158,72385.0,65870.0,0.9099951647440768,171.0,0.6635548201287443,-0.158817164581773,0.0053204392574796,-0.0970678766869632,-0.0836356586715348,0.0159472185590268,0.0136711441368416,-0.0053835384709025
SHOP,2026-08-17,end,2026-08-22,149.25,1.1563510047433034,0.9612656736946108,-0.1950853310486927,8931.0,10191.0,1.141081625797783,10806.0,18989.0,1.7572644826947992,134.0,0.6848492361533953,-0.208914520227583,0.0123863756980496,-0.2576113522778277,-0.1552095777911762,0.028624577021821,0.0131152795122567,-0.0056742962571583
XOM,2026-08-17,end,2026-08-22,165.11000061035156,0.6894206965942382,0.982403693181818,0.2929829965875798,26483.0,6472.0,0.2443831892157233,15720.0,9642.0,0.6133587786259542,84.0,0.6765862477983452,-0.090222760073782,0.0123843973294021,-0.1547297848421133,-0.1536272362575125,0.0264362722241268,0.0153668735274185,-0.0025616963568995
AMD,2026-08-17,end,2026-08-22,473.25,1.5962310648624622,1.3587779893529697,-0.2374530755094925,23192.0,45042.0,1.9421352190410488,59551.0,48096.0,0.8076438682809692,294.0,0.5036053137748584,-0.3231376264701107,0.0023282991436127,-0.2659064271092404,-0.258811743060141,0.0489879908247197,0.023074967474246,-0.0305063805980341
BAC,2026-08-17,end,2026-08-22,61.68999862670898,0.8137339016822077,0.6285411865234375,-0.1851927151587702,14457.0,14880.0,1.0292591824029882,45499.0,21690.0,0.4767137739290973,64.0,0.5891339701038221,-0.4511604307376726,0.0432549800345617,-0.0604755211633101,-0.0368316055139345,0.0093201771476157,0.0048142622163266,-0.0052158643489797
SPY,2026-08-17,intermediate,2026-08-19,769.0599975585938,0.4209109798509248,0.5216687322946757,0.1007577524437509,552473.0,619496.0,1.1213145257777304,70079.0,98451.0,1.4048573752479343,217.0,0.360854912046228,-0.2432277287291863,0.0129272765706369,-0.7606481029187941,-0.5055161796559177,0.0388461592881923,0.0073140739951357,-0.0052634636718699
QQQ,2026-08-17,intermediate,2026-08-19,716.0800170898438,0.4245140785233346,0.520309308846097,0.0957952303227623,412426.0,455193.0,1.103696178223487,54881.0,125651.0,2.2895173192908294,214.0,0.3941626820769579,-0.2570636326914747,0.0114491794848854,-0.6412894390720446,-0.4678986303805008,0.0378860562247486,0.0073483850559377,-0.00516935193006
SPX,2026-08-17,intermediate,2026-08-19,7707.97998046875,,,,,,,,,,,,,,,,,,
TSLA,2026-08-17,intermediate,2026-08-19,351.1199951171875,3.340577655824404,2.482659527055519,-0.8579181287688846,391891.0,276882.0,0.706528090719103,464018.0,303190.0,0.6534013766707326,366.0,0.421012508958898,-0.5220869516970557,0.0028700436298277,-0.605208259554046,-0.7892317451938421,0.0148429746978314,0.0047497531998856,-0.0168679982909066
NVDA,2026-08-17,intermediate,2026-08-19,217.5599975585937,4.113751978963216,3.154749605040117,-0.9590023739230992,398374.0,237455.0,0.5960604858750822,1072522.0,803674.0,0.74933101605375,193.0,0.4849978839126223,-0.3780837381374848,0.0058155245525553,-0.4960285124345379,-0.921278407194884,0.0121211078411566,0.003052836982123,-0.0063015234583297
IBIT,2026-08-17,intermediate,2026-08-19,38.77999877929688,2.180209131774902,2.0914908789256264,-0.0887182528492758,398865.0,142603.0,0.3575219685858624,603062.0,393511.0,0.6525216312750596,127.0,0.4717851505669266,-0.4863093958025631,0.0381904088523634,-0.0800761509943803,-0.1693346639789729,0.0023435010070381,0.0007315961351578,-0.0015104001525866
AAPL,2026-08-17,intermediate,2026-08-19,316.8299865722656,2.096232354038784,1.569867452242851,-0.5263649017959322,338122.0,180045.0,0.5324853159510472,422351.0,317815.0,0.7524902273227718,178.0,0.4936875495764998,-0.3323563557264462,0.0060799277800169,-0.70577802233906,-0.6664996257359759,0.0183378959219455,0.005987188709783,-0.0068848419010113
AMZN,2026-08-17,intermediate,2026-08-19,265.8399963378906,1.699737068959829,1.3177769217878073,-0.3819601471720217,223234.0,85984.0,0.3851743014056998,635862.0,294558.0,0.4632420242128009,144.0,0.5638116695493763,-0.3689068879488451,0.0072883228525153,-0.5193103298416618,-0.3505062448982614,0.0156434117948373,0.0060975210439886,-0.0063134834021003
TLT,2026-08-17,intermediate,2026-08-19,83.0199966430664,0.8316354140785093,0.6077336385569853,-0.223901775521524,84581.0,50250.0,0.5941050590558163,726871.0,396714.0,0.5457832270100197,112.0,0.4388605286797334,-0.5599072388077608,0.0534687716814931,-0.068937392355318,-0.0463952459173495,0.0047099343439883,0.0017284983496623,-0.0029555093877202
INTC,2026-08-17,intermediate,2026-08-19,92.8000030517578,2.51701119795542,2.711145842916924,0.1941346449615046,141211.0,97716.0,0.6919857518182011,469982.0,398583.0,0.8480814158840125,240.0,0.4417750691568881,-0.4790994886158306,0.013144888233425,-0.1467119651689465,-0.4072497523476874,0.0062729892854166,0.0013464143583494,-0.0034519438265722
IWM,2026-08-17,intermediate,2026-08-19,301.7200012207031,0.3686106247907365,0.4416355554458944,0.0730249306551579,39216.0,39180.0,0.9990820073439411,12598.0,21512.0,1.707572630576282,82.0,0.4534991003153656,-0.2410354823009902,0.0310673011333032,-0.1874366855549504,-0.1734083025168203,0.0149985223321632,0.0035618798002252,-0.0020394396528465
MU,2026-08-17,intermediate,2026-08-19,937.10498046875,5.047071919302744,3.3422551275911663,-1.7048167917115775,121502.0,112538.0,0.9262234366512484,277573.0,362925.0,1.3074938844916473,551.0,0.4382831818321601,-0.4797137479461514,0.0008981167299234,-2.8133921320241275,-1.885461912983027,0.043242666983011,0.0110662382212874,-0.0404112652358631
MSTR,2026-08-17,intermediate,2026-08-19,104.25,3.792431126596437,2.7152557702986924,-1.077175356297745,305510.0,124041.0,0.4060128964682007,395590.0,280661.0,0.7094744558760333,263.0,0.3030809808352157,-0.638527565170284,0.0090563995744685,-0.1960312995273291,-0.3559820308399836,0.0059839256361718,0.0012155880715678,-0.00926171934844
MSFT,2026-08-17,intermediate,2026-08-19,484.30999755859375,1.7121038831767097,1.4946889268695795,-0.2174149563071301,322572.0,33856.0,0.1049564128318639,414715.0,266517.0,0.6426509771770975,239.0,0.5505120511242381,-0.3767358608380106,0.0042994868097387,-0.9123317049399572,-1.2119653762322626,0.0307713256131883,0.0107503692991845,-0.0122612319882623
GLD,2026-08-17,intermediate,2026-08-19,413.8399963378906,1.3948967254196387,0.8599973605710809,-0.5348993648485578,71754.0,30733.0,0.4283106168297237,254354.0,179338.0,0.7050724580702485,383.0,0.4672675544525655,-0.3949316485358834,0.006114034649634,-0.46905128671813,-0.6662976776823112,0.02393306777502,0.0089148400035422,-0.0121217665741528
VIX,2026-08-17,intermediate,2026-08-19,14.890000343322754,2.884632389171512,1.9034647016252788,-0.9811676875462324,18340.0,1216.0,0.0663031624863686,0.0,0.0,,71.0,0.1273171380455479,-0.6675643140972616,0.0564300896949766,-0.0416242533274101,-0.0462630280048435,0.0026195019376984,0.0002796281870421,-0.0039699804841644
ETHA,2026-08-17,intermediate,2026-08-19,15.880000114440918,3.084507865397136,2.651590373928931,-0.4329174914682046,183530.0,86543.0,0.4715468860676728,174031.0,284174.0,1.6328929903293092,61.0,0.558469522510407,-0.2987700039941446,0.0944949630318049,-0.1013918025084517,-0.0840357341318222,0.0015390595283672,0.0003256775592819,-0.0003409213402727
META,2026-08-17,intermediate,2026-08-19,546.030029296875,1.842862084242696,1.3300512622326406,-0.5128108220100549,127333.0,48742.0,0.382791577988424,405879.0,127858.0,0.3150150660664877,341.0,0.2095837304624311,-0.6742000689716398,0.0019550338920293,-0.3632426149842102,-1.2331309411182028,0.0241380503360433,0.0049707375165038,-0.0278242828148487
SLV,2026-08-17,intermediate,2026-08-19,60.0099983215332,2.0206537894594767,1.734255956149061,-0.2863978333104158,80180.0,32563.0,0.4061237216263407,575411.0,190757.0,0.3315143436604444,242.0,0.385145998233978,-0.5616733733197157,0.0212687516687449,-0.0691002065044099,-0.1215526935324767,0.0030213002785409,0.0009655507502728,-0.0032279777462956
NFLX,2026-08-17,intermediate,2026-08-19,80.22000122070312,7.934805137056624,2.107990231142524,-5.8268149059141,137766.0,44806.0,0.3252326408547827,542035.0,264932.0,0.4887728652208806,368.0,0.3758091876545144,-0.6980932847068159,0.0094610512636202,-3.635412622257912,-0.2503107366690905,0.0049389031267343,0.0008327970943894,-0.0238666388269101
PFE,2026-08-17,intermediate,2026-08-19,28.239999771118164,2.0113426925998263,1.37081798828125,-0.6405247043185764,75210.0,15223.0,0.2024065948677037,185838.0,215702.0,1.1606991035202705,71.0,0.6103287539772116,-0.3829185283467681,0.0806864310164277,-0.1192090518427326,-0.0396392978618692,0.0021759636964213,0.0007201177422656,-0.0007145919476898
SOFI,2026-08-17,intermediate,2026-08-19,18.420000076293945,4.4576237599498825,4.002803536998821,-0.4548202229510618,81673.0,32826.0,0.4019198511135871,383060.0,174661.0,0.4559625124001462,106.0,0.4641926571082285,-0.437864120312239,0.0580477844775502,-0.1170612320376406,-0.212349654402419,0.0015938046601797,0.0002660418523813,-0.0007265492507928
COIN,2026-08-17,intermediate,2026-08-19,160.1999969482422,3.847177123033678,2.9590730092468265,-0.8881041137868517,120247.0,60892.0,0.5063910118339751,148372.0,80846.0,0.5448871754778529,154.0,0.4621250032405595,-0.4305824068487182,0.0077398693963443,-0.9724623721427664,-0.5612429212722286,0.0137433581507424,0.0026712010804402,-0.0062000707855188
GOOGL,2026-08-17,intermediate,2026-08-19,344.7200012207031,2.321587384771091,1.5507295600290008,-0.7708578247420903,76094.0,37976.0,0.4990669435172287,323537.0,203158.0,0.6279281813208382,233.0,0.4341139009943422,-0.3878940442027295,0.0045290738646199,-0.622655612382507,-0.2686899293757945,0.0156340287030533,0.0055695490332324,-0.0093484651138029
PLTR,2026-08-17,intermediate,2026-08-19,175.19000244140625,2.91787570703779,2.982339717257601,0.0644640102198108,183160.0,121281.0,0.6621587682900196,317899.0,290265.0,0.9130730200472476,215.0,0.597794256751263,-0.3048926150724427,0.0051162809594805,-0.274076790725151,-1.246063581824762,0.0085983234036971,0.0036511073426852,-0.0046194740580771
SHOP,2026-08-17,intermediate,2026-08-19,146.5800018310547,2.158601700964818,1.7338967502509224,-0.4247049507138962,5308.0,3839.0,0.7232479276563677,47049.0,47378.0,1.0069927097281557,151.0,0.636447630235301,-0.2491610843093839,0.0137543021201609,-0.8661667573732544,-0.4202723049501886,0.015139056733139,0.0039565718127686,-0.0023420808445535
XOM,2026-08-17,intermediate,2026-08-19,164.77000427246094,1.740444185926649,1.349828374051826,-0.3906158118748231,25948.0,5105.0,0.1967396331123786,56487.0,37777.0,0.6687733460796289,88.0,0.6413971828412898,-0.2515190304257826,0.0142029190862201,-0.5917343124722584,-0.4648545776115481,0.0147549976523289,0.0045515766098851,-0.0026576828929673
AMD,2026-08-17,intermediate,2026-08-19,466.4200134277344,3.18524220096686,2.4150799806619543,-0.770162220304905,69932.0,47707.0,0.682191271520906,229848.0,240980.0,1.048432007239567,295.0,0.4073475558969069,-0.5286057365343435,0.0027105278027947,-0.6731871186020866,-0.4899770612690219,0.0226342632404993,0.0058443573027324,-0.0189289254211846
BAC,2026-08-17,intermediate,2026-08-19,63.16999816894531,1.952543092610677,1.217039320421007,-0.73550377218967,50748.0,15867.0,0.3126625679829747,129630.0,114036.0,0.8797037722749363,90.0,0.6778175475431346,-0.2581194593909817,0.0420875913316578,-0.2704344979216903,-0.0786331910898946,0.0048176008942718,0.0017675323582134,-0.0009953275573136
FIG,2026-08-17,end,2026-08-22,27.100000381469727,1.4039742219373914,1.2881497982788086,-0.1158244236585828,4651.0,2449.0,0.5265534293700279,9128.0,5182.0,0.5677037686240141,68.0,0.6139369111022074,-0.1789322067334456,0.0580509594692193,-0.067373804794556,-0.0401032945608738,0.0057816390681378,0.0020289663878489,-0.0008735024418168
RKLB,2026-08-17,end,2026-08-22,72.56999969482422,1.0241140124511718,1.2409029688609732,0.2167889564098013,12236.0,7715.0,0.6305165086629617,25967.0,18112.0,0.6975006739322986,105.0,0.4066527365885632,-0.4849974847379597,0.0225798387268586,-0.1136729633652779,-0.1673833919804883,0.016707832493395,0.0039298455728184,-0.0074207906824864
SPCX,2026-08-17,end,2026-08-22,136.97000122070312,1.2177351341247555,1.3027854633638047,0.0850503292390492,145609.0,110445.0,0.7585039386301671,172589.0,153419.0,0.8889268725121532,209.0,0.5038895289204717,-0.3615936898559783,0.0099325537992973,-0.1164092919571405,-0.1455066491644268,0.0202278986003304,0.0082258298160072,-0.0104717188865914
SPY,2026-08-24,start,2026-08-25,766.3474731445312,0.0370743614955357,0.1444816765485491,0.1074073150530134,135756.0,142608.0,1.050472907274817,203315.0,289020.0,1.4215380075252686,343.0,0.6457555391055028,-0.3154780866117263,0.0001604419918979,-0.0448894236897851,0.025735555881408,4.885254743386783e-05,0.0363296940496222,-0.0208484666857458
QQQ,2026-08-24,start,2026-08-25,712.3511962890625,0.0707822440191871,0.1937625989996869,0.1229803549804997,133764.0,130581.0,0.9762043599174666,306984.0,245163.0,0.7986181690250957,377.0,0.5692293198719923,-0.3345403961310034,0.0094758924574705,-0.0355310477853006,-0.0223674852724488,0.0017078161333989,0.028729257052116,-0.0204879043101519
SPX,2026-08-24,start,2026-08-25,7682.33984375,,,,,,,,,,,,,,,,,,
TSLA,2026-08-24,start,2026-08-25,351.489990234375,0.2433878142891221,0.341088108654651,0.0977002943655288,179797.0,116444.0,0.6476415068104585,209003.0,175615.0,0.8402510968742075,222.0,0.3740505788218005,-0.4368276133925852,7.323269925909516e-05,-0.009705592665647,-0.0481731080860327,0.0007714229780187,0.0078530216336433,-0.0150329149132685
NVDA,2026-08-24,start,2026-08-25,212.3820037841797,0.19640560546875,0.2524117115384615,0.0560061060697115,442200.0,217838.0,0.4926232473993668,700581.0,369818.0,0.5278732937376264,146.0,0.4701167139679525,-0.4615410486286372,0.0267673614997367,-0.0066508816290482,0.012221354791301,0.000196529441801,0.0053706404667251,-0.0099169412250091
IBIT,2026-08-24,start,2026-08-25,44.71500015258789,0.1106859765624999,0.2691700442216981,0.1584840676591981,128426.0,77186.0,0.6010153707193248,273274.0,142054.0,0.5198225956366138,113.0,0.6167038163955052,-0.3019432414239431,0.0005138741970753,-0.0022178952671579,0.0015439103709836,6.474319628578347e-06,0.0017831546093748,-0.0012644909137982
AAPL,2026-08-24,start,2026-08-25,310.7149963378906,0.174166912528373,0.2684127441012475,0.0942458315728744,91537.0,36966.0,0.4038366999136961,133269.0,74184.0,0.5566485829412692,136.0,0.6079552592412193,-0.3382293665731644,4.285843286652006e-05,-0.0239926357150868,0.0015265087969652,0.0002546518110624,0.0113987559976098,-0.0096365135287496
AMZN,2026-08-24,start,2026-08-25,262.5799865722656,0.1147815795454545,0.2044024873046875,0.089620907759233,84853.0,46355.0,0.5462977148716015,141741.0,63116.0,0.4452910590443132,105.0,0.5636544038450559,-0.3800088310975689,5.302428766389865e-05,-0.0120108316987347,0.0111270135521121,1.174012131904472e-05,0.0097110053599374,-0.0090179923121943
TLT,2026-08-24,start,2026-08-25,83.08000183105469,0.10938390625,0.0981387535511363,-0.0112451526988636,36482.0,17814.0,0.4882955978290664,196478.0,94504.0,0.4809902380928144,78.0,0.4445071785375657,-0.4242729955381599,0.0007015921667797,-0.0034947153467152,0.0037207163082764,1.3089995632123148e-05,0.0028096175678043,-0.0030266847995184
INTC,2026-08-24,start,2026-08-25,89.62000274658203,0.310249953125,0.0850165904017856,-0.2252333627232143,84868.0,44248.0,0.5213743696092756,165017.0,129810.0,0.7866462243284025,174.0,0.2555995370056664,-0.7262008072558263,0.0004324547130826,-0.0019590124689099,0.0087727624690264,7.520898203314477e-06,0.0015724473152515,-0.0071109243528095
IWM,2026-08-24,start,2026-08-25,299.1000061035156,0.0611307123161764,0.2037730000673491,0.1426422877511726,13844.0,25071.0,1.810965039006068,62644.0,182632.0,2.915394930081093,172.0,0.6235482471451069,-0.2873632820413195,3.669093557803434e-05,-0.0168705611079113,0.0091330947349318,1.344466826264562e-05,0.0136150093347384,-0.007431541500539
MU,2026-08-24,start,2026-08-25,933.72998046875,0.2172690661851414,0.4488312030953508,0.2315621369102093,76294.0,88525.0,1.16031404828689,88319.0,160854.0,1.8212842083809824,511.0,0.4679305912920555,-0.2954347993212968,4.563887812910486e-05,-0.0289577000911614,-0.3673424233733758,0.0036083485721783,0.0234396948207087,-0.0284420065129604
MSTR,2026-08-24,start,2026-08-25,122.69000244140624,0.1247454099367977,0.2598661235119048,0.135120713575107,140144.0,76741.0,0.5475867678958786,259617.0,206438.0,0.795163644907691,173.0,0.5842939086161955,-0.3690311664210806,0.0002412000471955,-0.0054750092004338,0.0051513615767108,1.0408363171007166e-05,0.0044197075697805,-0.0043488124861889
MSFT,2026-08-24,start,2026-08-25,488.0,0.1621621049310919,0.2051602427808544,0.0429981378497624,25892.0,22406.0,0.8653638189402132,68740.0,42650.0,0.6204538842013384,168.0,0.572768045490218,-0.3417756603016595,1.728950415498535e-05,-0.0373195900343374,0.0183585984820227,0.0001672534107528,0.0189721130971182,-0.0148733638164268
GLD,2026-08-24,start,2026-08-25,423.489990234375,0.1081698652607685,0.2353213581031976,0.1271514928424291,46594.0,24153.0,0.5183714641370134,215704.0,74126.0,0.3436468493861959,277.0,0.66221282191094,-0.1472912616223643,0.0003978916896818,-0.0248551995042506,0.0066646711830266,3.457018318083245e-05,0.0198963775899379,-0.0054116957629997
VIX,2026-08-24,start,2026-08-25,15.800000190734863,3.500918051653923,4.1120656342697135,0.6111475826157906,3006.0,2632.0,0.8755821689953427,87549.0,60159.0,0.6871466264606106,79.0,0.1712803164583881,-0.5815931943908236,0.0360730330411561,-0.0201181589294814,-0.4038386313950366,0.000506181090823,5.987028428814408e-05,-0.0005245433777273
ETHA,2026-08-24,start,2026-08-25,18.69499969482422,0.1633606392045454,0.264590798611111,0.1012301594065656,99877.0,30417.0,0.3045445898455099,186726.0,126086.0,0.6752460824952069,89.0,0.5910111802808927,-0.4222750995735481,0.0013020167568514,-0.000745842026142,0.0011068580295707,4.280131903460588e-06,0.0005921303902268,-0.0009066549732327
META,2026-08-24,start,2026-08-25,567.3699951171875,0.2304817526643172,0.3845760442306056,0.1540942915662884,63523.0,15141.0,0.2383546117154416,95243.0,39462.0,0.4143296620224058,316.0,0.4065315746033096,-0.3934696465501954,0.0175071389652222,-0.0168225495619059,-0.2291814893874347,0.0035241547135015,0.0136032923729717,-0.0214984691889248
SLV,2026-08-24,start,2026-08-25,61.130001068115234,0.2208092696533203,0.2663245836629747,0.0455153140096543,38241.0,9369.0,0.24499882325253,104835.0,57855.0,0.5518672199170125,159.0,0.5621040169629137,-0.3164834054338352,0.0002858014847677,-0.0081571911690357,0.0022514681005629,3.023339486182568e-05,0.0022087346138567,-0.0018353706130512
NFLX,2026-08-24,start,2026-08-25,81.44999694824219,0.1227766294642857,0.208666767578125,0.0858901381138392,60406.0,23515.0,0.3892825216038142,95640.0,45097.0,0.4715286491007947,97.0,0.5918581659171027,-0.4166873246001357,0.0001200888863081,-0.0039385708622592,0.004195831904471,5.7080936448226814e-06,0.0031778165067522,-0.0034100591374069
PFE,2026-08-24,start,2026-08-25,27.92799949645996,0.0854731605113636,0.2676484526209677,0.182175292109604,9801.0,5229.0,0.5335169880624426,42727.0,26500.0,0.620216724787605,64.0,0.6667413041374342,-0.3550529953728936,0.0032765141193821,-0.0015074804343547,0.0010174597641427,1.1986632438325006e-05,0.0012065280610015,-0.0009030050821709
SOFI,2026-08-24,start,2026-08-25,18.38999938964844,0.1623067641129031,0.2237980846774192,0.061491320564516,77636.0,43307.0,0.5578211139162245,168756.0,78151.0,0.4631005712389485,62.0,0.5492157025891699,-0.4516252359238616,0.0175231593708311,-0.0007846379584618,0.0010112277820384,1.7406615455502062e-05,0.0006108749816372,-0.0008216863074336
COIN,2026-08-24,start,2026-08-25,181.1699981689453,0.2765896091963605,0.315944058473265,0.0393544492769044,47540.0,26655.0,0.5606857383256205,81937.0,62833.0,0.7668452591625273,159.0,0.5363501980616926,-0.3238510990282917,3.3058447257815894e-05,-0.0148956798409796,-0.0028318170076015,0.000184495771204,0.0060572586290585,-0.0060098797940087
GOOGL,2026-08-24,start,2026-08-25,349.19000244140625,0.2134412817382812,0.3091071996768905,0.0956659179386092,45169.0,24547.0,0.5434479399588213,89973.0,57671.0,0.640981183243862,171.0,0.4776681045228388,-0.2957357328386713,0.0002065422197931,-0.0187872486087768,0.0021050750012278,0.000282384842486,0.0103517073045144,-0.0095479273254541
PLTR,2026-08-24,start,2026-08-25,179.17999267578125,0.1329839306640625,0.3672953530844155,0.234311422420353,119322.0,78902.0,0.6612527446740752,148181.0,115571.0,0.7799313002341731,173.0,0.6562733388079695,-0.1818233812809852,0.0001278203541343,-0.0083961491645635,0.0037152891289769,8.623387291556822e-06,0.0067885155693875,-0.0030146363190383
SHOP,2026-08-24,start,2026-08-25,153.55999755859375,0.0739112880067567,0.3612767653553521,0.2873654773485954,5158.0,2994.0,0.5804575416828228,15452.0,25168.0,1.6287859176805592,141.0,0.7567701636063259,-0.1794079458797428,5.285603890470199e-05,-0.0093086396745938,-0.0040836327383324,5.25753306067763e-05,0.0075300858609874,-0.0024909080929685
XOM,2026-08-24,start,2026-08-25,161.39999389648438,0.1397916090303309,0.5115554721467391,0.3717638631164082,10728.0,4857.0,0.4527404921700224,36598.0,12123.0,0.3312476091589704,97.0,0.7048654377236949,-0.1304754122183195,8.817450559311638e-05,-0.0277132589799132,0.0019607509509363,0.0001716393486615,0.0075582313161411,-0.0018180407604
AMD,2026-08-24,start,2026-08-25,473.4299926757813,0.1879652347905585,0.4746780644287109,0.2867128296381523,31159.0,50372.0,1.6166115729002857,78406.0,94890.0,1.2102390123204856,338.0,0.4946815462832655,-0.3033576921914831,6.933987525642591e-05,-0.0145319695045795,-0.3364768189308539,0.0028426173326027,0.0117634217698529,-0.0142244193812935
BAC,2026-08-24,start,2026-08-25,62.2400016784668,0.084970087890625,0.2135497017045454,0.1285796138139204,32318.0,20321.0,0.6287827217030757,56279.0,33285.0,0.5914284191261394,65.0,0.6250075750242914,-0.4546604029599393,0.0010230120412158,-0.0032496569093258,0.0030805075002181,1.2177413093259485e-05,0.0026242392641231,-0.002614990426182
FIG,2026-08-24,start,2026-08-25,27.73500061035156,0.0974792633928571,0.2700965848214285,0.1726173214285714,6216.0,2383.0,0.3833655083655083,15560.0,7974.0,0.5124678663239075,84.0,0.666697510969812,-0.3333615901946528,0.0008475469089596,-0.0014022872498775,0.0010536030605723,2.6770103471647334e-06,0.0011269283344571,-0.0008569464431993
RKLB,2026-08-24,start,2026-08-25,68.11499786376953,0.2403485056818181,0.1847386109730113,-0.0556098947088068,22852.0,10419.0,0.4559338351129004,39228.0,25975.0,0.6621545834607933,110.0,0.3818256697732399,-0.5999786090185423,0.0015846026738701,-0.0022039973536867,0.0045580653389116,1.808555557504628e-05,0.0017778314823974,-0.0043233856266375
SPCX,2026-08-24,start,2026-08-25,137.3699951171875,0.1862745847039474,0.3422634109619142,0.1559888262579668,210239.0,122966.0,0.584886724156793,247963.0,218200.0,0.8799699955235257,214.0,0.5175644753910962,-0.3891306883422474,0.0001488773268387,-0.005172593100714,-0.0039362235011875,9.850699006532238e-05,0.0041792047565137,-0.0055947538767848
SPY,2026-08-24,intermediate,2026-08-27,770.6199951171875,0.6514169158796038,0.4913414699917747,-0.160075445887829,294338.0,276598.0,0.939729154917136,236266.0,320558.0,1.356767372368432,343.0,0.6567769814109392,-0.2816357683296349,0.0073806822934043,-0.3571031292029358,-0.1997516337841834,0.0192278648047583,0.0123397857524309,-0.0062411995110729
QQQ,2026-08-24,intermediate,2026-08-27,718.3900146484375,0.7746170170031929,0.6635523409304411,-0.1110646760727517,200943.0,259391.0,1.2908685547642864,340331.0,317153.0,0.9318957132908844,377.0,0.5928870632640257,-0.3006960879476668,0.0068289350512153,-0.3278942789968492,-0.2440038110856221,0.0181528704162585,0.0100362363830059,-0.0061694915860029
SPX,2026-08-24,intermediate,2026-08-27,7724.14990234375,,,,,,,,,,,,,,,,,,
TSLA,2026-08-24,intermediate,2026-08-27,352.2300109863281,1.7900461055749792,1.5873522318074995,-0.2026938737674797,493063.0,247475.0,0.5019135485729004,245301.0,200269.0,0.8164214577192918,222.0,0.3752973810006969,-0.4296032614465267,0.004120531096327,-0.1406764742957854,-0.2609296666900039,0.0061724005624697,0.0026276580644604,-0.0049444491475012
NVDA,2026-08-24,intermediate,2026-08-27,227.47999572753903,1.295301521229685,1.7658310880784256,0.4705295668487406,1258943.0,643640.0,0.5112542823622674,1169254.0,581843.0,0.4976189946752373,146.0,0.5503579757604508,-0.3498327338109522,0.006213543344496,-0.0910672753497391,-0.2338290327272155,0.0041118430195782,0.0022718986594287,-0.002635935756403
IBIT,2026-08-24,intermediate,2026-08-27,45.630001068115234,1.5063347851562503,1.250113929097877,-0.2562208560583729,74367.0,35638.0,0.4792179326851964,288820.0,186186.0,0.6446437227338827,113.0,0.646789862370883,-0.2626651528994883,0.0393258924857423,-0.0385796135724699,-0.0252032000309228,0.0010247679234504,0.0006312710286796,-0.0003734773623794
AAPL,2026-08-24,intermediate,2026-08-27,314.625,1.6908890656177418,1.0407222380410472,-0.6501668275766945,250754.0,130291.0,0.5195968957623807,161916.0,98303.0,0.6071234467254626,136.0,0.6214905235416378,-0.3102116779556912,0.0072786519737922,-0.1515329232323666,-0.1350363679993686,0.0056702169483662,0.0039146428149335,-0.0029740467039555
AMZN,2026-08-24,intermediate,2026-08-27,256.489990234375,1.2259052269620028,0.9731682598632811,-0.2527369670987215,90446.0,86988.0,0.9617672423324416,154105.0,68928.0,0.4472794523214691,105.0,0.508739750227929,-0.4326473168114963,0.0090237530757845,-0.1396250487967753,-0.0803319470916781,0.0046567512682987,0.0028450075592661,-0.0033837462297959
TLT,2026-08-24,intermediate,2026-08-27,83.19000244140625,0.5412814379340277,0.2926800751657197,-0.248601362768308,8114.0,7542.0,0.929504560019719,210801.0,114531.0,0.5433133618910726,78.0,0.4328893241458373,-0.4290577409433079,0.060601149840009,-0.0276829023964187,-0.0035875239319951,0.0016173649511316,0.0009099253024094,-0.0010201360516921
INTC,2026-08-24,intermediate,2026-08-27,90.63150024414062,1.5589005879448783,2.0729196773565386,0.5140190894116603,139113.0,61775.0,0.4440634592022313,211762.0,147037.0,0.6943502611422258,174.0,0.266640074483142,-0.6945582279145763,0.0154575122607584,-0.0835120282774319,-0.2869437819804967,0.0026309378205016,0.0005498518941067,-0.0022956661119328
IWM,2026-08-24,intermediate,2026-08-27,299.9349975585937,0.6231212393152572,0.531951064803902,-0.0911701745113552,29028.0,30988.0,1.0675210141931928,74993.0,189572.0,2.5278626005093807,172.0,0.6165965909878816,-0.2863795681488818,0.0151469488465925,-0.1621865318942375,-0.0269311309914425,0.0071990851694435,0.0044797520235185,-0.0024705040952962
MU,2026-08-24,intermediate,2026-08-27,912.22998046875,2.751998133585228,2.429002733314328,-0.3229954002709005,171099.0,113865.0,0.665491908193502,114658.0,171283.0,1.4938600010465908,511.0,0.4372766313325084,-0.3260760333993104,0.0011987238950443,-1.2042842984080322,-0.5635495366366534,0.0177843821899537,0.0070207340150374,-0.0102537441365837
MSTR,2026-08-24,intermediate,2026-08-27,138.48500061035156,0.676241172807672,1.7373654348318912,1.0611242620242192,188963.0,69280.0,0.3666326212009758,285583.0,221008.0,0.7738835995139767,173.0,0.7726722169243586,-0.1935418417042825,0.0100249919892254,-0.1840201525161315,-0.2016692363067418,0.0044012574622574,0.0021441219949014,-0.0008293971603941
MSFT,2026-08-24,intermediate,2026-08-27,502.0899963378906,0.20455004596153,0.9356233940182456,0.7310733480567156,133370.0,65192.0,0.4888055784659219,78895.0,50912.0,0.6453133912161734,168.0,0.636949632597961,-0.2524995013528259,0.0049302452128266,-0.060040271384983,-0.5552627240804817,0.0112695352078011,0.0071965391449307,-0.003754312942932
GLD,2026-08-24,intermediate,2026-08-27,421.9750061035156,1.1112139333529083,0.8390849290194252,-0.2721290043334833,18657.0,102625.0,5.500616390630863,159976.0,100496.0,0.6281942291343702,277.0,0.6384089832413301,-0.1625346056540559,0.007940261876726,-0.3903284572430733,-0.0873868626582445,0.011548290989741,0.0063523215639503,-0.0019829499175576
VIX,2026-08-24,intermediate,2026-08-27,14.470000267028809,2.6148129370117186,0.1248587454927884,-2.48995419151893,15566.0,9978.0,0.6410124630605165,57582.0,32329.0,0.5614428119898579,72.0,0.1550699106067515,-0.8004347153228095,0.0756162825287604,-0.0350576555637955,0.0011506526707346,0.0014940520028542,0.0002766995404054,-0.0038978347886462
ETHA,2026-08-24,intermediate,2026-08-27,19.084999084472656,2.847481563831676,2.6135447172309028,-0.2339368466007734,32949.0,1566.0,0.0475279978148047,172223.0,132534.0,0.7695487826829169,89.0,0.6067157605501007,-0.4042078303030841,0.054408225911392,-0.0227828099674402,-0.019599941927004,0.0003746701701621,0.0002052975299356,-0.0002931951069736
META,2026-08-24,intermediate,2026-08-27,574.0700073242188,1.826373503192404,1.6514368468683414,-0.1749366563240626,145682.0,60141.0,0.4128238217487404,136752.0,60406.0,0.4417193167193167,316.0,0.4173784724943214,-0.3681251433641508,0.0030017405119511,-0.3681907051982664,-1.0701730504272535,0.01349250179139,0.0047001956569145,-0.0067753446508207
SLV,2026-08-24,intermediate,2026-08-27,62.46500015258789,1.8650545075073244,1.4641811706388448,-0.4008733368684796,30391.0,16054.0,0.5282484946201178,121817.0,70470.0,0.5784906868499471,159.0,0.5798985107381711,-0.2867722783643848,0.0281626748833145,-0.1209338613376923,-0.015940352686567,0.0015965246789563,0.0007648450658798,-0.0005619886526272
NFLX,2026-08-24,intermediate,2026-08-27,79.6500015258789,1.377524939811862,1.2638386118570963,-0.1136863279547657,35300.0,16593.0,0.470056657223796,101661.0,52240.0,0.5138647072131889,97.0,0.5479257091412423,-0.4454827735888401,0.0264577393880936,-0.0606593850017469,-0.0631198956758663,0.00176214921146,0.0009619628531411,-0.0012015877643113
PFE,2026-08-24,intermediate,2026-08-27,28.155000686645508,1.6843669834576227,1.241561130922379,-0.4428058525352436,5336.0,5081.0,0.9522113943028486,47685.0,40084.0,0.8405997693194925,64.0,0.6775094929173566,-0.3081659430639821,0.0882355247051311,-0.0466658231598767,-0.0371834343777408,0.000819656493044,0.0004099651671064,-0.0002655572347914
SOFI,2026-08-24,intermediate,2026-08-27,19.295000076293945,2.017266878780242,1.7484908288180443,-0.2687760499621978,54359.0,21002.0,0.3863573649257713,215369.0,88108.0,0.4091025170753451,62.0,0.613251657984934,-0.3755485936040964,0.0768512251860662,-0.0223604576801255,-0.0221389658388451,0.0004746092573597,0.0002362849788537,-0.0002350425628226
COIN,2026-08-24,intermediate,2026-08-27,192.4900054931641,1.7045929687053398,2.0347847120646687,0.3301917433593289,50293.0,21207.0,0.4216690195454636,85090.0,65078.0,0.7648137266423787,159.0,0.5917888895348733,-0.2580310162950509,0.0058249690346856,-0.25935541897116,-0.2818057228005214,0.004740080465872,0.0022993258779083,-0.0016706523136854
GOOGL,2026-08-24,intermediate,2026-08-27,341.010009765625,1.453036681504991,1.5538534485013984,0.100816766996407,46324.0,30848.0,0.6659183144806148,101980.0,62223.0,0.6101490488331045,171.0,0.4412622881939079,-0.3255401714429449,0.0055362078045484,-0.2070131364869168,-0.1468138635398143,0.0056296495856312,0.0031054745036427,-0.0034681537464309
PLTR,2026-08-24,intermediate,2026-08-27,185.88999938964844,2.0091664018503823,1.678555451279677,-0.3306109505707053,222611.0,90292.0,0.4056043951107537,160533.0,126177.0,0.7859879277157967,173.0,0.6854735589137503,-0.1421161936573598,0.005117044361301,-0.1068624423223306,-0.0797956702813684,0.0024693120237969,0.0024078775642991,-0.0008083615232026
SHOP,2026-08-24,intermediate,2026-08-27,154.9949951171875,2.238403025314743,1.9675070421816687,-0.2708959831330737,3060.0,6027.0,1.969607843137255,16582.0,25840.0,1.5583162465323843,141.0,0.7365253504852548,-0.1780768628730961,0.0098596071106662,-0.6183871586860672,-0.3475419259337365,0.0058121522894432,0.0024171422398779,-0.000828705274938
XOM,2026-08-24,intermediate,2026-08-27,157.2550048828125,1.4389683938419118,1.07958800361965,-0.3593803902222616,9103.0,3002.0,0.3297813907503021,38602.0,12638.0,0.3273923630899953,97.0,0.662005471475434,-0.1657207898450672,0.0119633634697838,-0.2283499115373062,-0.0925267393508939,0.0037340915451031,0.0023321379155653,-0.0007611651773349
AMD,2026-08-24,intermediate,2026-08-27,471.30999755859375,3.3979626276673662,1.996435587538656,-1.4015270401287108,70069.0,64019.0,0.9136565385548532,91522.0,104867.0,1.1458119359279737,338.0,0.4772609279214284,-0.3178469743116661,0.0025340727363104,-1.044378249754408,-0.5455000169984485,0.010407349660344,0.0036826643855967,-0.0049207573241758
BAC,2026-08-24,intermediate,2026-08-27,61.775001525878906,0.9917037384033204,1.0742815200343276,0.0825777816310073,20909.0,14445.0,0.6908508297862165,58794.0,40331.0,0.6859713576215261,65.0,0.5995180133948268,-0.4553523350442477,0.041900910816311,-0.0202490797008913,-0.0868281836623711,0.0014797610254232,0.0008313908278424,-0.0008743187356966
FIG,2026-08-24,intermediate,2026-08-27,30.45499992370605,2.7424691317894343,2.831987310907273,0.0895181791178387,15193.0,4911.0,0.3232409662344501,30029.0,9297.0,0.3096007193046721,84.0,0.7851080956087677,-0.1930307243314422,0.0578364376723876,-0.105163112161848,-0.1860551660216614,0.001493990715234,0.0004683699730054,-0.0001766870218421
RKLB,2026-08-24,intermediate,2026-08-27,66.29000091552734,1.4934867326882106,1.6157530941051137,0.1222663614169028,8403.0,3121.0,0.3714149708437463,46534.0,28114.0,0.6041603988481541,110.0,0.3373768363746808,-0.6321948457874721,0.0211306479495884,-0.0815220563728956,-0.1069996198236663,0.0017824550031754,0.0005094150316303,-0.0015025731125654
SPCX,2026-08-24,intermediate,2026-08-27,141.10000610351562,2.673959834048622,2.0798519654785155,-0.5941078685701067,155346.0,53115.0,0.3419141786721254,282450.0,225167.0,0.7971924234377766,214.0,0.5418776804792715,-0.3495811849643813,0.0108399140705347,-0.2135115845853666,-0.1085153087916984,0.0034818372597017,0.0014827644392791,-0.0017155231239771
SPY,2026-08-24,end,2026-08-28,774.8200073242188,0.0972321025460379,0.7070182481602261,0.6097861456141881,1133906.0,1120646.0,0.988305908955416,283531.0,430940.0,1.5199043490835218,343.0,0.6943105694271958,-0.2580200932401458,0.0063288913391857,-0.0544837034436461,-0.2233145758689792,0.0031726159946713,0.0035583445697689,-0.0015541405846911
QQQ,2026-08-24,end,2026-08-28,723.5700073242188,0.717589396814534,0.991899133385368,0.274309736570834,844835.0,885983.0,1.048705368503909,398271.0,411377.0,1.0329072415516067,377.0,0.6378125312426517,-0.2588148144515669,0.0071593314279327,-0.0672521732825116,-0.5483154614653354,0.0039238123886747,0.0029598217146897,-0.0014461712406148
SPX,2026-08-24,end,2026-08-28,7767.259765625,,,,,,,,,,,,,,,,,,
TSLA,2026-08-24,end,2026-08-28,354.19000244140625,1.2512728795920798,2.37028683277172,1.1190139531796404,483382.0,245465.0,0.5078074897286204,256702.0,216907.0,0.8449758864364126,222.0,0.3842247833504992,-0.4180734427764419,0.0038365639728555,-0.0225221332676411,-0.476585853280826,0.0014051430273171,0.0007357710931965,-0.0013082397587605
NVDA,2026-08-24,end,2026-08-28,226.1324005126953,2.836298051154996,2.3322296943734973,-0.5040683567814987,634418.0,399263.0,0.6293374399843636,940732.0,690496.0,0.7339986308534205,146.0,0.5430113055884845,-0.3669186796487252,0.0060939490797655,-0.0363503627222596,-0.0854422761645313,0.0006558913765262,0.0006033097103285,-0.0007419031127398
IBIT,2026-08-24,end,2026-08-28,45.04999923706055,1.6677122962239583,1.6779956161556604,0.010283319931702,96909.0,43137.0,0.4451289353929975,313687.0,203134.0,0.647569073630721,113.0,0.627601110322809,-0.2867276674419535,0.0391056089538388,-0.0112935514502169,-0.019019554081323,0.0001919622739344,0.0001646473930773,-0.0001091436358758
AAPL,2026-08-24,end,2026-08-28,320.760009765625,0.4312525645982897,1.5996641016560216,1.168411537057732,277047.0,117392.0,0.4237259381982118,176030.0,106787.0,0.6066409134806567,136.0,0.6624670186049427,-0.264924845622729,0.004032516902986,-0.0178546076382832,-0.4993087109698241,0.001422945682795,0.0011573245235633,-0.0006983293524714
AMZN,2026-08-24,end,2026-08-28,265.8699951171875,0.3190506192294033,1.6039875506103518,1.2849369313809484,175512.0,62961.0,0.3587276083686586,164979.0,67202.0,0.4073366913364731,105.0,0.5830254845262711,-0.3415813118875385,0.0064021526083379,-0.0179166888315797,-0.7311571070448373,0.001920778729156,0.0009150229999305,-0.0007395006389445
TLT,2026-08-24,end,2026-08-28,83.38500213623047,0.8430814075520833,0.3454735339725379,-0.4976078735795454,58241.0,29303.0,0.5031335313610686,225865.0,121418.0,0.5375689017776105,78.0,0.4400928046444993,-0.4246487881473215,0.0363325271734022,-0.0484022188523716,0.0033575518676551,0.0003989791363001,0.0002509411738229,-0.0002735507742852
INTC,2026-08-24,end,2026-08-28,91.88999938964844,2.289043630642361,2.4157871164376394,0.1267434857952785,83169.0,41205.0,0.4954370017674855,212260.0,148100.0,0.6977292000376897,174.0,0.2785663601365266,-0.6945512812255499,0.0168019297868856,-0.1402728436119748,-0.1165715728208727,0.0005888950915518,0.0001572565274865,-0.0006208788301613
IWM,2026-08-24,end,2026-08-28,298.1700134277344,0.8735945342658545,0.7207540227640088,-0.1528405115018457,131262.0,151701.0,1.1557114778077433,83162.0,242119.0,2.9114138669103675,172.0,0.603697350572945,-0.3055585719253725,0.0162804020135058,-0.0526093215369485,-0.0099949559458353,0.0012252740033513,0.0011854253724601,-0.0007114525888268
MU,2026-08-24,end,2026-08-28,941.72998046875,3.211221135472712,3.412766546483544,0.2015454110108323,177273.0,106864.0,0.6028216366846615,149165.0,185810.0,1.245667549358093,511.0,0.47879261371882,-0.2874555047957784,0.0013235453451598,-0.2518513498812304,-1.046976232888202,0.0035761012264866,0.0021918572205801,-0.0025091467809504
MSTR,2026-08-24,end,2026-08-28,132.89500427246094,2.559996122799991,2.0691121196637834,-0.4908840031362076,127604.0,50012.0,0.391931287420457,290571.0,240825.0,0.8287991575208813,173.0,0.7013546527765026,-0.2438874447075616,0.0118874513672327,-0.0953873946523293,-0.1042819163136806,0.0008487150092613,0.0005099174495194,-0.000274273677894
MSFT,2026-08-24,end,2026-08-28,514.978515625,0.2504856990102704,1.291079695249147,1.0405939962388766,173221.0,37649.0,0.2173466265637538,86705.0,61180.0,0.7056109797589528,168.0,0.6915459052337,-0.1954731370231169,0.0053916250130444,-0.0417763166046071,-0.5751334601227232,0.0028384898078603,0.0021556482591269,-0.0007978023038165
GLD,2026-08-24,end,2026-08-28,419.7300109863281,0.4333279784166491,1.3731587325789578,0.9398307541623088,31171.0,19256.0,0.6177536813063425,160028.0,179205.0,1.1198352788262054,277.0,0.6383423998648365,-0.1655466604302202,0.0074516247190651,-0.0411345140662247,-0.4292275962712541,0.0026771377616512,0.0017219689808564,-0.0005466279569245
VIX,2026-08-24,end,2026-08-28,14.239999771118164,2.840398749044667,0.1197506295072115,-2.720648119537456,3760.0,943.0,0.2507978723404255,72876.0,36979.0,0.5074235688018003,72.0,0.1444260522956551,-0.8196118260388433,0.039386621660332,-0.0368945156310056,0.0012954479519492,0.0011795655122368,0.0002130519820536,-0.0032859197516616
ETHA,2026-08-24,end,2026-08-28,18.95009994506836,1.6782709605823862,2.7651946362847224,1.0869236757023362,19133.0,12530.0,0.6548894580044948,184871.0,132868.0,0.7187065575455317,89.0,0.599392621972557,-0.4117827183448878,0.0554998820931706,-0.0053503743425175,-0.0060204536509208,6.451654717649974e-05,5.464087675195151e-05,-8.04122533310647e-05
META,2026-08-24,end,2026-08-28,586.1400146484375,0.9503151574508004,2.431660551753189,1.4813453943023884,184821.0,67931.0,0.3675502242710514,166688.0,70306.0,0.4217820119024765,316.0,0.4463163261357064,-0.3316942237954899,0.0028438523612851,-0.061132145547654,-2.700596549445949,0.0036733449581167,0.0013987758832463,-0.0016749689953892
SLV,2026-08-24,end,2026-08-28,63.17839813232422,0.473774587524414,2.5773615097779863,2.103586922253572,61840.0,38569.0,0.6236901681759379,129041.0,73904.0,0.5727171984098077,159.0,0.6127290849084112,-0.2566965072964468,0.0284681405024015,-0.0071167520104605,-0.1211921208344477,0.0003874819272677,0.0002228842495763,-0.0001382131604318
NFLX,2026-08-24,end,2026-08-28,82.16000366210938,0.7528373042889029,2.085472844136556,1.332635539847653,40137.0,15824.0,0.394249694795326,98810.0,51478.0,0.5209796579293594,97.0,0.6057632336958272,-0.3879048905940485,0.0257014322933456,-0.010939586820043,-0.2101890262536174,0.0005387518311797,0.0002954032102169,-0.0002906012071285
PFE,2026-08-24,end,2026-08-28,27.871000289916992,2.6460735024562023,1.6260112537802418,-1.0200622486759603,2752.0,3645.0,1.3244912790697674,46656.0,43360.0,0.9293552812071332,64.0,0.6645006201459258,-0.3459873220189868,0.0845142253593746,-0.0532942595393264,-0.0147193874067258,0.0001624615553557,0.0001084601911258,-7.967955652162642e-05
SOFI,2026-08-24,end,2026-08-28,18.825000762939453,2.5572115372983864,2.559856993762601,0.0026454564642142,51759.0,15002.0,0.2898433122741938,217788.0,92279.0,0.4237102136022186,62.0,0.5834356735977777,-0.4089202808891929,0.064496514614134,-0.0215785199225015,-0.0306696559242829,9.603727773561824e-05,5.985612807739402e-05,-6.833829077925398e-05
COIN,2026-08-24,end,2026-08-28,186.2308044433593,2.4476028091951694,2.683203761628386,0.2356009524332165,36766.0,15506.0,0.4217483544579231,85746.0,62579.0,0.7298183005621254,159.0,0.5612928435195281,-0.2939171380188473,0.005648218843577,-0.1449604556383378,-0.2302153251513056,0.0008537500940112,0.0005809634408119,-0.0005019731256242
GOOGL,2026-08-24,end,2026-08-28,348.489990234375,0.6830688829210069,2.383876723843798,1.7008078409227911,72051.0,24136.0,0.3349849412221898,106544.0,64516.0,0.605533863943535,171.0,0.4786472659737761,-0.2833934780409536,0.0037356713966532,-0.0162028933225319,-0.5701347207153666,0.0016911151713497,0.0009373571783686,-0.0008308640233845
PLTR,2026-08-24,end,2026-08-28,186.6699981689453,2.190755580190023,2.419291036931818,0.2285354567417949,68155.0,40747.0,0.5978578240774705,160388.0,142771.0,0.8901601117290571,173.0,0.6897447413757737,-0.1369561955377601,0.0050283495014708,-0.0256458692118268,-0.0959215013643874,0.0004931187155241,0.0006583976570815,-0.0002113955693823
SHOP,2026-08-24,end,2026-08-28,156.3000030517578,3.2502473496555635,2.908096640552122,-0.3421507091034415,2380.0,3027.0,1.2718487394957982,17136.0,22462.0,1.3108076563958917,141.0,0.7632839206880757,-0.1617798549149135,0.0078970321783204,-0.4011971466318528,-0.274408983309871,0.0011016229775216,0.0006871872685933,-0.0002047700741168
XOM,2026-08-24,end,2026-08-28,155.8300018310547,1.983037956734452,1.4739970644743543,-0.5090408922600969,2497.0,2288.0,0.9162995594713657,38924.0,10157.0,0.2609444044805261,97.0,0.6603988409908886,-0.176163738963262,0.0097746901118362,-0.1077054575891587,-0.0850912252468532,0.0006433993474663,0.0006304418886409,-0.0002180004622118
AMD,2026-08-24,end,2026-08-28,477.1900024414063,4.07192476243364,3.1983463190236407,-0.8735784434099991,54161.0,45366.0,0.8376137811340263,101516.0,107786.0,1.0617636628708775,338.0,0.5020065888793585,-0.2986304200762284,0.0025822705677519,-0.1107831825136862,-1.062801943866719,0.0018274660960485,0.0010880020084874,-0.0012637077041661
BAC,2026-08-24,end,2026-08-28,62.27000045776367,1.2365774005126953,1.8455583880800184,0.6089809875673233,11301.0,8182.0,0.724006725068578,61266.0,33492.0,0.5466653608853198,65.0,0.6237663455858478,-0.4297410354705561,0.0245568047993195,-0.0414512225110318,-0.382820260126408,0.0006330808457394,0.0002363831387342,-0.0002249897139675
FIG,2026-08-24,end,2026-08-28,29.90999984741211,3.59542740187872,3.830638772728329,0.2352113708496093,2306.0,2074.0,0.8993928881179531,31954.0,13477.0,0.4217625336421105,84.0,0.7622590552992212,-0.2226715602293915,0.0566000286634287,-0.0912891348884166,-0.1999302315668331,0.0003510813543511,0.0001220750727832,-5.3817958505000607e-05
RKLB,2026-08-24,end,2026-08-28,65.4738998413086,2.018167153586647,2.5641723417080966,0.5460051881214496,7333.0,4737.0,0.6459839083594708,51115.0,24754.0,0.4842805438716619,110.0,0.3248104132491797,-0.6524570494275952,0.0201177474677797,-0.0531179248651448,-0.1235973690075924,0.0003643833097983,0.0001321779434976,-0.000416606405351
SPCX,2026-08-24,end,2026-08-28,142.88999938964844,2.742731837939881,2.997483444262696,0.2547516063228143,150655.0,61442.0,0.4078324649032558,285839.0,223731.0,0.7827168440975514,214.0,0.5659265595298627,-0.330176084180755,0.0100245105917179,-0.049274011109769,-0.1537840088176511,0.0006924908182071,0.0004276839654187,-0.0004438398530076
SPY,2026-08-31,start,2026-08-31,766.35302734375,0.3988076868929408,0.3526870952755472,-0.0461205916173936,51280.0,41027.0,0.8000585023400936,308565.0,342851.0,1.1111143519193687,425.0,0.4436717541828863,-0.3540896552952337,0.0063812634316357,-0.262532526534456,-0.2070327480187485,0.072485297177158,0.0330479923802128,-0.0314421470804816
QQQ,2026-08-31,start,2026-08-31,715.77001953125,0.471076500758707,0.4615690750475165,-0.0095074257111905,14434.0,21535.0,1.491963419703478,166273.0,189218.0,1.137995946425457,516.0,0.5225392993578166,-0.2473327392572939,0.0051765953236399,-0.2435273689865745,-0.2374979380764214,0.0638826453519664,0.0357563314497113,-0.0203825328193705
SPX,2026-08-31,start,2026-08-31,7681.1298828125,,,,,,,,,,,,,,,,,,
TSLA,2026-08-31,start,2026-08-31,359.0799865722656,0.5551135977004643,1.2902878228081598,0.7351742251076955,28019.0,52105.0,1.8596309647025235,148073.0,132142.0,0.8924111755688072,217.0,0.4067931415598061,-0.3168323116051892,0.0037584974819929,-0.0832906619357707,-0.6585014434705773,0.0314918695993267,0.012303353178278,-0.0149287886048259
NVDA,2026-08-31,start,2026-08-31,218.35499572753903,1.6720697235554016,1.220825118681495,-0.4512446048739067,33766.0,45556.0,1.3491678019309363,545233.0,376527.0,0.6905799905728377,149.0,0.4909063335141385,-0.3742429791614497,0.0065559702225958,-0.2897150493831638,-0.2251893389704272,0.0190058680562846,0.0078109327724432,-0.0110297569528578
IBIT,2026-08-31,start,2026-08-31,44.07500076293945,0.9024633449748408,0.6696013483415572,-0.2328619966332837,7179.0,11324.0,1.5773784649672655,216464.0,125786.0,0.5810943159139625,116.0,0.5747642608523801,-0.3859176580157168,0.0411485943170035,-0.0384610962257939,-0.0237191310611887,0.0041133730594609,0.0021804609803435,-0.0021245139423876
AAPL,2026-08-31,start,2026-08-31,317.7049865722656,0.844534325187437,0.5995385505050909,-0.2449957746823461,10924.0,7449.0,0.681893079458074,98430.0,54608.0,0.5547902062379356,123.0,0.5684112592855134,-0.2620878300773308,0.0079662986759518,-0.265818858714982,-0.112897835542347,0.030005201556557,0.015934576790212,-0.0099116520482929
AMZN,2026-08-31,start,2026-08-31,262.1600036621094,0.7391781376065338,0.644850642553711,-0.0943274950528227,7919.0,9711.0,1.2262911983836342,97894.0,56949.0,0.5817414754734713,105.0,0.5448569062184268,-0.3373443850492449,0.0091503485571718,-0.1454204719419239,-0.1219929811495016,0.0249686272108629,0.0126856993697339,-0.0107518725630646
TLT,2026-08-31,start,2026-08-31,82.2750015258789,0.3610280426735102,0.3622082694284539,0.0011802267549437,9879.0,6208.0,0.6284036845834599,225662.0,63182.0,0.2799851104749581,81.0,0.4033381926754856,-0.4513798555814939,0.0686153282695585,-0.0271413789976353,-0.0411089306599738,0.0096664196852483,0.0033686479668656,-0.0043741035781765
INTC,2026-08-31,start,2026-08-31,90.43000030517578,1.111499296313757,1.2536342788567338,0.1421349825429767,10069.0,11731.0,1.16506107855795,127805.0,85311.0,0.6675090958882672,158.0,0.2754149221487279,-0.6121234031499329,0.0163866315974372,-0.0994727241902549,-0.2208043526998302,0.0119694461098288,0.0023089429078625,-0.0078861769844477
IWM,2026-08-31,start,2026-08-31,293.7200012207031,0.4300985175851675,0.3218106910279422,-0.1082878265572253,4024.0,9299.0,2.3108846918489068,80845.0,175724.0,2.173591440410662,215.0,0.430039320331078,-0.3258318004052501,0.012053318349925,-0.1799861087368651,-0.0189083071539922,0.0247027395517423,0.0125069961726507,-0.0110671527627931
MU,2026-08-31,start,2026-08-31,946.6599731445312,0.6517086550093432,1.6536719008869234,1.0019632458775802,7753.0,29507.0,3.805881594221592,59122.0,96168.0,1.6266026183146711,496.0,0.4597614269322299,-0.2349527134274815,0.0010347260210296,-0.3251954963661008,-1.129100741450993,0.0684254505966315,0.0322339228465647,-0.0301021578024497
MSTR,2026-08-31,start,2026-08-31,127.44000244140624,1.4332346476236977,1.180882996272451,-0.2523516513512467,9912.0,19614.0,1.978813559322034,243014.0,167401.0,0.6888533170928424,205.0,0.5329430873974305,-0.3063241948301745,0.010742197858415,-0.1855538254820452,-0.1688517906442623,0.015719791532145,0.0055328722736156,-0.0049749027390736
MSFT,2026-08-31,start,2026-08-31,510.2049865722656,0.7275627032001202,0.5816894898947692,-0.1458732133053509,3665.0,3664.0,0.9997271487039564,84409.0,44170.0,0.523285431648284,169.0,0.6335188253730639,-0.188838851005434,0.0055253170585974,-0.3256135685653321,-0.1974105753544178,0.0520626050191894,0.0292511145383823,-0.0111028248039952
GLD,2026-08-31,start,2026-08-31,405.5199890136719,0.7642767806886372,0.3339364542069394,-0.4303403264816978,8496.0,9908.0,1.1661958568738229,174703.0,67086.0,0.3840002747520077,269.0,0.478510386494788,-0.2952054964305193,0.0083218729571508,-0.436947181331449,-0.0703757569558343,0.0470538978409455,0.0184386622924508,-0.0136751574770875
VIX,2026-08-31,start,2026-08-31,15.350000381469728,3.447309814660905,3.465299681114784,0.0179898664538784,1799.0,515.0,0.2862701500833796,73877.0,46373.0,0.6277055105107138,73.0,0.178514033036411,-0.6796121930307959,0.0454823986855544,-0.0300335752646565,-0.20621155002401,0.0009375219772462,0.0001210505640349,-0.0012122314109152
ETHA,2026-08-31,start,2026-08-31,18.434999465942383,1.9864342575555096,1.8654600461647728,-0.120974211390737,3431.0,2366.0,0.689594870300204,85041.0,75929.0,0.8928516833056996,82.0,0.5344166933665603,-0.3848108509831743,0.0738902233197614,-0.0490926947186506,-0.0806638891506351,0.0028093743470484,0.0007229837095531,-0.0011365364250772
META,2026-08-31,start,2026-08-31,573.8300170898438,1.048161063510471,0.8561326113153274,-0.1920284521951436,7702.0,4095.0,0.5316800830952999,83159.0,36661.0,0.4408542671268293,304.0,0.3562036629990726,-0.3408739686983381,0.0030943643293274,-0.3817937075284603,-0.3387873932499566,0.051711354152165,0.0179183734133549,-0.0244871974999913
SLV,2026-08-31,start,2026-08-31,60.02000045776367,1.1212682657470705,0.6099818451672064,-0.5112864205798641,7139.0,6302.0,0.8827566886118504,80000.0,40291.0,0.5036375,162.0,0.5395749393577172,-0.3452440035594375,0.028594855980409,-0.0568954786607793,-0.0211091162580273,0.0054569166971756,0.0027056389351649,-0.0025946792350959
NFLX,2026-08-31,start,2026-08-31,81.1500015258789,0.9248728320843244,0.723691609375,-0.2011812227093243,5389.0,2311.0,0.4288365188346632,70668.0,27239.0,0.3854502745231222,91.0,0.557867927449068,-0.38502696745019,0.0284219999675038,-0.0944104847167391,-0.0625822391530258,0.0095026076882455,0.0039275804740522,-0.0040460539887432
PFE,2026-08-31,start,2026-08-31,27.825000762939453,1.586296751302083,0.9012365608162716,-0.6850601904858112,2540.0,713.0,0.2807086614173228,31885.0,16332.0,0.5122157754429982,62.0,0.6117677038432895,-0.3307063274319478,0.0952893496068195,-0.1012361892082824,-0.0399213248437496,0.0047444636215128,0.001411718103821,-0.0011511843057594
SOFI,2026-08-31,start,2026-08-31,17.61989974975586,1.8925178780241936,1.516889210638231,-0.3756286673859625,14998.0,5494.0,0.3663155087344979,129863.0,51624.0,0.3975266242116692,62.0,0.4757609439177742,-0.43679924115859,0.0795028363858048,-0.0583559868002264,-0.066271944233151,0.0025415965564636,0.0006521567282144,-0.0010921208927566
COIN,2026-08-31,start,2026-08-31,177.5850067138672,1.296265815212302,1.6017741654084856,0.3055083501961837,2585.0,3798.0,1.4692456479690523,72603.0,31959.0,0.4401884219660344,149.0,0.4422455576254952,-0.305336900521019,0.0071093452151518,-0.3027044269771595,-0.3027530283035124,0.0215325164906721,0.006823079454912,-0.0073966110989605
GOOGL,2026-08-31,start,2026-08-31,341.06988525390625,0.9528209738680208,0.9514700428621534,-0.0013509310058674,3811.0,2210.0,0.5799002886381527,63746.0,42817.0,0.6716813603990839,153.0,0.4035617045842848,-0.3232444252633643,0.0064033779392371,-0.2534764288387906,-0.1928986262420751,0.0325210843397513,0.0119420132225823,-0.0135968643066076
PLTR,2026-08-31,start,2026-08-31,185.4349975585937,1.5745056219606983,0.9253525207960752,-0.6491531011646232,8672.0,11877.0,1.3695802583025831,122886.0,102997.0,0.8381508064384877,181.0,0.6472961309432819,-0.1930849938177894,0.0054439650217697,-0.2129878554634774,-0.083758200836748,0.0133681913962414,0.0091324483478437,-0.004604249768906
SHOP,2026-08-31,start,2026-08-31,145.6999969482422,1.4111770364708534,0.9166270195154992,-0.4945500169553541,991.0,1087.0,1.0968718466195762,10444.0,14425.0,1.3811757947146688,127.0,0.5617370144262256,-0.3185469378115893,0.0152720553017576,-0.5774628538818444,-0.215746507672756,0.0277165710122103,0.0073162971369792,-0.0056793613615875
XOM,2026-08-31,start,2026-08-31,160.77499389648438,0.7165034522247314,0.7105087728389619,-0.0059946793857695,2572.0,1559.0,0.6061430793157077,16666.0,7138.0,0.4282971318852754,63.0,0.4860945287163534,-0.2885963425979863,0.0174551830052941,-0.2138849479541418,-0.1471072022430795,0.0238127370777217,0.007479611964021,-0.0055633166143357
AMD,2026-08-31,start,2026-08-31,470.3301086425781,1.561553708422596,1.2517788775102243,-0.3097748309123715,6251.0,16508.0,2.640857462805951,75333.0,71597.0,0.950406860207346,340.0,0.4527623987647793,-0.269356646071913,0.0026668374740458,-0.315795669468214,-0.406723079890788,0.0388985187702289,0.01509652694045,-0.0160809285280758
BAC,2026-08-31,start,2026-08-31,62.20500183105469,0.892515453007139,0.5885982015625,-0.303917251444639,6199.0,1173.0,0.1892240683981287,46220.0,14442.0,0.3124621376027693,54.0,0.5103755901636734,-0.3351640759261712,0.0476556205827244,-0.0965680932654338,-0.0470145117391943,0.0079455100372784,0.002895294143763,-0.0024890288958211
FIG,2026-08-31,start,2026-08-31,27.39999961853028,1.666881307571766,1.6424416820126486,-0.0244396255591174,1691.0,933.0,0.5517445298639858,15205.0,7422.0,0.4881289049654719,85.0,0.5363378338240333,-0.3419232745863325,0.0609000938994357,-0.0997663535978036,-0.0950295167652722,0.0053159956604632,0.0012121922335269,-0.0012181689502534
RKLB,2026-08-31,start,2026-08-31,63.4900016784668,1.2996877356599508,1.1836241885318397,-0.1160635471281112,2406.0,1317.0,0.5473815461346634,31899.0,19474.0,0.6104893570331358,110.0,0.2700188584147157,-0.6553550370560259,0.0222821566259562,-0.1108421432241792,-0.0946931263469363,0.0082201729019661,0.0015798607295197,-0.006037151294479
SPCX,2026-08-31,start,2026-08-31,141.97999572753906,2.1192604054061226,1.0437569157377202,-1.0755034896684024,23368.0,20012.0,0.8563847997261211,173590.0,144590.0,0.8329396854657526,186.0,0.6067462054113782,-0.3110664748798169,0.0112127560020824,-0.3458532939797626,-0.0999106233044518,0.0169844765779756,0.0066588963429405,-0.0059442847528173
SPY,2026-08-31,intermediate,2026-09-03,767.9400024414062,0.6920399326536566,0.3347898567863132,-0.3572500758673433,124748.0,88518.0,0.709574502196428,370958.0,418345.0,1.127742224187105,425.0,0.4568473223891759,-0.3713349457346095,0.0051716176379156,-0.4948243646336239,0.0031363987479729,0.0148456329182167,0.0085496446684801,-0.0082102471218858
QQQ,2026-08-31,intermediate,2026-09-03,711.6599731445312,0.7602709172782063,0.5013632919715062,-0.2589076253067001,71445.0,70397.0,0.9853313737840296,222112.0,293967.0,1.3235079599481343,516.0,0.5017933148026752,-0.2900698579012864,0.0046825720491709,-0.4002955077703996,-0.0329070769434685,0.0131869366347844,0.0085451393472878,-0.0059137740862795
SPX,2026-08-31,intermediate,2026-09-03,7695.509765625,,,,,,,,,,,,,,,,,,
TSLA,2026-08-31,intermediate,2026-09-03,376.1099853515625,1.0874023303318776,1.7275881617974174,0.6401858314655398,338804.0,134365.0,0.3965862268450195,269367.0,209261.0,0.7768620506595092,217.0,0.4532670752898221,-0.2765069007060941,0.0038436634101774,-0.1928615505426001,-0.5679118747999592,0.0094911138821418,0.0035511283152811,-0.0032646418159735
NVDA,2026-08-31,intermediate,2026-09-03,228.2098999023437,2.223943598804009,1.7171063480206388,-0.50683725078337,310337.0,140933.0,0.454128898584442,586562.0,504455.0,0.8600199126435057,149.0,0.5461734428825692,-0.3398342252009116,0.0061217451852154,-0.147755555153348,-0.121282678099081,0.0034185367266026,0.0023040694201578,-0.0025289386110388
IBIT,2026-08-31,intermediate,2026-09-03,44.720001220703125,1.2998085191009003,1.170302165912829,-0.1295063531880713,20975.0,9378.0,0.447103694874851,229727.0,152211.0,0.6625734023427807,116.0,0.6119318558341049,-0.361199523585462,0.0388743665791646,-0.0204252353374279,-0.0247340957535581,0.0008614258785841,0.0005927175985011,-0.0004998880786219
AAPL,2026-08-31,intermediate,2026-09-03,327.1050109863281,1.1667631323439074,1.2265064686059168,0.0597433362620094,88924.0,45117.0,0.5073658404930053,169156.0,121038.0,0.7155406843387169,123.0,0.6511091296941371,-0.196655008777989,0.0070370438132521,-0.1671863434973321,-0.172904643603621,0.0063804881633515,0.0047274650380916,-0.0018937523736927
AMZN,2026-08-31,intermediate,2026-09-03,257.3900146484375,1.326499866432883,0.777110100830078,-0.5493897656028053,63296.0,21292.0,0.3363877654196158,137359.0,74265.0,0.5406635167699241,105.0,0.5030164191420073,-0.3924774762300324,0.0085091123296498,-0.3727762885512291,-0.0298781106329353,0.0058730837748952,0.0028810252968996,-0.0030723928651059
TLT,2026-08-31,intermediate,2026-09-03,82.18000030517578,0.566229683866279,0.2123332714843749,-0.353896412381904,8751.0,8563.0,0.978516740943892,240485.0,67233.0,0.2795725305112585,81.0,0.3995739963986944,-0.5081302661624532,0.0569486400475563,-0.0423515919652482,0.0010394141867727,0.001642031252021,0.0008348126072268,-0.0012186776830491
INTC,2026-08-31,intermediate,2026-09-03,88.7750015258789,1.7241409196244155,1.2345594210428588,-0.4895814985815567,23043.0,10069.0,0.4369656728724558,174812.0,94224.0,0.5390018991831225,158.0,0.2440638811748162,-0.6842384334787889,0.0139827851375888,-0.1747735337343214,-0.1123184065526082,0.0023105980107325,0.0005048634009005,-0.0021361266953949
IWM,2026-08-31,intermediate,2026-09-03,293.79998779296875,0.6677718449988732,0.4607745864345791,-0.206997258564294,8098.0,16973.0,2.0959496171894294,139512.0,205259.0,1.4712641206491197,215.0,0.4358365954990055,-0.3182185132267078,0.012199590820048,-0.3328644543117675,-0.0048406818971323,0.0070281071695023,0.0031817804715952,-0.0027040560468335
MU,2026-08-31,intermediate,2026-09-03,934.9906005859376,3.011826221355732,2.1428778865568514,-0.8689483347988802,70177.0,33211.0,0.4732462202715989,109919.0,124539.0,1.1330070324511683,496.0,0.4243803486642707,-0.2737674781193194,0.00127674695598,-2.7431596317904607,-0.1875519661682938,0.0210789544286487,0.0071422118673264,-0.0084338027453941
MSTR,2026-08-31,intermediate,2026-09-03,134.19000244140625,0.5775985650860821,2.043751510286626,1.4661529452005442,34622.0,17544.0,0.5067298249667841,239142.0,177563.0,0.7425002718050363,205.0,0.5994382621548442,-0.2184839865214692,0.009513586482212,-0.0635617473281824,-0.6170408481796107,0.0045812511319646,0.0016374820235358,-0.000924320150334
MSFT,2026-08-31,intermediate,2026-09-03,511.489990234375,1.0407073462987209,0.90403823833759,-0.1366691079611307,46279.0,9810.0,0.2119751939324531,99390.0,57561.0,0.5791427709025053,169.0,0.6466485307331243,-0.1837461981729523,0.0053522785050269,-0.2413376890569122,-0.226180377492776,0.0117722404588948,0.0075158407796229,-0.0026912396379373
GLD,2026-08-31,intermediate,2026-09-03,409.489990234375,0.9284814541545664,0.642177035475511,-0.2863044186790555,11737.0,7501.0,0.6390900570844339,188335.0,96525.0,0.5125175883399262,269.0,0.5367171226482841,-0.2407081425726721,0.0088366658500017,-0.1741297673254141,-0.1798578706277195,0.0109612370392533,0.0052870409548342,-0.0028081123835228
VIX,2026-08-31,intermediate,2026-09-03,15.100000381469728,2.617318069802989,0.8268301826985679,-1.7904878871044212,5022.0,353.0,0.0702907208283552,67099.0,6962.0,0.1037571349796569,70.0,0.1523313014105755,-0.6860243802689573,0.0461728277357425,-0.0342237644878021,-0.0112281723966732,0.001708073189395,0.0002927803248708,-0.0032909315123251
ETHA,2026-08-31,intermediate,2026-09-03,18.395000457763672,2.230780889185855,2.494410145596591,0.2636292564107361,5638.0,1714.0,0.3040085136573253,95118.0,82732.0,0.8697827961058895,82.0,0.5309647912924339,-0.4379985659266148,0.0589554738189758,-0.0339831681849796,-0.0254929435492189,0.0003617880293609,0.0001816911226589,-0.000305468657251
META,2026-08-31,intermediate,2026-09-03,610.9998168945312,1.848480769946628,1.2410634611560452,-0.6074173087905828,89444.0,20853.0,0.2331402888958454,116666.0,52477.0,0.4498054274595854,304.0,0.4253330029453757,-0.2441293470805467,0.0026343521752735,-1.3427044512636472,-0.1239855587213075,0.0161498170134203,0.0055981608945449,-0.0045258941560049
SLV,2026-08-31,intermediate,2026-09-03,59.89759826660156,1.4010410286865234,1.549343742497142,0.1483027138106185,7827.0,5730.0,0.7320812571866615,99677.0,51628.0,0.5179529881517301,162.0,0.5404520664737628,-0.3459130767080174,0.0280392106061895,-0.0318461210607099,-0.0260681641834559,0.0011973865163548,0.0006813871855452,-0.0006483376043793
NFLX,2026-08-31,intermediate,2026-09-03,82.58000183105469,1.7010268931513246,1.132631859917535,-0.5683950332337899,24912.0,3754.0,0.1506904303147077,96680.0,38182.0,0.3949317335539925,91.0,0.5912218771899892,-0.3697101786845547,0.0275872665655512,-0.1913754640739888,-0.0668850584710434,0.0025717314901841,0.0010604544539374,-0.0009731174569226
PFE,2026-08-31,intermediate,2026-09-03,28.63500022888184,2.614291459665009,1.2842167190867455,-1.3300747405782634,2147.0,807.0,0.375873311597578,59035.0,22603.0,0.382874565935462,62.0,0.6800646012501503,-0.2938642124590522,0.0953938754243027,-0.2257699796716425,-0.0499533234734777,0.0013575668294903,0.0004088904398413,-0.0002561396009661
SOFI,2026-08-31,intermediate,2026-09-03,18.114999771118164,2.78944310609879,1.002904466985887,-1.786538639112903,31635.0,13474.0,0.4259206574996049,166116.0,74517.0,0.4485841219388861,62.0,0.5106570580280729,-0.466383022231387,0.063710433782968,-0.1169090537681205,-0.0026906833679014,0.000545359576836,0.0001827016982756,-0.0002813720456488
COIN,2026-08-31,intermediate,2026-09-03,187.0399932861328,1.5653701810821117,2.193638475245425,0.6282682941633138,17679.0,5030.0,0.2845183551105831,75091.0,40634.0,0.5411300954841459,149.0,0.496194718657193,-0.256172379468255,0.0058967863452174,-0.3986207907051712,-0.4509242332243771,0.0057355694758935,0.0019911482117789,-0.001587801801793
GOOGL,2026-08-31,intermediate,2026-09-03,341.95001220703125,1.4811345556342892,1.356851545616472,-0.1242830100178171,41516.0,6740.0,0.1623470469216687,118191.0,57390.0,0.48556996725639,153.0,0.4073072881059393,-0.3296793976765149,0.0064150739198912,-0.3286387403969542,-0.1360787465338336,0.0076834879504435,0.0030331171692832,-0.0034486355337969
PLTR,2026-08-31,intermediate,2026-09-03,185.14010620117188,0.6219457564622527,1.9123033711261053,1.290357614663853,95635.0,37246.0,0.3894599257593977,158356.0,131625.0,0.8311967970901007,181.0,0.6622137720815505,-0.1818103954542315,0.0047352420045666,-0.0371322739215715,-0.3464542928739281,0.0032956869412166,0.0023706874304116,-0.0010943640637309
SHOP,2026-08-31,intermediate,2026-09-03,143.4550018310547,1.5817114388146032,1.5645827969655683,-0.0171286418490348,3104.0,1827.0,0.5885953608247423,13219.0,15045.0,1.1381345033663666,127.0,0.5843586485084221,-0.3052079700357207,0.020511727159018,-0.4843253385406004,-0.4590510160017296,0.008396515400712,0.0019662036280788,-0.0013574980261145
XOM,2026-08-31,intermediate,2026-09-03,164.51499938964844,1.1194192314147948,0.9734944213079638,-0.145924810106831,998.0,1268.0,1.2705410821643286,22253.0,10493.0,0.4715319282793331,63.0,0.5491161613501367,-0.236556481694337,0.0175058130405692,-0.3489012113591678,-0.1564477175045428,0.0064123932997547,0.0021596934129722,-0.0011495333065985
AMD,2026-08-31,intermediate,2026-09-03,446.7000122070313,2.489289073058124,2.013669920555985,-0.4756191525021389,22851.0,32971.0,1.442869021049407,94452.0,84216.0,0.8916274933299454,340.0,0.3991640368533863,-0.3474031293835197,0.0026038688623059,-0.3894836163570296,-0.1550230272398169,0.0075182710128764,0.0031207374510663,-0.0049744965158516
BAC,2026-08-31,intermediate,2026-09-03,62.6150016784668,1.1805667616850757,0.819340022265625,-0.3612267394194505,6281.0,2132.0,0.339436395478427,55116.0,19676.0,0.3569925248566659,54.0,0.5335911289319702,-0.3378807034567045,0.0498382300851665,-0.0912984609901653,-0.0455439130620066,0.0020985521221479,0.0007688436974578,-0.0006235984383357
FIG,2026-08-31,intermediate,2026-09-03,26.13999938964844,1.978200601494368,2.486516857910156,0.5083162564157886,606.0,664.0,1.0957095709570956,17379.0,8701.0,0.5006617181656021,85.0,0.48051697148237,-0.4129722108194733,0.0610671863444932,-0.076539145209706,-0.1689770510114362,0.0012806876810852,0.0002691295329369,-0.0003524704496359
RKLB,2026-08-31,intermediate,2026-09-03,63.02999877929688,2.0409494711999723,1.4601134156655369,-0.5808360555344356,5778.0,1507.0,0.2608168916580131,52739.0,21572.0,0.4090331633136768,110.0,0.2351289421090832,-0.6901146161365463,0.0190703776823207,-0.2897637540796866,-0.0711192566079455,0.0021193822159015,0.0003369318387829,-0.0015630202654428
SPCX,2026-08-31,intermediate,2026-09-03,148.38999938964844,2.551891639842158,2.080262820343667,-0.4716288194984908,93280.0,45969.0,0.4928066037735849,239640.0,200895.0,0.8383199799699549,186.0,0.6983753853195647,-0.2457521184792741,0.0089992006247499,-0.2760399599281433,-0.1574251473178815,0.003636390347247,0.0020488530091574,-0.0012212680925056
SPY,2026-08-31,end,2026-09-04,772.0999755859375,0.8120221980253988,0.5547016634335725,-0.2573205345918262,267608.0,317448.0,1.1862425637499627,423268.0,513949.0,1.2142401504484155,425.0,0.4908678491351332,-0.3452614334254166,0.0049298145394514,-0.1006611014564186,-0.0112448968336659,0.0018997170473798,0.0025113555946682,-0.0020747433171297
QQQ,2026-08-31,end,2026-09-04,721.3699951171875,0.6385977491303604,0.8826488274642061,0.2440510783338457,247860.0,289317.0,1.1672597434035343,296801.0,379397.0,1.2782874720772504,516.0,0.5556562008296584,-0.2305819617629905,0.0053663246822857,-0.0594832191867479,-0.3265967921084073,0.0034454571551824,0.0026017958973053,-0.0012852746769234
SPX,2026-08-31,end,2026-09-04,7737.18994140625,,,,,,,,,,,,,,,,,,
TSLA,2026-08-31,end,2026-09-04,357.3599853515625,2.152254575762411,1.9671806021050344,-0.1850739736573765,194008.0,233768.0,1.2049400024741248,295874.0,281339.0,0.9508743586797084,217.0,0.3884469283758634,-0.3727438966594081,0.0038386706431095,-0.1489239423187386,-0.1105450562208194,0.0015838879889753,0.0007860858518611,-0.0011437993858595
NVDA,2026-08-31,end,2026-09-04,233.7899932861328,3.299296244700362,2.252670951674732,-1.0466252930256306,484387.0,268319.0,0.5539351799284457,613469.0,688656.0,1.1225603901745649,149.0,0.5727150022332043,-0.3126727900351101,0.0058241507424695,-0.0884562000822858,-0.0383936421409723,0.0007821281112364,0.0006698466806939,-0.0006377390395612
IBIT,2026-08-31,end,2026-09-04,45.025001525878906,1.592165098152807,1.522722089672423,-0.0694430084803841,28860.0,15923.0,0.5517325017325018,266912.0,166636.0,0.6243106342165208,116.0,0.6180869255697408,-0.3586352859355683,0.0377441590121778,-0.0191086811904832,-0.0070443809102609,0.0001837635982531,0.0001626441179458,-0.0001344102466197
AAPL,2026-08-31,end,2026-09-04,323.0299072265625,2.051225926553049,1.4967950094454403,-0.5544309171076085,89606.0,113945.0,1.2716224359975894,179788.0,139117.0,0.7737835673126127,123.0,0.6163372693505518,-0.2350177019400209,0.00731913782801,-0.3906970290359456,-0.0164150218359578,0.0017018449601617,0.0011968306729807,-0.0006047146329544
AMZN,2026-08-31,end,2026-09-04,258.0199890136719,1.6835532219904117,1.3493254017578125,-0.3342278202325992,43307.0,19829.0,0.4578705521047406,144758.0,70623.0,0.4878694096353915,105.0,0.5213489490790646,-0.3830345818808468,0.0086620691584662,-0.0988324724679775,-0.0940809784001864,0.0011428233976532,0.0008165828601827,-0.0008139750400613
TLT,2026-08-31,end,2026-09-04,82.27999877929688,0.7693995771257267,0.293387502055921,-0.4760120750698057,22921.0,6819.0,0.2975001090702849,273883.0,71245.0,0.260129325295838,81.0,0.4126456046210096,-0.5006025906169085,0.0361283416355604,-0.0284632969838678,0.0040887712619487,0.0002830340845937,0.0002342086069907,-0.0003254762198535
INTC,2026-08-31,end,2026-09-04,94.66000366210938,1.2716582907490348,2.5744966443386885,1.3028383535896535,33709.0,15773.0,0.4679165801418019,184828.0,94411.0,0.510804639989612,158.0,0.3260159570940286,-0.5821039088339358,0.0141308026973394,-0.0239893101536262,-0.5499530554583685,0.0008338262569576,0.0001930984721849,-0.0005087853264622
IWM,2026-08-31,end,2026-09-04,294.9049987792969,0.5729070342782827,0.7740603605143227,0.20115332623604,49332.0,39073.0,0.7920416768020757,140278.0,218133.0,1.5550050613781206,215.0,0.4741880875718817,-0.3024690525859985,0.010463863996912,-0.0317451669459428,-0.0043770833009936,0.0007466999456368,0.0009467545338831,-0.0006979543827275
MU,2026-08-31,end,2026-09-04,998.760009765625,1.0779334516108583,3.3622921663736896,2.284358714762832,114900.0,50205.0,0.4369451697127937,141329.0,137924.0,0.9759072801760432,496.0,0.5021634673660188,-0.1938358051911086,0.0008701370714179,-0.1703943793023233,-1.893504964109164,0.004708490701316,0.0024980001297377,-0.0017123610782655
MSTR,2026-08-31,end,2026-09-04,140.44000244140625,2.770980721752026,2.3285607917706987,-0.4424199299813272,36668.0,24454.0,0.6669030217083015,200881.0,208977.0,1.0403024676300894,205.0,0.6477042076637283,-0.1853296870120826,0.010071926120338,-0.1453139109809491,-0.1218026438604021,0.0010123148975498,0.0004930522331386,-0.0002118775404713
MSFT,2026-08-31,end,2026-09-04,503.7099914550781,1.449707018144209,1.1668693557661003,-0.2828376623781086,20419.0,24939.0,1.2213624565355796,106447.0,63452.0,0.5960900729940721,169.0,0.6130634638380307,-0.2265829750134729,0.0056288562141864,-0.1714453226983237,-0.1824841348319733,0.0026723032549257,0.0019101513001439,-0.0008894936131759
GLD,2026-08-31,end,2026-09-04,404.9750061035156,1.460083476554469,0.6740298756760816,-0.7860536008783874,11321.0,26197.0,2.3140181962724142,191003.0,480312.0,2.51468301545002,269.0,0.5011888855095293,-0.2881756951393963,0.0079697222333915,-0.3539208284084015,-0.0150930231136462,0.0024397953116686,0.0013252367084308,-0.0009031261850571
VIX,2026-08-31,end,2026-09-04,14.109999656677246,2.93805489172894,1.6481188171386718,-1.2899360745902675,1962.0,439.0,0.2237512742099898,73030.0,9156.0,0.1253731343283582,70.0,0.1199058927462719,-0.7315043631674719,0.0552620676327535,-0.0366816665440801,-0.045384933306743,0.001478843162329,0.0001776341112651,-0.0028460772236882
ETHA,2026-08-31,end,2026-09-04,18.529300689697266,3.0051430417351974,3.211650905539773,0.2065078638045756,5056.0,798.0,0.1578322784810126,145173.0,81504.0,0.5614267115785994,82.0,0.5404520262184268,-0.4402887900782219,0.0646207280582717,-0.0067605970350429,-0.0040160489956913,6.504230731007168e-05,5.064121821008804e-05,-8.29619242494893e-05
META,2026-08-31,end,2026-09-04,611.2349853515625,0.9408247555541992,2.07794496713946,1.1371202115852606,29175.0,25875.0,0.8868894601542416,131483.0,62699.0,0.4768601264041739,304.0,0.4455268567156066,-0.2276043897449642,0.0025690967513009,-0.04700846717223,-0.8973717635852423,0.0029022086131111,0.0016130235160895,-0.0011510183776934
SLV,2026-08-31,end,2026-09-04,59.30500030517578,2.556253198608398,1.6609717201791157,-0.8952814784292824,11879.0,7212.0,0.6071218116003031,109114.0,57747.0,0.5292354784903862,162.0,0.5199720045301459,-0.366154560412143,0.0280078175219614,-0.0681691227080991,-0.0010018535146992,0.0002621670613889,0.0001756138319754,-0.0001844124208329
NFLX,2026-08-31,end,2026-09-04,81.19979858398438,2.5964280802585766,1.245947644097222,-1.3504804361613545,11616.0,3368.0,0.2899449035812672,101374.0,41197.0,0.4063862528853552,91.0,0.5649393662284315,-0.4059665658078145,0.0259558483696005,-0.3235788301396398,-0.0062244816360102,0.0006121244931676,0.0002718194733485,-0.0002853965617492
PFE,2026-08-31,end,2026-09-04,28.44499969482422,2.943421677616004,1.6224445925377158,-1.3209770850782885,2299.0,665.0,0.2892561983471074,57995.0,22532.0,0.3885162514009828,62.0,0.6957912949445941,-0.3262051194113824,0.1043380640933635,-0.1183883848822222,-0.0255808458091017,0.0002787752976995,0.0001148930317401,-7.605254089164106e-05
SOFI,2026-08-31,end,2026-09-04,18.020000457763672,2.435991068548388,2.517518783392137,0.0815277148437489,14101.0,12417.0,0.8805758456847033,167483.0,75589.0,0.45132341789913,62.0,0.5327933068816495,-0.4642764572425827,0.0832795636074863,-0.0104084323606738,-0.0152168000434339,9.460190047086946e-05,5.294528572653666e-05,-7.591112544996784e-05
COIN,2026-08-31,end,2026-09-04,185.8000030517578,2.5164307129073467,2.706436795076069,0.1900060821687224,15221.0,8775.0,0.5765061428289863,74166.0,44028.0,0.5936412911576733,149.0,0.4892493548465211,-0.2760178152543522,0.0061352164805527,-0.314356453555714,-0.1645935275848823,0.0010693861546522,0.0005307863435055,-0.0004552310750015
GOOGL,2026-08-31,end,2026-09-04,341.5840148925781,1.957711463965439,1.917690390762544,-0.0400210732028949,28602.0,11234.0,0.3927697363820712,123613.0,64538.0,0.5220971904249553,153.0,0.4169214637748796,-0.3315444271696617,0.0057180395343713,-0.0745500202517065,-0.1354507958781097,0.001266156184569,0.0008470510340053,-0.0009383973516325
PLTR,2026-08-31,end,2026-09-04,176.76400756835938,3.0946100394860085,1.6481359799745858,-1.4464740595114227,24451.0,30576.0,1.250501002004008,148688.0,136563.0,0.9184534057893038,181.0,0.6229540814471993,-0.23883541310115,0.0048257070783304,-0.0967208485505779,-0.0237131318152952,0.0005155663084428,0.0005894313155053,-0.0003716054445514
SHOP,2026-08-31,end,2026-09-04,146.6750030517578,1.958792207369291,2.131752468222341,0.1729602608530505,1278.0,1223.0,0.956964006259781,14222.0,15184.0,1.0676416819012795,127.0,0.6469765220657625,-0.2590902384988539,0.0169535046376518,-0.2188044274828134,-0.3737866246322482,0.0015829862540152,0.0006014688899322,-0.0003167368556757
XOM,2026-08-31,end,2026-09-04,160.05999755859375,1.222171743774414,1.3785165428112398,0.1563447990368258,1931.0,2340.0,1.2118073537027447,22010.0,10667.0,0.4846433439345752,63.0,0.5084609869120675,-0.3024663583378282,0.0184140541082238,-0.2050459435469271,-0.2589536076405948,0.0014044521233671,0.0005375577312817,-0.0003904350712263
AMD,2026-08-31,end,2026-09-04,470.8299865722656,1.0381804829510592,3.1060896334388275,2.067909150487768,40927.0,29250.0,0.7146871258582354,107569.0,82526.0,0.7671912911712482,340.0,0.4557020019253641,-0.2735534215489478,0.0026319486919666,-0.0486395373130489,-0.8361774610209743,0.0023200967343738,0.0010388512572122,-0.0010950411539365
BAC,2026-08-31,end,2026-09-04,62.369998931884766,1.6528860991379308,1.149067187890625,-0.5038189112473059,10125.0,2441.0,0.2410864197530864,33890.0,24122.0,0.7117733844791974,54.0,0.5331070038173823,-0.3554019585998758,0.0284499897408042,-0.1121435186595588,-0.0991518732521293,0.0004613112419541,0.0002082405687247,-0.0001769170506247
FIG,2026-08-31,end,2026-09-04,24.434999465942383,2.699767097906068,4.172157041480655,1.4723899435745866,1030.0,697.0,0.6766990291262136,17528.0,8808.0,0.5025102692834322,85.0,0.4007377790426715,-0.4986477459547285,0.06565275688825,-0.075155105761518,-0.3616442985389061,0.0003758291447312,5.820406773436109e-05,-0.0001114090133861
RKLB,2026-08-31,end,2026-09-04,64.19999694824219,2.398920123226768,2.485004473946049,0.0860843507192816,5308.0,4482.0,0.8443858327053504,55449.0,19535.0,0.3523057223755162,110.0,0.269478914456054,-0.6652115508151231,0.0203071382658927,-0.1921534987412351,-0.0736476930672535,0.0004892458392251,0.0001087430270653,-0.0004114482147269
SPCX,2026-08-31,end,2026-09-04,149.67999267578125,3.357353460892388,2.9129901606653097,-0.4443633002270784,46007.0,30546.0,0.6639424435412002,248218.0,222786.0,0.8975416770741848,186.0,0.719314875466524,-0.2301385085262287,0.0084642109961285,-0.1015422829639842,-0.2715794013277662,0.0008291001853698,0.0005788913907928,-0.000312953584294
SPY,2026-09-07,intermediate,2026-09-10,757.25,0.5905457821975623,0.4446417613624367,-0.1459040208351255,80017.0,106977.0,1.3369284027144233,276180.0,424664.0,1.537634875805634,366.0,0.4925346385837713,-0.4295239941376956,0.0060651654397458,-0.4447166934299194,-0.1103907957071512,0.0187542128392921,0.009248607926934,-0.0094242257288266
QQQ,2026-09-07,intermediate,2026-09-10,708.905029296875,0.6223759312914776,0.5934885466368303,-0.0288873846546473,67240.0,73978.0,1.1002082093991672,192804.0,310723.0,1.6116003817348188,370.0,0.5414625933816164,-0.3174331826609287,0.006048805164229,-0.399963972437642,-0.1960413954366373,0.0194350846395797,0.0093836386293825,-0.0064416090587429
SPX,2026-09-07,intermediate,2026-09-10,7585.580078125,,,,,,,,,,,,,,,,,,
TSLA,2026-09-07,intermediate,2026-09-10,367.6700134277344,1.1433487575895886,1.5213985393732243,0.3780497817836357,157401.0,122519.0,0.7783876849575289,251751.0,218647.0,0.8685049910427367,203.0,0.4686911269762799,-0.350811887669639,0.0043689379309472,-0.1637348011444727,-0.5980642169941818,0.0091116198513253,0.0034960680577199,-0.0040259877652756
NVDA,2026-09-07,intermediate,2026-09-10,218.0200042724609,2.5196366034476365,1.8239569131425497,-0.6956796903050868,165261.0,128072.0,0.7749680807934116,543738.0,389292.0,0.7159551107334783,148.0,0.495624717913091,-0.4198333584460179,0.0065291653353872,-0.3032032926884338,-0.1616853815667736,0.0042927415783706,0.001967502949602,-0.0030546309941437
IBIT,2026-09-07,intermediate,2026-09-10,43.665000915527344,0.5539831249999999,1.1979612689985797,0.6439781439985796,15893.0,46683.0,2.9373309003964008,219108.0,124851.0,0.5698148858097377,110.0,0.544811247942683,-0.4490343286265931,0.0418566111094821,-0.0190201483873976,-0.0408127264257109,0.0010624146934949,0.0005330292069459,-0.0006234865128706
AAPL,2026-09-07,intermediate,2026-09-10,319.8699951171875,1.4167704829477163,1.140676133403163,-0.2760943495445533,283863.0,84813.0,0.2987814544340051,207983.0,139333.0,0.6699249457888385,127.0,0.6143484489980924,-0.2139057809983536,0.0074036740700119,-0.3265705200451231,-0.1499929488808511,0.0084030785891757,0.0042840888030409,-0.0019877003528545
AMZN,2026-09-07,intermediate,2026-09-10,251.5850067138672,1.154631053203508,0.9409665601140802,-0.2136644930894278,27002.0,16701.0,0.6185097400192578,127382.0,63312.0,0.4970246973669749,95.0,0.4651901377546051,-0.3548333305635139,0.0101119854723679,-0.2306101585788972,-0.1209046184250855,0.0064574144515477,0.0026816912704843,-0.0026592208599598
TLT,2026-09-07,intermediate,2026-09-10,81.02999877929688,0.4657330622209822,0.4153706067708333,-0.0503624554501488,15815.0,5406.0,0.3418273790705027,279971.0,109872.0,0.3924406456382983,72.0,0.3711756475011735,-0.5654589570024849,0.0670564708057269,-0.0123907431768146,-0.0343604682887366,0.0020231147675581,0.0007705694552282,-0.0013252194095579
INTC,2026-09-07,intermediate,2026-09-10,100.26000213623048,1.2659162171145522,0.8982479447372644,-0.3676682723772877,29716.0,26597.0,0.8950397092475434,150546.0,96018.0,0.6377984137738631,156.0,0.3943111860931889,-0.5480042736048371,0.0137476730349038,-0.0971826835730415,-0.0803145103934687,0.0025490235711201,0.0008945906821685,-0.0018111356014768
IWM,2026-09-07,intermediate,2026-09-10,287.8500061035156,0.6419715041721458,0.3373778191679267,-0.3045936850042191,9221.0,24256.0,2.630517297473159,123820.0,284263.0,2.2957761266354386,194.0,0.4026033359517987,-0.4150859095652418,0.0130409201259979,-0.23363996408207,-0.0455825583948691,0.0077068852830025,0.002870091544337,-0.003465736204528
MU,2026-09-07,intermediate,2026-09-10,990.5,2.5991864627770016,2.3593092949799783,-0.2398771677970232,45475.0,33960.0,0.7467839472237493,99284.0,139734.0,1.407417106482414,453.0,0.5628354529390405,-0.188719999910965,0.0011254320541049,-1.72389248256345,-0.5687733437174682,0.0205307596592965,0.0104784433910165,-0.0060063773460067
MSTR,2026-09-07,intermediate,2026-09-10,131.27000427246094,0.662223304902523,1.8558685151554988,1.1936452102529758,35894.0,11073.0,0.3084916699169778,252847.0,160349.0,0.6341740261897512,200.0,0.5468488654017984,-0.3166715322011948,0.0106744387117651,-0.0863792587124259,-0.4648252539612065,0.0046095536233861,0.0014751750928565,-0.0013379347619873
MSFT,2026-09-07,intermediate,2026-09-10,489.260986328125,1.2451284939128595,0.8174370718731456,-0.4276914220397139,11040.0,9684.0,0.8771739130434782,64681.0,41210.0,0.6371268224053431,161.0,0.4981242444329302,-0.365464574930102,0.0055638865745887,-0.8283763573098769,-0.1254041376088444,0.0135653315367198,0.0055589471929249,-0.0052812091557505
GLD,2026-09-07,intermediate,2026-09-10,400.1099853515625,1.0504125246779985,0.6082065329721813,-0.442205991705817,5260.0,3683.0,0.7001901140684411,123423.0,120273.0,0.974478014632605,259.0,0.4087280185299679,-0.3494802788653858,0.0087643889614669,-0.3865103033402098,-0.2536264804491157,0.0141857870547138,0.0040155122709288,-0.0040390461441915
VIX,2026-09-07,intermediate,2026-09-10,17.899999618530273,2.4792161626674107,1.8692387411006803,-0.6099774215667304,46703.0,85851.0,1.838233089951395,3686625.0,1687376.0,0.4577020988031058,132.0,0.266790701139388,-0.6976933607925921,0.0373521917367073,-0.031286136173829,-0.0318058797956372,0.0025185088622927,0.0006077903627023,-0.0062988959709944
ETHA,2026-09-07,intermediate,2026-09-10,18.35009956359864,0.9589889375,2.2454797789884875,1.2864908414884877,4763.0,1610.0,0.3380222548813772,82724.0,71333.0,0.8623011459794013,78.0,0.5075316909925423,-0.3561445565905392,0.059963171033794,-0.0063684357738273,-0.014319941159565,0.0003063592506873,0.0001731667655749,-0.000229444892859
META,2026-09-07,intermediate,2026-09-10,645.219970703125,1.4330151366261683,1.2027341847461763,-0.2302809518799919,73560.0,42317.0,0.5752718868950517,113339.0,67400.0,0.5946761485455139,296.0,0.5093739051808078,-0.157805812600255,0.0029116188081222,-0.3877340806603526,-0.6167007791395229,0.0155835976232387,0.0070579189593557,-0.0029451263742534
SLV,2026-09-07,intermediate,2026-09-10,58.275001525878906,1.3894619561858674,0.6413333592036732,-0.7481285969821942,10558.0,9032.0,0.8554650501989013,80985.0,53227.0,0.6572451688584305,124.0,0.4842009806622147,-0.4392472237075295,0.0352094412654249,-0.09776654812343,-0.0286393218970882,0.0018600115827515,0.0006386057163537,-0.0007845363267327
NFLX,2026-09-07,intermediate,2026-09-10,76.01010131835938,1.0350615056501116,1.5471640530321074,0.5121025473819958,9843.0,6290.0,0.6390328151986183,89071.0,39278.0,0.4409740544060356,90.0,0.4377806358263229,-0.463596486649849,0.0265559552510823,-0.0721909018978928,-0.3046871724467521,0.0028037275753958,0.0007501304336693,-0.0011127721329972
PFE,2026-09-07,intermediate,2026-09-10,27.511199951171875,1.931348082090436,1.2862762015206477,-0.6450718805697879,2266.0,964.0,0.4254192409532215,37509.0,16782.0,0.4474126209709669,61.0,0.6241260250238881,-0.3884261401393885,0.0963652229008276,-0.1076166509574062,-0.0484590672495377,0.0011038365724708,0.0003687354842578,-0.0003304833356788
SOFI,2026-09-07,intermediate,2026-09-10,17.155000686645508,1.6320829943847657,1.776464790826613,0.1443817964418472,11429.0,5241.0,0.4585703036136145,145277.0,61822.0,0.4255456816977223,63.0,0.4920483932163228,-0.5158827202660179,0.0751229697669692,-0.0159899592192736,-0.0159749415577187,0.0003816074333176,0.0001715314268669,-0.0003054560799767
COIN,2026-09-07,intermediate,2026-09-10,173.3800048828125,2.2717353510131835,2.380948361798455,0.1092130107852713,18518.0,2864.0,0.1546603304892537,58301.0,32914.0,0.5645529236205211,148.0,0.4712593420895711,-0.33116394190005,0.0067076262323782,-0.4169106588853629,-0.6402060268450838,0.0058361952763175,0.0016273583498086,-0.0019206764969099
GOOGL,2026-09-07,intermediate,2026-09-10,328.57501220703125,1.482182597840775,1.4171739172537667,-0.0650086805870082,58809.0,18969.0,0.3225526705096159,148366.0,59179.0,0.3988717091516924,156.0,0.378491487537625,-0.4035776200324991,0.0062959697803862,-0.1845782566265841,-0.2781098993131854,0.0072862036405596,0.0026459031378889,-0.0041379157853178
PLTR,2026-09-07,intermediate,2026-09-10,168.0500030517578,0.9984503860064636,1.7155958252514365,0.717145439244973,35838.0,45539.0,1.2706903287013784,151522.0,111378.0,0.7350615752168002,184.0,0.5649823102277048,-0.342988591605874,0.004831023227062,-0.0816240356762552,-0.1016211660202488,0.0021499583610419,0.0019192957097196,-0.0020566314662799
SHOP,2026-09-07,intermediate,2026-09-10,127.08000183105467,1.5122355571457435,1.3940803198242189,-0.1181552373215246,2732.0,1597.0,0.5845534407027818,22152.0,15841.0,0.7151047309498014,115.0,0.2926824958012377,-0.6204661818731975,0.0216747065837638,-0.3100853028491985,-0.4575555388952523,0.0072594560562032,0.0009144879849631,-0.0025528891517397
XOM,2026-09-07,intermediate,2026-09-10,164.4499969482422,1.56510766526964,1.433346262576941,-0.1317614026926989,3054.0,1085.0,0.3552717747216765,50356.0,8144.0,0.161728493128922,69.0,0.5654085208877765,-0.1686518763535147,0.015541887105503,-0.425942244605107,-0.405052280670237,0.0071206485907791,0.0020794361360099,-0.0008168403672001
AMD,2026-09-07,intermediate,2026-09-10,507.0700073242188,2.873719688328334,2.2176184097290035,-0.6561012785993303,21533.0,23276.0,1.0809455254725306,98754.0,93617.0,0.9479818538995888,337.0,0.5305260744053066,-0.1552633356814367,0.0025552580442481,-0.6112274537970743,-0.7142598580819894,0.0113282667700489,0.0046122960989867,-0.0024136462272994
BAC,2026-09-07,intermediate,2026-09-10,62.435001373291016,1.2586920110452584,0.8607857052734376,-0.3979063057718208,11198.0,1190.0,0.1062689766029648,57787.0,16601.0,0.2872791458286465,54.0,0.5640886848565152,-0.3420427927125966,0.04960497070579,-0.1074785347968637,-0.0878581659354553,0.0023508862575839,0.0008082459045466,-0.0006314258544012
FIG,2026-09-07,intermediate,2026-09-10,21.93000030517578,2.585345585300612,2.301370177734375,-0.2839754075662366,1668.0,791.0,0.474220623501199,18507.0,12059.0,0.6515912897822446,86.0,0.2694512686707354,-0.6756754415601809,0.0638622573013238,-0.0943774172995512,-0.0950698118330845,0.0010113873913439,0.0001336526270294,-0.0005434291301873
RKLB,2026-09-07,intermediate,2026-09-10,63.7400016784668,1.4585883220065368,1.985909808612898,0.5273214866063614,7234.0,1745.0,0.2412220071882775,41645.0,21531.0,0.5170128466802737,100.0,0.3094439343680547,-0.6346999400357372,0.0246398258241647,-0.1030665047763479,-0.2924177314442377,0.002690761985968,0.0004617568896108,-0.0014338436607717
SPCX,2026-09-07,intermediate,2026-09-10,151.625,3.2765741097337377,1.7761642991807722,-1.5004098105529655,98929.0,40780.0,0.4122148207300184,162606.0,231833.0,1.4257345977393208,188.0,0.7144593121512368,-0.2147928399497369,0.0075203153905555,-0.42807273823708,-0.0847883502253022,0.0038611090731578,0.0020381303715777,-0.0010570234688848
SPY,2026-09-07,start,2026-09-08,766.47998046875,0.4613790542754284,0.2814273026716902,-0.1799517516037381,32216.0,47870.0,1.4859076235410975,213239.0,376345.0,1.7648976031588968,366.0,0.5267716407266787,-0.3859364311915311,0.0061420714409007,-0.4440605624507841,-0.0427792277340459,0.0518494454941816,0.0298255283462362,-0.0255469806782936
QQQ,2026-09-07,start,2026-09-08,716.1801147460938,0.5743291665944745,0.4216669256558625,-0.1526622409386119,19370.0,33292.0,1.718740320082602,135441.0,234060.0,1.728132544798104,370.0,0.557488985525883,-0.2913181717188084,0.0058294225508037,-0.5464898480087672,-0.0939335511639894,0.0577614707742527,0.0290072708910152,-0.0178042712020422
SPX,2026-09-07,start,2026-09-08,7679.3701171875,,,,,,,,,,,,,,,,,,
TSLA,2026-09-07,start,2026-09-08,360.8599853515625,1.056103983419667,1.1390569359796698,0.0829529525600027,65887.0,57223.0,0.8685021324388726,182320.0,160460.0,0.8801009214567793,203.0,0.4448548494335928,-0.3738362365886178,0.0045762581581192,-0.2624519252325086,-0.4327167468091273,0.0276010148893736,0.0097405017898282,-0.0128233703176417
NVDA,2026-09-07,start,2026-09-08,228.6699981689453,1.956044200300386,1.2613972050852011,-0.6946469952151848,55271.0,46762.0,0.846049465361582,412349.0,267150.0,0.6478735246114335,148.0,0.5358648272994604,-0.3583230960981245,0.0064446574939729,-0.3980323341482941,-0.1179519497728425,0.0151952273194101,0.0065876220360714,-0.008040950707662
IBIT,2026-09-07,start,2026-09-08,44.22999954223633,0.5218457869318182,0.898299206853693,0.3764534199218748,27733.0,16302.0,0.5878195651390041,205624.0,96488.0,0.4692448352332412,110.0,0.5703899641750485,-0.4159469811465059,0.0431704724061468,-0.0193204829494336,-0.0419555137120053,0.0032376649981426,0.0016891100851214,-0.0017544601890483
AAPL,2026-09-07,start,2026-09-08,315.92999267578125,1.0961465639272838,0.8735416779745782,-0.2226048859527056,32069.0,12760.0,0.3978920452773706,116203.0,69806.0,0.600724594029414,127.0,0.5794693427295557,-0.2450820174120582,0.0071720227559312,-0.4051171029865676,-0.1159482843418047,0.0252837185944825,0.0118962825112691,-0.0067897013957769
AMZN,2026-09-07,start,2026-09-08,254.9149932861328,0.9746350148638556,0.5345797199596057,-0.44005529490425,11980.0,6103.0,0.509432387312187,92715.0,49538.0,0.5343040500458394,95.0,0.469456742098318,-0.3383184629670309,0.0089659740167415,-0.4022116044646807,-0.040608090931807,0.0205078040210033,0.0080739206453987,-0.0076376179896884
TLT,2026-09-07,start,2026-09-08,82.2699966430664,0.41785846656436,0.1347254497070311,-0.2831330168573289,11200.0,4104.0,0.3664285714285714,239085.0,78937.0,0.3301629127716084,72.0,0.4000061136446491,-0.5075507488130582,0.061338374699544,-0.0468450006281274,-0.0012760166450473,0.0059994183821915,0.0024969928554494,-0.0035853209889335
INTC,2026-09-07,start,2026-09-08,101.3000030517578,0.7420917225738892,1.149396523838827,0.4073048012649378,26912.0,18281.0,0.6792880499405469,122753.0,68134.0,0.5550495710899123,156.0,0.4200233095741086,-0.5051922795969325,0.0143575224566131,-0.1013515319505373,-0.2333826396366604,0.0099118265117428,0.0028807743105805,-0.0051177465228017
IWM,2026-09-07,start,2026-09-08,294.54998779296875,0.5173892541262184,0.29698195968792,-0.2204072944382983,3723.0,10457.0,2.808756379264034,98672.0,279778.0,2.835434571104265,194.0,0.4627319119826681,-0.3342990789295481,0.0134325611053581,-0.2290025324332763,-0.0286019957911493,0.0223825823857428,0.0100129129723531,-0.0084702295284669
MU,2026-09-07,start,2026-09-08,1018.656494140625,1.9158801852308,1.848702066501134,-0.0671781187296658,19856.0,23804.0,1.1988315874294924,60615.0,108063.0,1.782776540460282,453.0,0.5837373404072926,-0.1663389987126719,0.0010707349239979,-1.6565185639233764,-0.541823186644731,0.0686509596942705,0.0329420212534989,-0.0162444556506646
MSTR,2026-09-07,start,2026-09-08,137.81500244140625,1.7914211120829453,1.3205000309870794,-0.4709210810958659,23820.0,16155.0,0.6782115869017632,227205.0,155175.0,0.682973526110781,200.0,0.5973520212215645,-0.2640295061501269,0.0098977178750072,-0.2936355593767519,-0.2060363816705397,0.0140753953733284,0.0049388088248253,-0.0034409352591651
MSFT,2026-09-07,start,2026-09-08,491.7999877929688,0.9261609373399688,0.6271003307332871,-0.2990606066066816,7508.0,4427.0,0.5896377197655833,51355.0,31254.0,0.6085872845876741,161.0,0.5053990914348613,-0.3475754958916129,0.0058770011081346,-0.6485378944173231,-0.155765899849391,0.0417660982040322,0.0169043446302179,-0.0151404664237002
GLD,2026-09-07,start,2026-09-08,403.3299865722656,0.7782810417134053,0.4447119491604642,-0.3335690925529411,9767.0,3481.0,0.3564042182860653,113474.0,41672.0,0.3672383100974672,259.0,0.4249596220787991,-0.3236568064104198,0.0087411604364482,-0.3144877632767768,-0.1640280611201349,0.0385756108677564,0.0125434780790068,-0.0112801171100494
VIX,2026-09-07,start,2026-09-08,15.489999771118164,4.10750582824707,4.17592921540437,0.0684233871573001,7479.0,337.0,0.0450594999331461,74983.0,10469.0,0.1396183134843898,75.0,0.1922327809450157,-0.5834184307746496,0.0424052307617906,-0.0448857951495218,-0.264301053390332,0.0005083653455702,6.478545146570774e-05,-0.0004904848814457
ETHA,2026-09-07,start,2026-09-08,18.64999961853028,0.538092412109375,1.7036934578022207,1.1656010456928456,7693.0,2874.0,0.3735863772260496,60820.0,67551.0,1.11067083196317,78.0,0.5279788763036751,-0.3260612743957691,0.0596319390997211,-0.0068336802219783,-0.023689819019979,0.0010693904182681,0.0005498281936708,-0.00064499134491
META,2026-09-07,start,2026-09-08,616.4498901367188,1.0435646410858497,0.9689208529301012,-0.0746437881557484,15519.0,7257.0,0.467620336361879,70078.0,32343.0,0.4615285824367133,296.0,0.4396266624009299,-0.2529006727315531,0.0031107657528072,-0.3695363107517642,-0.3463743887619506,0.0426389728221848,0.0175162293618125,-0.0138083847839808
SLV,2026-09-07,start,2026-09-08,59.65999984741211,1.0899200798011894,0.5165647658819902,-0.5733553139191992,3062.0,3953.0,1.2909862834748531,69298.0,38752.0,0.5592080579526104,124.0,0.5174422987837496,-0.3946969806016873,0.0361692903085431,-0.0918264812883203,-0.0193359395021695,0.0053225751184602,0.0020657466305071,-0.0021401341212098
NFLX,2026-09-07,start,2026-09-08,76.4800033569336,1.0586176364198023,0.9823307021722562,-0.0762869342475461,22219.0,13275.0,0.5974616319366308,73302.0,25241.0,0.3443425827398979,90.0,0.4355718353932948,-0.4586211815893806,0.030099252856855,-0.0886467765709425,-0.1278279320779402,0.0077801510403216,0.0022252760645832,-0.0033099098825224
PFE,2026-09-07,start,2026-09-08,28.075000762939453,1.3353497136896308,1.0101882962472095,-0.3251614174424211,3486.0,1221.0,0.3502581755593804,32436.0,15504.0,0.4779874213836478,61.0,0.6463066008617663,-0.3167624003271801,0.0928260220917189,-0.067201553108269,-0.0509791816710309,0.0031907688006264,0.0011497882132769,-0.0008330162927053
SOFI,2026-09-07,start,2026-09-08,18.15999984741211,1.6330594744873046,1.0931239402721773,-0.5399355342151273,26252.0,6225.0,0.237124790492153,97352.0,46149.0,0.4740426493549182,63.0,0.5418291172496212,-0.4608144664931298,0.0743196121962988,-0.0341923470034446,-0.0073217685714162,0.0013458525095362,0.0005818006387071,-0.0008369362286353
COIN,2026-09-07,start,2026-09-08,180.56500244140625,2.0033535831756595,1.389579462854722,-0.6137741203209375,3731.0,4292.0,1.1503618332886625,55331.0,27649.0,0.4997017946539914,148.0,0.4921510902443998,-0.2979249174207856,0.0069189492184778,-0.4951661640218095,-0.2172877627590544,0.0174517079191816,0.0051196854251228,-0.0052757774951601
GOOGL,2026-09-07,start,2026-09-08,333.9224853515625,1.141332787354935,1.1349302425188337,-0.0064025448361013,28723.0,19054.0,0.66337081781151,85651.0,43195.0,0.5043140185170051,156.0,0.3992944446594242,-0.3671303809801317,0.0062837473798565,-0.2810123271894273,-0.250715991220464,0.0242744097436357,0.0084690944685546,-0.0114382347031864
PLTR,2026-09-07,start,2026-09-08,172.49000549316406,0.5529978075542646,1.3277743727830909,0.7747765652288262,21285.0,44048.0,2.069438571764153,105988.0,94145.0,0.8882609352002113,184.0,0.5854954767015836,-0.3153901317642822,0.005075868632353,-0.0617763133950144,-0.1450153144332039,0.0076412601516203,0.0060381858237732,-0.0057966733342341
SHOP,2026-09-07,start,2026-09-08,134.75,1.3229711302869074,0.5654008915415982,-0.7575702387453092,1811.0,2019.0,1.1148536720044175,15578.0,13787.0,0.8850301707536269,115.0,0.4037930758895077,-0.5136444126990569,0.0172728678223695,-0.517131041912269,-0.145622916585009,0.0204159260496471,0.0038387170499117,-0.0065147978006196
XOM,2026-09-07,start,2026-09-08,161.58999633789062,0.780339259033203,1.038008564897017,0.257669305863814,2795.0,691.0,0.2472271914132379,37417.0,6042.0,0.1614774033193468,69.0,0.5339012401784037,-0.2016475432323368,0.0155863571993613,-0.2050462715513842,-0.2235071801511551,0.016830724361205,0.0058107738932777,-0.0029109214685971
AMD,2026-09-07,start,2026-09-08,492.5,1.9680892747995804,1.7757246607917083,-0.192364614007872,19980.0,17164.0,0.8590590590590591,72330.0,77467.0,1.071021706069404,337.0,0.5050058607909758,-0.1957615815800056,0.0025440858142178,-0.4790766085050393,-0.4315528807863236,0.0330106284862705,0.0127396973085542,-0.0089521653039789
BAC,2026-09-07,start,2026-09-08,62.47949981689453,0.804591160930765,0.7019576689453126,-0.1026334919854523,3381.0,9089.0,2.688257911860396,45793.0,13524.0,0.2953289804118533,54.0,0.5652501578569535,-0.3163588094539999,0.0503470600178587,-0.0581744566452911,-0.0871866290016797,0.0059782418876645,0.0024265654239041,-0.001775912730338
FIG,2026-09-07,start,2026-09-08,23.11000061035156,1.7920369776452103,2.0004909776611326,0.208454000015922,1161.0,818.0,0.7045650301464255,11690.0,9023.0,0.7718562874251497,86.0,0.3299200784343193,-0.5539208757312333,0.0632369451623444,-0.0805003237014215,-0.1487789636505176,0.0036575587915402,0.0005050822233779,-0.0014221725492142
RKLB,2026-09-07,start,2026-09-08,65.56999969482422,1.332780692063935,1.2338896444163605,-0.0988910476475746,8133.0,2355.0,0.2895610475839174,26751.0,15306.0,0.572165526522373,100.0,0.34884448026659,-0.6091732809417134,0.0240496499573686,-0.167914902057414,-0.1051288896485474,0.0076113962080108,0.0015682365882141,-0.0041651731716947
SPCX,2026-09-07,start,2026-09-08,147.75289916992188,1.9982599653718909,1.494029791259765,-0.5042301741121256,32239.0,34479.0,1.0694810633084153,99545.0,182151.0,1.8298357526746696,188.0,0.6806896474819614,-0.2414909260752634,0.0095708386772808,-0.3006370097599082,-0.1664982543600206,0.0126156972433717,0.0056806960842894,-0.0035229108402296
SPY,2026-09-07,end,2026-09-11,765.4569702148438,0.1847505599925004,0.6282721456991659,0.4435215857066654,351825.0,416312.0,1.183292830242308,371019.0,629952.0,1.6978968732059545,366.0,0.5524485290403158,-0.3822619154302705,0.0059782653729672,-0.0669714194574858,-0.0640179484383201,0.0026607450735762,0.0028446634626652,-0.0022850201105998
QQQ,2026-09-07,end,2026-09-11,715.280029296875,0.9744034086756552,0.6775329434403128,-0.2968704652353424,279860.0,342887.0,1.2252090330879726,260583.0,375843.0,1.4423158839985724,370.0,0.5798132535761262,-0.2854779823581492,0.0057773846427634,-0.2612563188366383,-0.0198808319052401,0.0033657759480725,0.0027454466192896,-0.0015746935265443
SPX,2026-09-07,end,2026-09-11,7668.31982421875,,,,,,,,,,,,,,,,,,
TSLA,2026-09-07,end,2026-09-11,367.1600036621094,2.273840229524032,1.80517137835416,-0.4686688511698726,219847.0,107791.0,0.4903000723230246,263482.0,235943.0,0.8954805261839518,203.0,0.4629833423606533,-0.3709754122182861,0.0041246732031039,-0.144637282451174,-0.0962818418941756,0.0015649285070933,0.0009318962608728,-0.0011426901559922
NVDA,2026-09-07,end,2026-09-11,221.5200042724609,0.6677286075949366,2.623906160057178,1.9561775524622416,152799.0,103324.0,0.6762086139307194,562741.0,396363.0,0.7043435612475366,148.0,0.5204019176227289,-0.3925285261228683,0.0051236901171422,-0.0118810831225062,-0.4169585415011426,0.0010236124270521,0.0005740743912468,-0.0007824219064821
IBIT,2026-09-07,end,2026-09-11,45.0,0.3903130031960227,2.018220397017045,1.6279073938210222,49917.0,12554.0,0.2514974858264719,221613.0,169495.0,0.7648242657244837,110.0,0.5915191990017572,-0.3824780717487115,0.0560925643478057,-0.0045030158469435,-0.2395416389532751,0.0004533339614856,0.0001598593059162,-0.0001468854414498
AAPL,2026-09-07,end,2026-09-11,332.2950134277344,1.7862799826284554,1.624208180837323,-0.1620718017911324,350442.0,150877.0,0.4305334406264089,217700.0,179170.0,0.8230133210840607,127.0,0.6989992904033893,-0.1346234083082691,0.0068397673996933,-0.1071492019279514,-0.1086869213833311,0.0015302995826701,0.0013659401680913,-0.000345498068936
AMZN,2026-09-07,end,2026-09-11,256.1400146484375,1.5097790886134723,1.2974001012628729,-0.2123789873505996,41996.0,13112.0,0.3122202114487094,128358.0,62336.0,0.4856417208121036,95.0,0.508357043562056,-0.3120058249670999,0.0095206896075104,-0.0986640886643404,-0.1374073628494432,0.0013044917199443,0.0008082830124653,-0.0006389216111605
TLT,2026-09-07,end,2026-09-11,81.19999694824219,0.7672802387927827,0.2033938203124999,-0.5638864184802828,27240.0,4697.0,0.1724302496328928,306845.0,99573.0,0.3245058580064853,72.0,0.3687228602949028,-0.5686797097467282,0.0481875424960452,-0.0440215555246602,0.0041168275300872,0.0004204656762964,0.0002072381411337,-0.0003607068035362
INTC,2026-09-07,end,2026-09-11,104.12999725341795,1.9437624144037084,0.7865002953767122,-1.1572621190269965,49484.0,33215.0,0.6712270632931857,155997.0,110466.0,0.7081290024808169,156.0,0.43808747181174,-0.4992155920840105,0.0133916250166187,-0.1191754796542983,-0.0346405781174671,0.0006360066278544,0.0002758355453249,-0.0004530133293538
IWM,2026-09-07,end,2026-09-11,289.44000244140625,0.9144920245300896,0.4435656282552084,-0.4709263962748813,92570.0,74018.0,0.7995894998379605,193818.0,280850.0,1.4490398208628714,194.0,0.4249122463741125,-0.3893171594889732,0.0125234096174447,-0.2413685204710729,-0.0005539753420159,0.0015716693834927,0.0008258898393688,-0.0008831670351691
MU,2026-09-07,end,2026-09-11,971.2650146484376,4.316876676095554,2.9768443649358622,-1.340032311159692,62127.0,34374.0,0.5532860109131296,126582.0,154820.0,1.2230806907775198,453.0,0.5367915832714173,-0.2074433904351248,0.001130881442057,-4.058088987145955,-0.0397830538037701,0.0061184779589231,0.0026520108146208,-0.0017596663800401
MSTR,2026-09-07,end,2026-09-11,136.9149932861328,0.7690994324290426,2.874713195418473,2.1056137629894303,101628.0,9076.0,0.0893060967449915,217149.0,160834.0,0.7406619418003306,200.0,0.5938187990487125,-0.2463606786081752,0.0094125161756723,-0.0221203328893897,-1.65094425867469,0.0016744489764414,0.0004470292232617,-0.0002909459277204
MSFT,2026-09-07,end,2026-09-11,497.1698913574219,1.0607114676275484,1.223460424650168,0.1627489570226195,31360.0,10208.0,0.3255102040816326,73316.0,44740.0,0.6102351464891702,161.0,0.5536544428486324,-0.3161447598844313,0.0053723018324411,-0.102550326444167,-0.3225908881943206,0.0028179520855124,0.0017115284954902,-0.0012494306743817
GLD,2026-09-07,end,2026-09-11,402.2099914550781,1.479207347234777,0.6672620596230998,-0.8119452876116775,10287.0,9631.0,0.9362301934480411,154777.0,145070.0,0.937283963379572,259.0,0.4254642152257371,-0.3369236960550441,0.0084973528736663,-0.2118712275583101,-0.0198355333824162,0.0021049836816563,0.0011391020180427,-0.0010550454742247
VIX,2026-09-07,end,2026-09-11,16.100000381469727,3.0252540284598206,0.2648774360509072,-2.7603765924089134,68917.0,61071.0,0.8861529085711798,3741074.0,1659072.0,0.4434747882559928,132.0,0.1899388573791745,-0.7990275807403747,0.0322577137596856,-0.0437629937188238,0.0011029474316906,0.001394063851177,0.000316397421617,-0.0054719056945626
ETHA,2026-09-07,end,2026-09-11,19.88999938964844,0.7509837460937501,4.239312391550165,3.488328645456414,37065.0,7333.0,0.1978416295696748,98796.0,74938.0,0.7585124903842261,78.0,0.5818647012671949,-0.2562469918144005,0.0528446511763536,-0.0040057571544812,-0.1927438307654089,0.0001894400337215,5.74918984593636e-05,-4.797239896245949e-05
META,2026-09-07,end,2026-09-11,654.969970703125,2.3225858064287164,1.6364021901793395,-0.6861836162493766,87895.0,33364.0,0.3795892826668183,135482.0,81199.0,0.5993342289012562,296.0,0.529494439186016,-0.1300525236376066,0.002867574752533,-0.4396529515804361,-0.5716465235284997,0.0033782206111353,0.0020100804642816,-0.0006604390353779
SLV,2026-09-07,end,2026-09-11,58.68000030517578,1.5865236567164178,1.245908969812226,-0.3406146869041919,13311.0,8383.0,0.6297798813011795,89367.0,56826.0,0.63587230185639,124.0,0.5046605154882322,-0.4220986163637134,0.0364471465231439,-0.0185186085164352,-0.0124691324903034,0.0002702126321979,0.0001822605003229,-0.0002048502792861
NFLX,2026-09-07,end,2026-09-11,76.38999938964844,1.887878051957111,1.9955255614043448,0.1076475094472335,10554.0,2765.0,0.2619859768808035,91232.0,38384.0,0.4207295685724307,90.0,0.4431713932815317,-0.4855655499219138,0.0269231974038387,-0.0474207003815743,-0.2179384521698134,0.000515703765786,0.000206396142468,-0.00031267825675
PFE,2026-09-07,end,2026-09-11,27.4950008392334,3.109733405835701,1.6780174023437495,-1.4317160034919512,1227.0,456.0,0.3716381418092909,39409.0,15510.0,0.3935649217183892,61.0,0.6309312981136732,-0.4071147439055232,0.151175303321974,-0.210762802535024,-0.0305959679423929,0.0003107805413146,0.0001014662764118,-9.316688879950548e-05
SOFI,2026-09-07,end,2026-09-11,17.389999389648438,0.8298407543945312,2.9959708543346766,2.1661300999401454,10455.0,7208.0,0.6894308943089431,150129.0,60026.0,0.3998294799805501,63.0,0.5049015247795167,-0.4901975142265292,0.0752887031708098,-0.0022381901115676,-0.0718999423924019,0.0001263345663732,4.816402705040941e-05,-7.94219420864446e-05
COIN,2026-09-07,end,2026-09-11,181.0500030517578,1.071277361694336,3.656855759797938,2.5855783981036025,5713.0,6031.0,1.0556625240679154,48793.0,33500.0,0.6865738937962412,148.0,0.5148375919143918,-0.2741479597873334,0.0045430218714481,-0.067071633230844,-2.231718065697317,0.0019316007440565,0.0004993139010156,-0.0004437909576538
GOOGL,2026-09-07,end,2026-09-11,338.56500244140625,2.069763079933344,1.990785427472796,-0.0789776524605478,59612.0,26192.0,0.4393746225592163,144716.0,56615.0,0.3912145167085878,156.0,0.4296906551772524,-0.3525973746891262,0.005636758104091,-0.0903243696395922,-0.1677314697609745,0.0013997436613875,0.0008438857983692,-0.000993132713511
PLTR,2026-09-07,end,2026-09-11,168.01499938964844,2.556095102337709,2.2231756867367096,-0.3329194156009998,23102.0,16948.0,0.7336161371309843,148781.0,116334.0,0.7819143573440157,184.0,0.5641731450790463,-0.3477039131342173,0.004621865492693,-0.0682458226987829,-0.0251929805545962,0.0003610381950531,0.000519161975241,-0.0005624799306611
SHOP,2026-09-07,end,2026-09-11,131.47000122070312,2.018912179333917,1.986708127013089,-0.0322040523208277,2357.0,4573.0,1.9401781926177344,26321.0,12916.0,0.4907108392538277,115.0,0.3629631656113344,-0.5463420010762065,0.0206943165243014,-0.2084752433657602,-0.5508284261880921,0.0018184234669684,0.0003164542949357,-0.0006184578765026
XOM,2026-09-07,end,2026-09-11,167.0699005126953,0.382603299899631,2.2476058315207745,1.865002531621144,1870.0,996.0,0.532620320855615,50939.0,9330.0,0.1831602504956909,69.0,0.6159942047463518,-0.120733326316784,0.0143565351201044,-0.0347275404732353,-0.8770942639273777,0.0013806106018704,0.0006267305187646,-0.000161592534899
AMD,2026-09-07,end,2026-09-11,512.7766723632812,3.903725167251897,3.278506248247944,-0.6252189190039532,34518.0,24116.0,0.6986499797207254,106164.0,100402.0,0.9457254813307712,337.0,0.5473871123404443,-0.1429160816501284,0.0023319016476848,-0.2365646984712646,-1.015862819565602,0.0022267251304654,0.0013148619047334,-0.0006038561469063
BAC,2026-09-07,end,2026-09-11,63.01499938964844,1.832573490537446,1.2570350640625,-0.5755384264749459,8704.0,5874.0,0.6748621323529411,55740.0,17751.0,0.3184607104413348,54.0,0.6003873086497034,-0.326420843221583,0.0520206266858352,-0.0758445194382598,-0.1395391668416542,0.0005766011379014,0.0002360676711104,-0.0001634336434883
FIG,2026-09-07,end,2026-09-11,22.825000762939453,2.986247770465354,4.299807470214844,1.3135596997494905,710.0,1381.0,1.945070422535212,22630.0,13573.0,0.5997790543526292,86.0,0.3153365505349574,-0.6133004595282404,0.0502968524556263,-0.1095356362157836,-0.4338073879665673,0.0003729765796894,4.4133960506470576e-05,-0.0001367764967405
RKLB,2026-09-07,end,2026-09-11,63.77000045776367,1.5812376945153062,3.086016966145833,1.5047792716305268,4609.0,2321.0,0.5035799522673031,43220.0,20895.0,0.4834567329939843,100.0,0.3115000577152765,-0.6484957216816439,0.0250883967969752,-0.0445329362363528,-0.3254371272436633,0.0006097580439162,0.0001265069336448,-0.0003939253797226
SPCX,2026-09-07,end,2026-09-11,148.8300018310547,2.8916969810267865,2.7828152939453124,-0.1088816870814741,51698.0,19345.0,0.3741924252388874,185155.0,236199.0,1.2756825362534092,188.0,0.7197852135093914,-0.2265493334873154,0.0090828733989828,-0.0401145090814118,-0.2716614714166934,0.0008343808253982,0.0005597197713481,-0.0002993169435235
SPY,2026-09-14,start,2026-09-14,759.5958862304688,0.7265479931946788,0.5934784686615594,-0.1330695245331193,80548.0,118247.0,1.4680314843323237,1108839.0,3818238.0,3.44345572260716,613.0,0.6486812383144637,-0.2651208381318424,0.0042730550006606,-0.4061974465570094,-0.241460405039589,0.0626880405077946,0.0432786992960957,-0.0239532897935111
QQQ,2026-09-14,start,2026-09-14,706.4849853515625,0.9156349010291468,0.7020086832654967,-0.2136262177636499,45617.0,88210.0,1.933708924304536,1103782.0,1504726.0,1.3632456408964817,502.0,0.5459213293970975,-0.3958449988281066,0.004569979168037,-0.262170874570604,-0.2066937746332471,0.0578796409738143,0.0311465183260457,-0.0349317137636165
SPX,2026-09-14,start,2026-09-14,7609.22998046875,,,,,,,,,,,,,,,,,,
TSLA,2026-09-14,start,2026-09-14,358.8020935058594,2.110324477591566,1.4158928367185042,-0.694431640873062,38089.0,51180.0,1.3436950300611723,550884.0,467573.0,0.8487685247710952,360.0,0.3909419752972782,-0.5238762612698391,0.0025330783511567,-0.3269055027696148,-0.3799360283681654,0.0225373126268955,0.0088508524055342,-0.0342835214801149
NVDA,2026-09-14,start,2026-09-14,210.5749969482422,2.3401117230767143,1.5716367995343892,-0.7684749235423252,117201.0,90050.0,0.768338154111313,1272232.0,1064297.0,0.8365588980626175,174.0,0.5140566782251512,-0.4367796530235708,0.0052133109738189,-0.1113182228350745,-0.19651129662239,0.0115685298377908,0.0064806347503482,-0.0137391629986838
IBIT,2026-09-14,start,2026-09-14,44.46500015258789,0.7724828625067348,1.485961158973431,0.7134782964666961,13241.0,8162.0,0.616418699493996,760502.0,542339.0,0.7131329043184633,116.0,0.567107346192563,-0.4180320741883968,0.0259165530456068,-0.0168697961837631,-0.0697606075676463,0.0030192350276781,0.0019367229244495,-0.002989097533677
AAPL,2026-09-14,start,2026-09-14,332.7300109863281,1.6592841845931292,1.4333952785380504,-0.2258889060550788,34191.0,45218.0,1.32251177210377,476625.0,404913.0,0.8495420928402833,196.0,0.6087600511094918,-0.2280632032692722,0.0045393946818242,-0.3786308445602737,-0.3529767126117415,0.024789833250478,0.0134926342290868,-0.0096672468423294
AMZN,2026-09-14,start,2026-09-14,251.7949981689453,1.3026057159772602,0.6705233910855382,-0.632082324891722,34937.0,11213.0,0.3209491370180611,475429.0,302573.0,0.6364210008224152,136.0,0.4798856388544452,-0.4699248052154648,0.0062585783081734,-0.322575162003672,-0.0612352644938695,0.0193060255007287,0.009557761248715,-0.0157771475213251
TLT,2026-09-14,start,2026-09-14,80.59500122070312,0.536244922940341,0.1227844840494791,-0.4134604388908618,11441.0,33710.0,2.946420767415436,1038122.0,608402.0,0.5860602125761712,109.0,0.3071470250742636,-0.6771577919804291,0.0422961594328058,-0.0284448139854422,0.0016934529503834,0.0050999606514542,0.0024464176077756,-0.0070170125376279
INTC,2026-09-14,start,2026-09-14,97.4499969482422,0.4486244418096128,1.868976238623267,1.420351796813654,69002.0,21536.0,0.3121068954523057,553760.0,559270.0,1.0099501589136088,226.0,0.5866191742146436,-0.3721498960827309,0.0108927452538852,-0.0459971150700302,-0.2075464480342712,0.009026715860335,0.0038011572141277,-0.0055614400816706
IWM,2026-09-14,start,2026-09-14,288.1000061035156,0.9764013901636156,0.7986483432174823,-0.1777530469461332,19010.0,54819.0,2.8836927932667016,714831.0,1803374.0,2.522797696238692,227.0,0.5264337757823853,-0.3803289962934392,0.0110940291269592,-0.2531111980746011,-0.2263928807197924,0.0311613007433506,0.012413504922222,-0.0132544458273568
MU,2026-09-14,start,2026-09-14,920.239990234375,0.9175122796024484,2.3466597868018164,1.4291475071993682,27901.0,37786.0,1.3542883767606897,233354.0,348017.0,1.491369335858824,576.0,0.3913761705594809,-0.5118526014556777,0.0008123506277745,-0.2777811229110729,-1.7126717393309916,0.0612275045566946,0.0198335677192904,-0.0877311162171185
MSTR,2026-09-14,start,2026-09-14,135.64999389648438,2.103776602994189,2.3565793392306813,0.2528027362364922,34227.0,12620.0,0.3687147573553043,460524.0,273929.0,0.5948202482389626,308.0,0.3177149727796824,-0.6078012448675224,0.006261814652272,-0.1079178311154117,-0.3761225034662743,0.0120297361821467,0.0033039635517894,-0.0276322083318073
MSFT,2026-09-14,start,2026-09-14,500.2049865722656,1.10899457341287,0.8623745857159596,-0.2466199876969103,12255.0,5845.0,0.4769481844145247,395379.0,245572.0,0.6211053192000586,219.0,0.5847401448841842,-0.3486760179055969,0.0041155833168508,-0.4712561212224864,-0.362814385038393,0.0423443172789425,0.023608010243768,-0.0226681760865349
GLD,2026-09-14,start,2026-09-14,391.739990234375,1.129453394929199,0.5904484085872256,-0.5390049863419734,10009.0,11769.0,1.1758417424318113,1619442.0,308780.0,0.1906706137052145,482.0,0.4891676484713273,-0.4364626349057065,0.0051270602443101,-0.6162459667654494,-0.1250609473852872,0.0329968792587667,0.0169249153224034,-0.024947268321206
VIX,2026-09-14,start,2026-09-14,17.280000686645508,3.714037494838169,0.70747900835591,-3.006558486482259,129458.0,19796.0,0.1529144587433762,3734670.0,1559404.0,0.4175480029025322,132.0,0.2214439553754991,-0.7486812332698216,0.0383930311073714,-0.0423868094839478,-0.0161122617224518,0.0007780318926921,0.0001624287782254,-0.0021441170085595
ETHA,2026-09-14,start,2026-09-14,18.920000076293945,2.0878937935767983,2.191534351832613,0.1036405582558148,19254.0,14064.0,0.7304456216889997,489672.0,308887.0,0.6308038850495842,100.0,0.4606859389739299,-0.458202435600152,0.0463924747895615,-0.0157939884471441,-0.0500981800174628,0.0013930545161343,0.0005820432834867,-0.0015347658345466
META,2026-09-14,start,2026-09-14,653.67919921875,1.8844172500395973,1.4290549039471276,-0.4553623460924696,35290.0,15356.0,0.4351374327004817,319663.0,261269.0,0.8173263718353391,432.0,0.4059411821549966,-0.3841023063773865,0.0019355504192473,-1.1173412413905628,-0.9370225519519516,0.0588435062814764,0.0190697674582708,-0.0347119421428366
SLV,2026-09-14,start,2026-09-14,56.83000183105469,1.4446715280769695,1.278955309729638,-0.1657162183473317,13429.0,19586.0,1.4584853674882716,965112.0,463299.0,0.4800468753885559,307.0,0.4527092995444192,-0.5302593504950662,0.0160150198708495,-0.0605998971793295,-0.05164978346666,0.0034593499257197,0.0018870418766584,-0.0056874454403806
NFLX,2026-09-14,start,2026-09-14,79.93009948730469,5.533688154703977,1.3673581171030342,-4.166330037600943,62370.0,20267.0,0.3249478916145583,519591.0,272955.0,0.5253266511544658,464.0,0.2847378751694113,-0.7548884056858935,0.0075529229669134,-1.5060017040756477,-0.0271511128984095,0.006459153605349,0.0012349607760179,-0.0559632416375145
PFE,2026-09-14,start,2026-09-14,27.815000534057617,1.0768271473524305,0.9759348638556986,-0.1008922834967318,17175.0,1241.0,0.0722561863173216,324800.0,270303.0,0.8322136699507389,70.0,0.5061552244606602,-0.4735452184010813,0.0798625068459267,-0.0302387958218117,-0.0199378952495722,0.0027751976607569,0.0012056111826419,-0.0017651646260358
SOFI,2026-09-14,start,2026-09-14,17.28499984741211,2.173546171468099,2.109785119222005,-0.0637610522460936,26173.0,10243.0,0.3913575058266152,564978.0,255201.0,0.4517007741894374,96.0,0.4373081553049365,-0.5507607891314943,0.0533542386818685,-0.012959122714857,-0.0169153843970541,0.0011718379763545,0.0004826711829215,-0.0016553100064628
COIN,2026-09-14,start,2026-09-14,186.9900054931641,2.542870969176773,1.6117171982832876,-0.9311537708934856,25632.0,8323.0,0.3247112983770287,209622.0,103631.0,0.4943708198566944,253.0,0.3367648743446693,-0.5927664100873996,0.0036312647590446,-0.3084933211978593,-0.4155101465705325,0.014597149990311,0.004249547845189,-0.0327095436844714
GOOGL,2026-09-14,start,2026-09-14,343.3500061035156,2.7513975046025494,1.532818726446101,-1.2185787781564483,45152.0,28936.0,0.6408575478384124,428010.0,260452.0,0.608518492558585,260.0,0.4644929966367058,-0.3432037107444013,0.0032560257611963,-0.6039425787861393,-0.2474187126194361,0.0222857597647093,0.0093761193021781,-0.0163639863322309
PLTR,2026-09-14,start,2026-09-14,167.72230529785156,1.5220315475585935,1.781002656309798,0.2589711087512045,25963.0,22416.0,0.8633825058737434,324156.0,278417.0,0.8588981848245907,149.0,0.5010907784510479,-0.4742897932915003,0.006216830139866,-0.0830736588294318,-0.3398609394080425,0.011768262064699,0.0059027070492763,-0.0134131201076918
SHOP,2026-09-14,start,2026-09-14,129.0500030517578,1.5503711673771785,1.1678263180497113,-0.3825448493274672,1765.0,1235.0,0.6997167138810199,316993.0,59921.0,0.1890294107440858,133.0,0.348724149321358,-0.6005391429394147,0.0148394311862737,-0.3310592670440461,-0.2267518568056321,0.018897235848291,0.0036439774505523,-0.0109339058553901
XOM,2026-09-14,start,2026-09-14,168.1699981689453,1.3178156047092016,1.1422217104963823,-0.175593894212819,82219.0,1554.0,0.0189007407047032,116268.0,98150.0,0.8441703650187498,89.0,0.5836448022194098,-0.2920351958967065,0.0112095823257058,-0.14956832979852,-0.2181309403458517,0.016536689133494,0.0073807185158706,-0.0062708048399866
AMD,2026-09-14,start,2026-09-14,490.977294921875,0.8465352001626735,2.6062300527195816,1.7596948525569085,12090.0,24278.0,2.008105872622002,238578.0,302117.0,1.26632380185935,351.0,0.4857078072475791,-0.3964672987002675,0.0023355435374708,-0.1662938697796754,-1.998943812819959,0.0482101366914353,0.0141439490142375,-0.0331641524938567
BAC,2026-09-14,start,2026-09-14,62.244998931884766,1.382776784269372,1.000157409620098,-0.3826193746492738,12541.0,3242.0,0.2585120803763655,148768.0,230647.0,1.5503804581630458,100.0,0.6954703692493862,-0.3009935107118261,0.031880506044289,-0.0756887313056253,-0.0319151362137833,0.0054681625748334,0.0034413578495109,-0.002370486973777
FIG,2026-09-14,start,2026-09-14,23.270000457763672,2.7612331039151274,2.1252747181532112,-0.6359583857619162,1990.0,773.0,0.3884422110552764,53214.0,31742.0,0.5964971624008719,80.0,0.3397167119069927,-0.5323549356722305,0.0583618377532274,-0.1084741864916323,-0.0803792993253696,0.0040096294540182,0.0005480539723066,-0.0017397362650631
RKLB,2026-09-14,start,2026-09-14,62.8400993347168,1.6738226122205009,1.6411888790780529,-0.0326337331424482,5568.0,3267.0,0.5867456896551724,99373.0,69252.0,0.6968894971471123,112.0,0.2101842273617855,-0.7339257229593987,0.0205423988213086,-0.0724430975019787,-0.1810999039471926,0.0082223506841416,0.0012196963716444,-0.0087578886468248
SPCX,2026-09-14,start,2026-09-14,149.28089904785156,2.1054895608277446,3.229232113831159,1.1237425530034142,47847.0,30927.0,0.6463728133425293,630110.0,526385.0,0.8353858850042056,216.0,0.4234141593505214,-0.4339780574114181,0.0062844549723276,-0.1317519581139314,-1.3475624506238348,0.0158613773343063,0.0046934487101464,-0.0143982985239949
SPY,2026-09-14,intermediate,2026-09-17,761.760009765625,1.027624986193018,0.9023415909636646,-0.1252833952293534,229504.0,380898.0,1.659657348020078,1320262.0,3938697.0,2.9832692298952783,613.0,0.678229221228229,-0.2524394097214915,0.0039368139782948,-0.2741806196324841,-0.4028998788266137,0.0137839888703249,0.0114567442888313,-0.0057086436862569
QQQ,2026-09-14,intermediate,2026-09-17,716.280029296875,0.8762818399681677,1.1162140068672115,0.239932166899044,157975.0,185701.0,1.1755087830352904,1158564.0,1530586.0,1.3211061279307832,502.0,0.5939795726037634,-0.3512263899110219,0.0046307762734624,-0.1089583699207168,-0.3233491251128987,0.0113576776859744,0.0087399063031158,-0.0078523512482122
SPX,2026-09-14,intermediate,2026-09-17,7628.9501953125,,,,,,,,,,,,,,,,,,
TSLA,2026-09-14,intermediate,2026-09-17,371.1550903320313,3.048989374980311,2.1158474363296333,-0.9331419386506776,423372.0,209423.0,0.4946548189299245,603896.0,481337.0,0.7970528037940308,360.0,0.4213037777703077,-0.4982014184055447,0.0025475466334192,-0.3300414874122899,-0.9644280596401495,0.0060485679131678,0.0025300381518486,-0.0083032538084906
NVDA,2026-09-14,intermediate,2026-09-17,219.759994506836,0.729705548502604,2.732614565667652,2.002909017165048,304041.0,201316.0,0.6621343831917406,1350912.0,1208383.0,0.8944942379666477,174.0,0.5610572973370991,-0.3882568664832891,0.0052307304909029,-0.0275779110733012,-0.6568997713174953,0.002859304217341,0.0019037428104342,-0.0031421803904761
IBIT,2026-09-14,intermediate,2026-09-17,43.4900016784668,1.8752899550444504,1.9451813513604528,0.0698913963160021,37825.0,23824.0,0.6298479841374752,807469.0,642886.0,0.7961742184529684,116.0,0.550985671790809,-0.447909965137508,0.0233707434401806,-0.0096750448365742,-0.0129919262822597,0.0004792182780737,0.0004658746876957,-0.0007786495273801
AAPL,2026-09-14,intermediate,2026-09-17,333.06201171875,2.6825258815986417,2.273760690279328,-0.4087651913193135,140642.0,148145.0,1.0533482174599338,487670.0,488295.0,1.0012816043636066,196.0,0.6283370088296729,-0.2202102390910546,0.0051077786624678,-0.1647213966388466,-0.993071530768456,0.0061013127327175,0.0035714134823798,-0.002329723344746
AMZN,2026-09-14,intermediate,2026-09-17,252.0500030517578,0.4794469145856585,1.5621190527759898,1.0826721381903313,54717.0,46704.0,0.8535555677394594,505782.0,296858.0,0.5869287558671522,136.0,0.5082360137346322,-0.439198712657241,0.0066318299827463,-0.0247920353822211,-0.5132211219186268,0.005337401271733,0.0026051346065616,-0.0037348238730444
TLT,2026-09-14,intermediate,2026-09-17,81.625,0.6947137148437499,0.5501725141059028,-0.144541200737847,33435.0,30027.0,0.8980708838043966,1104410.0,556220.0,0.5036354252496809,109.0,0.3567969395485081,-0.6288077121892415,0.0463709243324489,-0.0128358166735473,-0.0141285346648625,0.0011852634918107,0.0007234610779614,-0.0016471167957487
INTC,2026-09-14,intermediate,2026-09-17,109.5749969482422,0.3975576630859375,2.803484959639816,2.4059272965538776,145866.0,73181.0,0.5017001905858802,589755.0,588355.0,0.9976261328856898,226.0,0.6908577771860253,-0.2742257632033641,0.0093683749547979,-0.0520768508470573,-0.3705221980729742,0.0023606700630318,0.001250800704079,-0.0010971954321125
IWM,2026-09-14,intermediate,2026-09-17,287.1650085449219,1.102245875016552,1.1025730123453403,0.0003271373287883,75170.0,33381.0,0.4440734335506186,643824.0,1660749.0,2.5795077536718107,227.0,0.5354746144572446,-0.4115893053078959,0.0102748026196308,-0.0569435272847521,-0.248378033330277,0.0044758822837587,0.0031906357931693,-0.0035461065239034
MU,2026-09-14,intermediate,2026-09-17,978.7349853515624,3.8199931844068895,3.6267055180604215,-0.193287666346468,113931.0,67753.0,0.5946845020231544,271953.0,362176.0,1.331759531977952,576.0,0.4248566471250804,-0.4817800044502915,0.0008073598007104,-0.6098135032030354,-5.151665085094869,0.0165764029055392,0.0058594380050949,-0.0210804390119328
MSTR,2026-09-14,intermediate,2026-09-17,132.60000610351562,3.100125814344618,3.5936068839567,0.4934810696120815,32517.0,21659.0,0.6660823569209952,483988.0,283207.0,0.5851529376761407,308.0,0.2942027692884227,-0.6336692451864059,0.0070240904669036,-0.0548330296102423,-0.6298016775062896,0.0028771133340224,0.0007487490284292,-0.0069849816727537
MSFT,2026-09-14,intermediate,2026-09-17,498.3800048828125,0.3678790174420111,1.4823945451088671,1.114515527666856,35107.0,11647.0,0.3317571994189193,400822.0,248564.0,0.6201356212982322,219.0,0.6034265602967648,-0.3377229935755205,0.0038648261018099,-0.080810703091885,-1.215827986623478,0.0103111144703927,0.0061870425777437,-0.0055065795386635
GLD,2026-09-14,intermediate,2026-09-17,400.1300048828125,1.4801025070605467,0.7785511831112566,-0.7015513239492901,16498.0,12164.0,0.7373014910898291,1417463.0,324688.0,0.2290627691869206,482.0,0.5353584422751582,-0.4101592581436109,0.0049837737107473,-0.2685511627698092,-0.0599150708585321,0.0058507453640134,0.0047946144115544,-0.0059421454292779
VIX,2026-09-14,intermediate,2026-09-17,15.800000190734863,2.5305499966796874,1.3988226461299773,-1.13172735054971,9957.0,5321.0,0.5343979110173747,168104.0,19930.0,0.1185575596059582,81.0,0.2176930504764319,-0.7342173058824684,0.0370375841711706,-0.0345757844007704,-0.0556780750986248,0.0020286419745199,0.0004213252271074,-0.0038866955201375
ETHA,2026-09-14,intermediate,2026-09-17,18.65999984741211,3.3400679350309552,3.14844106084296,-0.1916268741879951,13668.0,10236.0,0.7489025460930641,503124.0,322531.0,0.6410566778766268,100.0,0.448237976475267,-0.4789536104117789,0.0466129197289858,-0.0142431994877201,-0.104234266373648,0.0003037376726562,0.0001398824075784,-0.0003920033192874
META,2026-09-14,intermediate,2026-09-17,672.9550170898438,2.14804986589416,2.528030665438803,0.3799807995446431,69996.0,40284.0,0.5755186010629179,332705.0,284715.0,0.8557581040260892,432.0,0.4643148616405415,-0.3334056464918956,0.0021042176383884,-0.2609001937511979,-3.1297011319050423,0.0140074769480343,0.0058375733681893,-0.0077231877488276
SLV,2026-09-14,intermediate,2026-09-17,59.54499816894531,2.4826228043938925,1.78399438409186,-0.6986284203020325,22629.0,19344.0,0.8548322948429007,976067.0,443968.0,0.4548540212915711,307.0,0.4859697618391304,-0.5041639526342688,0.0152166590012433,-0.0280083536820225,-0.0977756235903665,0.0007498867606735,0.0005321726996908,-0.0013778941811245
NFLX,2026-09-14,intermediate,2026-09-17,76.0,9.084035111860493,1.961636218364877,-7.122398893495616,17852.0,30813.0,1.7260250952274254,526366.0,281263.0,0.5343487231318133,466.0,0.2339011394772455,-0.7886962738368906,0.006787301614357,-3.6145563011679975,-0.0124078590301378,0.0015061287722916,0.0002503778574456,-0.0143090478879135
PFE,2026-09-14,intermediate,2026-09-17,27.665000915527344,1.7539099450005426,1.8137671471449903,0.0598572021444478,11047.0,3555.0,0.3218068253824567,334821.0,272718.0,0.8145188025840673,70.0,0.5047027223955467,-0.4693550901122961,0.0832103913400824,-0.0858627817001397,-0.1017964574363383,0.0011037145606073,0.0003009264692775,-0.0004386422107955
SOFI,2026-09-14,intermediate,2026-09-17,16.795000076293945,3.298586970214844,3.200117162679037,-0.0984698075358072,28921.0,9455.0,0.3269250717471733,611933.0,258869.0,0.4230348747330181,96.0,0.417463732243958,-0.5794795839360982,0.048522346303734,-0.0106045720216205,-0.0085421871995327,0.0002086134921848,0.000112093099449,-0.0004266551606234
COIN,2026-09-14,intermediate,2026-09-17,170.5,3.6337674743652335,2.462980534931306,-1.1707869394339283,16223.0,9635.0,0.5939098810331012,227535.0,120530.0,0.5297207023095348,253.0,0.2840231865376311,-0.6550366927986884,0.0038147534884038,-0.130534986892193,-0.3843381028199953,0.0025821567578772,0.0008233069239494,-0.0084624654059156
GOOGL,2026-09-14,intermediate,2026-09-17,347.6600036621094,1.710297506857113,2.748397189002924,1.0380996821458106,53505.0,14862.0,0.2777684328567423,441853.0,269180.0,0.6092071344994828,260.0,0.502079977592154,-0.3118631970627324,0.003430326989751,-0.1088763012346368,-0.834643091279333,0.0051970961732135,0.0026903654608834,-0.003786244423163
PLTR,2026-09-14,intermediate,2026-09-17,177.32000732421875,0.7430993888671875,2.78052698572932,2.0374275968621323,46035.0,21943.0,0.4766590637558379,350526.0,295229.0,0.8422456536747631,149.0,0.5550635720180725,-0.4231498152352828,0.0058207844604683,-0.0390180173751158,-0.6448756010971364,0.003352815503779,0.0017370105000973,-0.0030880919021865
SHOP,2026-09-14,intermediate,2026-09-17,128.36000061035156,1.9306597585449217,2.273749739510031,0.3430899809651093,1231.0,1767.0,1.4354183590576768,318658.0,59285.0,0.1860458548035825,133.0,0.3351072249988499,-0.5906947380293622,0.0179961172822067,-0.2605784850617287,-0.7671745169580972,0.0062627637944834,0.0008880763434165,-0.0026935797089426
XOM,2026-09-14,intermediate,2026-09-17,161.63999938964844,2.1768481277669265,1.573806496734619,-0.6030416310323075,49190.0,1780.0,0.0361862167107135,112603.0,101805.0,0.9041055744518351,89.0,0.5286355883969596,-0.3706794161460813,0.0114038690271759,-0.2485448181346871,-0.3118095061609751,0.0041529194244948,0.0016047344038061,-0.0019105934911657
AMD,2026-09-14,intermediate,2026-09-17,537.1500244140625,0.581827582322391,4.392695820391585,3.810868238069194,88051.0,46159.0,0.5242302756357111,249260.0,320519.0,1.285882211345583,351.0,0.5768343431875408,-0.2952221643384311,0.0021752192765351,-0.1546858846793904,-8.354476906139443,0.015991607069542,0.0048438741002369,-0.0068231740991922
BAC,2026-09-14,intermediate,2026-09-17,57.68999862670898,1.7522355565409755,1.6076361764705882,-0.1445993800703873,13649.0,3582.0,0.2624368085574035,158988.0,235747.0,1.4827974438322389,100.0,0.5951151138435251,-0.4013241069022165,0.0374627608670167,-0.0841291073207455,-0.0812607121874032,0.0015816071043228,0.0007007852428121,-0.0007580725571409
FIG,2026-09-14,intermediate,2026-09-17,23.100000381469727,3.313257659190785,3.449275833468968,0.1360181742781825,582.0,500.0,0.8591065292096219,56398.0,35501.0,0.6294726763360403,80.0,0.3360768625816966,-0.5466778266160608,0.06799701240451,-0.1139033740151872,-0.1875273441635851,0.0012110001529639,0.0001429192697486,-0.0004414704732978
RKLB,2026-09-14,intermediate,2026-09-17,67.40499877929688,2.23047162227236,2.2271443876591435,-0.0033272346132164,15500.0,7158.0,0.4618064516129032,109445.0,69684.0,0.6367033669879848,112.0,0.2730358900253817,-0.6887744646144852,0.0211998104646153,-0.1054214590463692,-0.1696159532431372,0.0022754961216139,0.0004213287642775,-0.002094107529962
SPCX,2026-09-14,intermediate,2026-09-17,154.69000244140625,3.1677339549700982,4.988697100329354,1.820963145359256,156799.0,57813.0,0.3687077085950803,682063.0,608458.0,0.8920847487695418,216.0,0.4376108901223269,-0.4311176642227121,0.0048991720268721,-0.3283901918868764,-3.659882878338271,0.0051898991159838,0.0012337073118687,-0.0035325780845687
SPY,2026-09-14,end,2026-09-18,759.2100219726562,1.847855462437108,0.9443031613641034,-0.9035523010730048,435784.0,619604.0,1.4218144768968113,1086778.0,4088011.0,3.7615879232005054,613.0,0.6670461940160234,-0.278015700675689,0.0036707544611445,-0.2954249905548645,0.0188854759416227,0.0020389546407563,0.0030404569172252,-0.0016889188240461
QQQ,2026-09-14,end,2026-09-18,716.5599975585938,2.344440045391376,1.5858798918378845,-0.7585601535534916,244879.0,320903.0,1.3104553677530535,1186891.0,1576365.0,1.3281463925499477,502.0,0.5871965936641592,-0.3549715690802443,0.0045361992912319,-0.4818524689402727,-0.3032014288946569,0.0032451974483696,0.0023311892678933,-0.0021454571463461
SPX,2026-09-14,end,2026-09-18,7622.43994140625,,,,,,,,,,,,,,,,,,
TSLA,2026-09-14,end,2026-09-18,362.2550048828125,5.500605540139803,2.4597372971817544,-3.040868242958049,250826.0,155910.0,0.6215862789344008,628896.0,510681.0,0.8120277438558998,360.0,0.3965110578631367,-0.5259472604113099,0.0028528652660092,-1.2954589042702662,-0.3275702052618116,0.0018299506225396,0.0006194594699217,-0.0023210230464886
NVDA,2026-09-14,end,2026-09-18,219.55499267578125,2.9516046066080723,3.693368807400294,0.7417642007922218,143764.0,98965.0,0.6883851311872236,1338538.0,1206941.0,0.9016860186262924,174.0,0.5590487046105207,-0.3969007029525103,0.0050508374078781,-0.0212780928211881,-1.064035260348343,0.000557765924188,0.0005124820547559,-0.0008628899417205
IBIT,2026-09-14,end,2026-09-18,45.3849983215332,3.527649807213092,1.7601082287176724,-1.7675415784954198,44747.0,19444.0,0.4345319239278611,792077.0,640447.0,0.8085665913793735,116.0,0.5832869522480867,-0.414854429193447,0.018393663371611,-0.0241388016639393,-0.0014384992461209,0.000123227107541,0.000136838245828,-0.0001999312607208
AAPL,2026-09-14,end,2026-09-18,334.8900146484375,4.280733070159627,3.032910596776383,-1.247822473383244,92289.0,118906.0,1.2884092362036643,505183.0,506770.0,1.0031414358757125,196.0,0.6378464906339548,-0.22079105397463,0.0043137097928063,-0.1144263604437255,-2.178798544232244,0.0014531828236825,0.0009912484498626,-0.000628903016252
AMZN,2026-09-14,end,2026-09-18,252.3650054931641,2.3627684126674104,1.9151025146484373,-0.4476658980189731,80432.0,12709.0,0.1580092500497314,498706.0,284514.0,0.5705044655568612,136.0,0.5038583273467224,-0.4626040206950868,0.0065741819597222,-0.0992190970581849,-0.1093153420462205,0.0008674345268144,0.0006974044698175,-0.0010534281717948
TLT,2026-09-14,end,2026-09-18,81.33999633789062,0.9665531384943182,0.7753418675853588,-0.1912112709089594,8522.0,60613.0,7.112532269420324,1095165.0,538252.0,0.491480279227331,109.0,0.3480765564226202,-0.6424240745110935,0.0338997840631894,-0.0040539090385891,-0.0026274310630414,0.0001722930982204,0.0001907203194009,-0.0004543182265936
INTC,2026-09-14,end,2026-09-18,108.0186004638672,6.479235984693444,2.9978406971754468,-3.481395287517997,53944.0,25711.0,0.4766239062731722,610586.0,628026.0,1.0285627249887812,226.0,0.6600151001949585,-0.3000869012354358,0.0095631777605954,-0.5769572314881887,-0.3947410234127004,0.0008032889392524,0.000313757488163,-0.0003165580454921
IWM,2026-09-14,end,2026-09-18,282.9200134277344,2.069536342980336,1.1909785792555505,-0.8785577637247857,82558.0,216098.0,2.617529494416047,645790.0,1566699.0,2.426019294197804,227.0,0.4970619119101862,-0.4533674659126838,0.0103663992986192,-0.1244069103856236,-0.4233380849622277,0.0011014668673151,0.0007832425445698,-0.0010477842098729
MU,2026-09-14,end,2026-09-18,990.4299926757812,5.292757175592181,5.105781465592084,-0.1869757100000972,73196.0,47511.0,0.6490928466036395,289158.0,371982.0,1.2864316394497126,576.0,0.4351118114901374,-0.4815142645070214,0.0007606476875774,-0.1812464784867033,-7.557326648233963,0.0036112049580982,0.001645114043939,-0.0056930091511297
MSTR,2026-09-14,end,2026-09-18,143.7899932861328,5.667447247578186,4.874111026146249,-0.7933362214319368,106947.0,43612.0,0.4077907748697953,480981.0,281725.0,0.5857299976506348,308.0,0.3574330132444364,-0.57075858906447,0.0068198444672029,-0.2058305818148956,-0.9855203428527656,0.0008597926677847,0.0002677720881227,-0.0018248648090248
MSFT,2026-09-14,end,2026-09-18,492.7900085449219,2.400856462240304,1.6812673425033855,-0.7195891197369184,23558.0,15155.0,0.6433058833517277,401436.0,250105.0,0.623025837244293,219.0,0.5748602430503242,-0.3797896153817047,0.0039591203601058,-0.320925371795684,-0.9798422944310408,0.002123520036639,0.0015707871814595,-0.0016417828868212
GLD,2026-09-14,end,2026-09-18,399.0,1.8499274996875,1.521856890905972,-0.3280706087815279,20030.0,19740.0,0.9855217174238642,1390083.0,309265.0,0.222479521007019,482.0,0.5367754842437196,-0.4154972809538019,0.0048240367414183,-0.0593543368747567,-0.0049330000533755,0.000909178458065,0.0013038966773691,-0.0016249837786413
VIX,2026-09-14,end,2026-09-18,15.3100004196167,2.9613312611816407,2.283272947446761,-0.6780583137348795,14299.0,1884.0,0.1317574655570319,180649.0,28103.0,0.1555668727753821,81.0,0.192025456906691,-0.7101033977515495,0.0357123738040639,-0.0522398052836045,-0.1307910292528771,0.0020007416149259,0.0002837015709829,-0.0032283756315384
ETHA,2026-09-14,end,2026-09-18,19.28499984741211,5.37220220187205,3.473493313819399,-1.898708888052652,27603.0,10415.0,0.3773140600659349,501903.0,317765.0,0.6331203439708469,100.0,0.4700231943485289,-0.4580492061311935,0.0426889176024129,-0.0232944891104587,-0.2429094727181414,9.652364670868098e-05,4.097090296128962e-05,-0.0001028705203993
META,2026-09-14,end,2026-09-18,676.0294799804688,2.9823643490272715,3.341144522578189,0.3587801735509175,78942.0,53291.0,0.6750652377695017,336966.0,293130.0,0.8699097238297039,432.0,0.4709278833414304,-0.333931025244184,0.0020170529848645,-0.1346915208527822,-6.243073087187071,0.0036790735866272,0.0016152007086062,-0.0020835211778647
SLV,2026-09-14,end,2026-09-18,59.810001373291016,3.5656815873927696,2.30154787568724,-1.2641337117055298,14780.0,42166.0,2.852909336941813,983394.0,407309.0,0.4141869891416868,307.0,0.4899627102949461,-0.5057649380994933,0.0137890166387628,-0.0146796009498329,-0.0300375710256624,0.0001117801746656,0.0001460007362231,-0.0003734649549556
NFLX,2026-09-14,end,2026-09-18,72.07499694824219,10.700321917105208,3.206712112996992,-7.493609804108216,44717.0,74323.0,1.6620748261287654,530232.0,267980.0,0.5054014091944659,466.0,0.1844726038993901,-0.8076433120258122,0.0068904598399053,-5.138227715546076,-0.0955170487624306,0.0003963596570251,5.40278486815597e-05,-0.0038861908910046
PFE,2026-09-14,end,2026-09-18,27.38990020751953,2.26476040608724,2.365122752757353,0.1003623466701131,2423.0,1298.0,0.5356995460173339,322924.0,271960.0,0.8421795840507365,70.0,0.5010587750637537,-0.5177922425123727,0.0778548858071577,-0.0441209244932443,-0.038697846863208,0.0001676348346033,8.108152231102708e-05,-0.0001283873325155
SOFI,2026-09-14,end,2026-09-18,16.799999237060547,4.975100634358724,4.512047537434896,-0.4630530969238284,11087.0,27059.0,2.4406061152701364,618031.0,232994.0,0.3769940342798338,96.0,0.4176539206882115,-0.5811669541267205,0.0387762916361953,-0.0045227409603508,-0.0021296244145911,3.4765102458488054e-05,3.0417918787889405e-05,-0.0001157457976091
COIN,2026-09-14,end,2026-09-18,184.8307037353516,5.937207543491097,3.681633927537242,-2.2555736159538555,35265.0,21758.0,0.616985679852545,227747.0,117076.0,0.5140616561359754,253.0,0.3278302732221956,-0.6132807841709602,0.003749143166562,-0.1778331017356054,-0.8601447038352774,0.0008238731248861,0.0002809473556456,-0.002235692435845
GOOGL,2026-09-14,end,2026-09-18,354.3949890136719,5.2763702359943006,3.872419835124059,-1.4039504008702417,107157.0,30711.0,0.2865981690416865,436490.0,261871.0,0.5999473069257028,260.0,0.5164547597767972,-0.3032362171644672,0.0033106671782407,-0.1296886834802562,-1.2577526933232737,0.0012039000846328,0.0007663995014929,-0.000999902807103
PLTR,2026-09-14,end,2026-09-18,173.1649932861328,4.617451119042969,2.216083875674686,-2.401367243368284,33709.0,33984.0,1.0081580586786911,353430.0,293802.0,0.8312876665817842,149.0,0.5249016426619898,-0.4615102299521864,0.005704061423806,-0.256326013573653,-0.5920617395318362,0.0007516564327768,0.0004313244629725,-0.0008841264325438
SHOP,2026-09-14,end,2026-09-18,127.98999786376952,2.5974189522611177,2.877279950669233,0.279860998408115,841.0,8345.0,9.922711058263973,317305.0,51782.0,0.1631931422448433,133.0,0.3293942676022052,-0.6112358609430969,0.0188070344132908,-0.1779567260490837,-0.7525491675924996,0.0014301029965393,0.0002360224208376,-0.0007467452107091
XOM,2026-09-14,end,2026-09-18,162.60499572753906,2.7800815280490454,2.2188314558826794,-0.561250072166366,50255.0,2766.0,0.0550392995721818,110652.0,101363.0,0.916052127390377,89.0,0.5424424146040923,-0.367655058150605,0.0114533486787652,-0.0797426496270369,-0.5421866671828658,0.0008456639800792,0.0004519423538151,-0.0005127638386127
AMD,2026-09-14,end,2026-09-18,548.219970703125,6.239082009482972,5.89770895912845,-0.3413730503545213,36472.0,30966.0,0.8490348760693135,263995.0,338373.0,1.2817401844731908,351.0,0.5933581444986654,-0.2957096772384843,0.0020860966801889,-0.5233489601483046,-16.99359843686125,0.0050609897714866,0.0013788783342469,-0.001821770462728
BAC,2026-09-14,end,2026-09-18,58.084999084472656,1.257619484016263,2.173965580001532,0.916346095985269,2027.0,17679.0,8.721756290083867,159489.0,224489.0,1.4075516179799237,100.0,0.6292794098249478,-0.3940562111705094,0.0451780788569289,-0.0050288336880155,-0.0691826945718542,0.0002701543391462,0.0002047865650093,-0.0002019577299657
FIG,2026-09-14,end,2026-09-18,22.7549991607666,5.170901276467063,4.338978572048611,-0.8319227044184521,423.0,2865.0,6.773049645390071,55922.0,34769.0,0.6217409963878259,80.0,0.3108367671851279,-0.5976528014504425,0.0704775639795277,-0.1852716853132791,-0.1235128322950896,0.0003072489799628,3.469673079823879e-05,-0.0001276710874515
RKLB,2026-09-14,end,2026-09-18,64.27140045166016,3.3759622327081087,0.3374831089048032,-3.038479123803305,9654.0,6780.0,0.7022995649471722,111153.0,67617.0,0.6083236619794338,112.0,0.2065333658866421,-0.7661336371576892,0.018221184128354,-0.2661652058208587,-0.0033320350490199,0.0004782676115501,8.198408849068028e-05,-0.0006044496199619
SPCX,2026-09-14,end,2026-09-18,151.60000610351562,5.276015810255203,5.600922951260167,0.3249071410049646,81729.0,160701.0,1.9662665638879715,644509.0,621509.0,0.9643139195883998,216.0,0.4343501034008602,-0.4712828956519646,0.0049066279571859,-0.4953877322675301,-5.666264921890689,0.0014247400543688,0.0003315887379001,-0.0009898741306781
SPY,2026-09-21,start,2026-09-21,771.02001953125,0.3569150018936062,0.3606509503128279,0.0037359484192217,129419.0,104923.0,0.81072330956042,263285.0,563804.0,2.141420893708339,295.0,0.5264824585176107,-0.2614038995382771,0.00844018146228,-0.2196715868284996,-0.2255108596231318,0.0788088217533377,0.0401070605804665,-0.0230362050246819
QQQ,2026-09-21,start,2026-09-21,737.52001953125,0.2009711470620149,0.4231085333905901,0.2221373863285752,115599.0,117876.0,1.019697402226663,120957.0,359414.0,2.9714195953934044,293.0,0.6473374985424086,-0.1827332546928027,0.0068066550601571,-0.1652163078605989,-0.1899475298612774,0.0680759589512545,0.0474804185144218,-0.0154400349455023
SPX,2026-09-21,start,2026-09-21,7740.68017578125,,,,,,,,,,,,,,,,,,
TSLA,2026-09-21,start,2026-09-21,374.8599853515625,0.958771723048106,0.9899548605957031,0.0311831375475971,121431.0,78377.0,0.6454447381640602,155168.0,198416.0,1.2787172612909878,209.0,0.4629636352281294,-0.3296048632126144,0.0043468331886322,-0.2137739077364349,-0.19570154706481,0.0307623244945038,0.0141817413612246,-0.0157392961674155
NVDA,2026-09-21,start,2026-09-21,224.9900054931641,1.1341733469332185,1.1133750543930951,-0.0207982925401231,194851.0,107370.0,0.5510364329667284,408888.0,303463.0,0.7421665590577371,146.0,0.5278999633956153,-0.3601161556995405,0.0063653846900376,-0.0696455358491592,-0.0412903194407497,0.0118560742375989,0.0088144910271854,-0.0106574411225995
IBIT,2026-09-21,start,2026-09-21,48.810001373291016,0.1902069616477273,0.8467721315696024,0.6565651699218751,89516.0,41457.0,0.4631239108092408,358044.0,142125.0,0.3969484197472936,110.0,0.7433081757036755,-0.2555908284045701,0.0385596788914287,-0.0246917708450773,-0.0375613247149224,0.0048115710684511,0.0031339384696863,-0.0015181528425634
AAPL,2026-09-21,start,2026-09-21,338.2760009765625,0.8221815589096965,0.7251395902572141,-0.0970419686524823,45232.0,51436.0,1.13715953307393,118345.0,116273.0,0.9824918669990282,130.0,0.6853868434329261,-0.212163635974401,0.0068259565317552,-0.160921912516451,-0.138266330578994,0.0258065195287787,0.0199767326879812,-0.0084802023629972
AMZN,2026-09-21,start,2026-09-21,256.30499267578125,0.6877907791250722,0.740924106304462,0.0531333271793897,58713.0,17850.0,0.3040212559399111,96032.0,58888.0,0.6132122625791403,106.0,0.5379056282058811,-0.3779830347479099,0.0085046155642763,-0.1504599036361521,-0.1752372988482066,0.0233010541915246,0.0123803196735334,-0.0122223966287016
TLT,2026-09-21,start,2026-09-21,81.69000244140625,0.3100028936298076,0.2622931634324597,-0.0477097301973479,19721.0,5212.0,0.2642868008721667,167822.0,101103.0,0.6024418729368021,70.0,0.3711838282875702,-0.5020945460708459,0.0754851137140154,-0.0210431537488345,-0.0154906374574513,0.0080454988127015,0.0031347085728779,-0.0047433700589707
INTC,2026-09-21,start,2026-09-21,124.37999725341795,0.340060581665039,1.0120890963702134,0.6720285147051743,102131.0,61929.0,0.6063682917037921,120086.0,81891.0,0.6819362790000499,143.0,0.7626891267961944,-0.2298420797505364,0.0126602895223526,-0.1411189629264563,-0.1778404904281779,0.0163133911830854,0.0080594422788189,-0.0034878923151042
IWM,2026-09-21,start,2026-09-21,285.9599914550781,0.3520701044573103,0.3366560310970444,-0.0154140733602658,44019.0,16984.0,0.3858333901269906,131517.0,151195.0,1.1496232426226267,188.0,0.3991732015189905,-0.4158903079852071,0.0148999341662772,-0.0743727273465853,-0.0503798020092433,0.0240539596904045,0.011436969237517,-0.0137866291532929
MU,2026-09-21,start,2026-09-21,1037.8184814453125,1.897720904145852,1.4983603872375488,-0.3993605169083032,58655.0,56698.0,0.966635410450942,74034.0,153877.0,2.078463948996407,474.0,0.5397456902447286,-0.2336997234878145,0.0010690161201518,-2.0210934331258423,-0.2962396297844115,0.0872754060260766,0.0401701028768071,-0.0319843549212773
MSTR,2026-09-21,start,2026-09-21,166.77000427246094,1.2979795444649511,1.412789067119524,0.1148095226545726,133211.0,59517.0,0.4467874274646988,225558.0,166276.0,0.737176247351014,211.0,0.7585150562192391,-0.1573593768189107,0.0042865505863384,-0.1623271027378059,-0.1526358340496379,0.0118071911091459,0.0094792851085343,-0.0033878379859847
MSFT,2026-09-21,start,2026-09-21,493.4800109863281,0.5738233101701148,0.6243534481249358,0.0505301379548209,16076.0,6962.0,0.4330679273451107,71450.0,35679.0,0.4993561931420573,157.0,0.527170424363848,-0.2674093656249598,0.0059694293781438,-0.2108941661085361,-0.2613779040077204,0.0486945095409994,0.0246359221636201,-0.0156382303834446
GLD,2026-09-21,start,2026-09-21,398.8349914550781,0.6500156978108723,0.5294681813557943,-0.120547516455078,5792.0,5911.0,1.0205455801104972,75992.0,56042.0,0.7374723655121592,276.0,0.4565609006151931,-0.3468470127581503,0.0091859168745795,-0.203641526918666,-0.1417297299077047,0.041911813384521,0.0174847458298463,-0.0166376763232947
VIX,2026-09-21,start,2026-09-21,14.779999732971191,3.555393075976562,6.267025105782644,2.7116320298060823,15294.0,3759.0,0.2457826598666143,191794.0,28701.0,0.1496449315411326,85.0,0.1858418148540032,-0.6456716457729986,0.052916372051178,-0.0331103185591433,-0.5526481683419371,0.0013378747416799,0.0001200727166094,-0.0012820065288082
ETHA,2026-09-21,start,2026-09-21,20.759899139404297,0.4795919080171131,1.6301611268028844,1.1505692187857712,34181.0,24032.0,0.7030806588455575,134318.0,103282.0,0.7689364046516476,81.0,0.5860152908619501,-0.2399569413234703,0.0534717088739963,-0.0104576938265793,-0.0217475887007114,0.0016334086601564,0.000923189649212,-0.0006831825029497
META,2026-09-21,start,2026-09-21,718.8488159179688,0.2970057872957308,1.053066389742973,0.7560606024472423,100110.0,45321.0,0.4527120167815403,90321.0,56952.0,0.6305510346431062,302.0,0.596077659893441,-0.114304361195418,0.0019817488400868,-0.2722907280071552,-0.4699189034411773,0.0537360741927384,0.0370146220384069,-0.0096537714443729
SLV,2026-09-21,start,2026-09-21,59.775001525878906,0.8306970068359375,0.7238815544782365,-0.1068154523577009,7172.0,3733.0,0.5204963747908533,106656.0,41823.0,0.3921298379837983,118.0,0.5157195054015911,-0.432601453803202,0.0408380978262811,-0.0360779703667448,-0.0299631523986738,0.0062039491448616,0.0027061714071261,-0.0032527399108391
NFLX,2026-09-21,start,2026-09-21,73.58499908447266,0.8594313008539728,0.9877733572313264,0.1283420563773535,56918.0,17669.0,0.310429038265575,79772.0,48640.0,0.6097377525948955,88.0,0.3618606219212857,-0.5789678044392417,0.0298823985260009,-0.040746560064479,-0.1358515127469126,0.0084896907802604,0.0024154593489678,-0.0057066125429674
PFE,2026-09-21,start,2026-09-21,27.625,0.7955448577473958,1.0946557806865984,0.2991109229392026,5958.0,1391.0,0.233467606579389,29387.0,15464.0,0.5262190764623813,56.0,0.6001680717475074,-0.3698880288358598,0.1036273343042187,-0.0227516823174256,-0.0685007869195912,0.0038008725461234,0.0014369790413851,-0.0012954157954154
SOFI,2026-09-21,start,2026-09-21,17.059999465942383,1.120181696166992,1.0222811395263671,-0.097900556640625,63251.0,22043.0,0.348500418965708,111810.0,73413.0,0.6565870673463912,64.0,0.4882392490393463,-0.5064163418576045,0.0753394524523469,-0.0109593595502546,-0.0069335875657286,0.0012487397493379,0.0006802633312534,-0.001197472146056
COIN,2026-09-21,start,2026-09-21,204.1999969482422,1.7546369220127207,1.3629919810120488,-0.3916449410006719,45590.0,16766.0,0.3677560868611537,75088.0,44935.0,0.5984311740890689,149.0,0.6358209271327664,-0.2029937830670619,0.0059564596685077,-0.3986418141106854,-0.1705841217321271,0.022796125685906,0.0097611522108183,-0.005227117597804
GOOGL,2026-09-21,start,2026-09-21,356.5849914550781,1.0958578953432232,1.077239718903842,-0.0186181764393811,28244.0,18848.0,0.6673275739980172,85270.0,48786.0,0.5721355693678902,162.0,0.4935132404273616,-0.1828787515607541,0.0055218928247912,-0.3295349793867164,-0.1406156801816417,0.0312315759714299,0.0147784327484092,-0.007759755130648
PLTR,2026-09-21,start,2026-09-21,182.3350067138672,0.4349098722542106,1.1729531395806203,0.7380432673264099,93180.0,30220.0,0.3243185232882593,101692.0,82681.0,0.8130531408567045,149.0,0.5670128365615319,-0.385969206181928,0.006077460425694,-0.0624175738881566,-0.1080397594919105,0.0116210463934104,0.0080186696042053,-0.0099344461223149
SHOP,2026-09-21,start,2026-09-21,129.9600067138672,0.9903778105817522,0.7386249873142615,-0.2517528232674907,4559.0,1633.0,0.3581925860934415,12613.0,16181.0,1.2828827400301277,114.0,0.3703688394414168,-0.5095952248519976,0.0200542969591751,-0.2204445813887867,-0.1852187105327308,0.0225511850228161,0.0045925675869223,-0.0082861407618212
XOM,2026-09-21,start,2026-09-21,159.27999877929688,0.6001617067649148,0.6966192234700521,0.0964575167051373,4645.0,3510.0,0.7556512378902045,29100.0,7908.0,0.2717525773195876,63.0,0.4122453040589334,-0.2568253132595222,0.0175694462846717,-0.1305412051700619,-0.1329468230669715,0.0199279920581273,0.0065125288704227,-0.0048048301481594
AMD,2026-09-21,start,2026-09-21,609.8599853515625,2.3840649022338867,1.7115848307994497,-0.6724800714344372,58743.0,76383.0,1.3002910985138654,80311.0,89092.0,1.1093374506605571,365.0,0.6919326671788862,-0.0800573028675048,0.0018488834087686,-1.0468180570291288,-0.2451468663053248,0.0534866930543217,0.0282573222548536,-0.0058540543708921
BAC,2026-09-21,start,2026-09-21,57.935001373291016,0.6684172327769887,0.62094203828125,-0.0474751944957386,10322.0,3528.0,0.3417942259252083,47843.0,14369.0,0.3003365173588613,58.0,0.3968318033413736,-0.5527051005705242,0.0461480443021157,-0.029215885003956,-0.0389921852712136,0.00558907563475,0.0021529638329046,-0.0040801248235095
FIG,2026-09-21,start,2026-09-21,22.479999542236328,1.441631102072976,1.560022080078125,0.118390978005149,5121.0,3577.0,0.6984963874243312,11886.0,8484.0,0.7137809187279152,81.0,0.3358542348675233,-0.5401453007659774,0.065176725675277,-0.0474921378581317,-0.0920425291578058,0.0036624044534604,0.0006690591237512,-0.001740056512824
RKLB,2026-09-21,start,2026-09-21,69.72000122070312,0.9280696315429688,1.1752667568550856,0.2471971253121168,32414.0,11253.0,0.3471648053310298,38799.0,24352.0,0.6276450423979999,101.0,0.4535244104784857,-0.498122859226463,0.0234307626874768,-0.0898708664528886,-0.1628232047705001,0.0104150669435094,0.0028666362255,-0.0047461035860073
SPCX,2026-09-21,start,2026-09-21,155.41000366210938,1.3440465720214845,1.2784299468085103,-0.0656166252129737,169477.0,74692.0,0.4407205697528278,156525.0,171789.0,1.0975179683756588,194.0,0.7391641423428662,-0.2361657402360962,0.006880191066431,-0.1586663363598064,-0.088127370799612,0.011828867786471,0.0083977866113178,-0.0048477908480906
SPY,2026-09-21,intermediate,2026-09-22,773.3189697265625,0.4013316170942413,0.3708207032980848,-0.030510913796156502,114152.0,97775.0,0.8565333940710631,284888.0,624167.0,2.1909206424981047,295.0,0.5437318604525675,-0.26224681685278206,0.008398141868198322,-0.25756080801940984,-0.13302999012954364,0.05001855235181654,0.031180895906858443,-0.017292197525730323
QQQ,2026-09-21,intermediate,2026-09-22,745.02001953125,0.4425643562506383,0.4640037166268485,0.021439360376210193,96015.0,90428.0,0.941811175337187,44021.0,437806.0,9.945389700370278,293.0,0.68048648097859,-0.13860622463367422,0.00688747221331466,-0.3037858347764223,-0.140945668285072,0.054269581333797445,0.0376259666711435,-0.008872129822864241
SPX,2026-09-21,intermediate,2026-09-22,7763.72021484375,,,,,,,,,,,,,,,,,,
TSLA,2026-09-21,intermediate,2026-09-22,377.135009765625,0.8689791729172137,1.1228769467366535,0.2538977738194398,102125.0,66358.0,0.6497723378212974,188889.0,221997.0,1.1752775439543859,209.0,0.4728529717652097,-0.31749992828575907,0.00435423301554221,-0.20727478322014398,-0.23192887869451756,0.022867599333133416,0.010957598389370845,-0.011418029984943316
NVDA,2026-09-21,intermediate,2026-09-22,228.72000122070312,0.5636168759077023,1.282639738482307,0.7190228625746047,152517.0,64588.0,0.4234806611721972,36570.0,326967.0,8.940853158326497,146.0,0.5507297079690279,-0.3336366183649357,0.0064394749688769445,-0.049160875290492935,-0.06354324344578624,0.009013892186153215,0.007042170667819177,-0.007498212495884669
IBIT,2026-09-21,intermediate,2026-09-22,48.875,1.1439493307883524,0.8295674479758524,-0.3143818828125,41588.0,13373.0,0.32155910358757334,357929.0,151448.0,0.42312302160484344,110.0,0.7235697649376241,-0.26484460466114745,0.043238226187769714,-0.05315899375654453,-0.019269450882625577,0.0038318832392229005,0.0022707993689968222,-0.0011691464869354705
AAPL,2026-09-21,intermediate,2026-09-22,342.3794860839844,1.099947651905733,0.7797796940563572,-0.3201679578493758,100745.0,67039.0,0.665432527668867,143400.0,128888.0,0.8988005578800558,130.0,0.6931497452135309,-0.19631248319482278,0.007468378467297142,-0.30634178919644794,-0.09928321251731567,0.023600743022408124,0.015184805806937315,-0.005895183749859753
AMZN,2026-09-21,intermediate,2026-09-22,254.92999267578125,0.8046965658004196,0.7829467854426458,-0.02174978035777375,54725.0,17036.0,0.311301964367291,117658.0,69278.0,0.5888082408336025,106.0,0.5208038460867693,-0.3975651959507237,0.009186838519864871,-0.1855827097972434,-0.14833782265554663,0.01836477865202072,0.008928008213335191,-0.009563318464484678
TLT,2026-09-21,intermediate,2026-09-22,81.625,0.3386609604116586,0.30252083574848787,-0.036140124663170736,5459.0,4846.0,0.8877083714966111,172260.0,103476.0,0.6006966213862766,70.0,0.37235950386857275,-0.5016621755951631,0.07628351958913294,-0.020196737575421352,-0.023317750809798688,0.006333368220324306,0.002360443960631184,-0.0035551330195790513
INTC,2026-09-21,intermediate,2026-09-22,121.63300323486328,1.4938992414686416,0.8165825351424959,-0.6773167063261457,40797.0,26909.0,0.6595828124617006,140376.0,125290.0,0.8925314868638514,143.0,0.6895779682171358,-0.2834460229657566,0.014900018267553479,-0.3236910532905671,-0.08498268310976347,0.013410722649027486,0.005299688833071857,-0.0031196001432918946
IWM,2026-09-21,intermediate,2026-09-22,286.6199951171875,0.29803766645740326,0.39029155695536055,0.09225389049795729,47123.0,22769.0,0.48318231012456764,165574.0,155725.0,0.9405160230470968,188.0,0.4150441725129432,-0.39839666830214515,0.014922099681583506,-0.048731221004230045,-0.08396188901162682,0.018123764307419958,0.008958233054481207,-0.009929772397782626
MU,2026-09-21,intermediate,2026-09-22,1081.135009765625,1.0777967866555238,2.0094226051979067,0.9316258185423829,66847.0,60786.0,0.9093302616422577,91381.0,172268.0,1.8851621234173406,474.0,0.6097158311091342,-0.17877574367902524,0.0009495063234359652,-0.5026085255992798,-0.80722412942697,0.05372862665600316,0.03651437236308636,-0.019265812094967576
MSTR,2026-09-21,intermediate,2026-09-22,168.91000366210938,2.2504146718436426,1.4652179217648973,-0.7851967500787453,81335.0,46108.0,0.5668900227454355,264483.0,210671.0,0.7965389079827437,211.0,0.7433875422549574,-0.15637238369895468,0.004841045912947338,-0.41502703593373347,-0.07876290117853925,0.01105479588446501,0.006880770551184504,-0.0024994165923968126
MSFT,2026-09-21,intermediate,2026-09-22,495.4599914550781,0.7340685444471571,0.7041825517915423,-0.029885992655614757,54554.0,13213.0,0.2422003886057851,77904.0,53864.0,0.6914150749640583,157.0,0.523958473274228,-0.2666866778708867,0.006278327413942698,-0.418874820542217,-0.2579739300875956,0.04373307500904146,0.01832894800828395,-0.011674238052602344
GLD,2026-09-21,intermediate,2026-09-22,396.67999267578125,0.7010542370157876,0.5583465348113531,-0.14270770220443452,10096.0,3536.0,0.3502377179080824,81633.0,60981.0,0.7470140751901805,276.0,0.440527285200961,-0.3709834285058966,0.009188059965376028,-0.21152907006129737,-0.11210464359852727,0.02974004496173307,0.012602255075285446,-0.013254913408171405
VIX,2026-09-21,intermediate,2026-09-22,14.390000343322754,4.2914871761718745,7.419088369628907,3.127601193457033,18401.0,5956.0,0.323678060974947,192813.0,26136.0,0.13555102612375722,85.0,0.17133164340719065,-0.7217983052721568,0.06481750054312073,-0.033206195929560624,-0.5633963391418707,0.0007503397320970332,5.50349195217982e-05,-0.0006592032369002283
ETHA,2026-09-21,intermediate,2026-09-22,20.65180015563965,1.8632842020089284,1.4719593910256412,-0.3913248109832872,12226.0,21432.0,1.752985440863733,134611.0,111695.0,0.8297613122255982,81.0,0.5566805283310506,-0.2622240264186243,0.05903231112503946,-0.030281519977823336,-0.007510384023031165,0.0012890416228087918,0.000641120119117165,-0.0005465411440741671
META,2026-09-21,intermediate,2026-09-22,748.5700073242188,1.095793493428428,1.2570478810475285,0.1612543876191006,53567.0,41887.0,0.7819553083054865,127312.0,89517.0,0.7031308910393365,302.0,0.6406500147269092,-0.06886878753709487,0.0017328787520864996,-0.607638645034102,-0.3315739507598987,0.045811438684874306,0.030409307741194647,-0.004445016371314929
SLV,2026-09-21,intermediate,2026-09-22,59.345001220703125,0.8994970367628529,0.7881602556501115,-0.11133678111274137,9641.0,5118.0,0.5308577948345607,111892.0,45863.0,0.4098863189504165,118.0,0.49967689762147766,-0.44956079978078506,0.04188940616694212,-0.03580766531613189,-0.027956423638481963,0.004558771160420315,0.0019534948786816744,-0.002520157094273897
NFLX,2026-09-21,intermediate,2026-09-22,72.04010009765625,0.9283406873337766,1.0026240465415397,0.07428335920776308,33158.0,37115.0,1.119337716388202,99518.0,53659.0,0.5391888904519785,88.0,0.32453163459793544,-0.6372454904858461,0.030178772381373533,-0.03953043122979368,-0.1003614736688796,0.005788970936720019,0.0015906229000414356,-0.004620872594534147
PFE,2026-09-21,intermediate,2026-09-22,27.760000228881836,1.2356158251953127,1.1089288279371994,-0.12668699725811328,11588.0,1416.0,0.12219537452537108,34481.0,18833.0,0.5461848554276268,56.0,0.5885253317805248,-0.3942717052666448,0.10199021434790272,-0.05497376148500825,-0.06462300115320084,0.0031031968485528733,0.0010468906618471062,-0.0010211110710271157
SOFI,2026-09-21,intermediate,2026-09-22,17.260000228881836,1.2827181530761718,1.2562288342285155,-0.026489318847656262,109296.0,36980.0,0.33834724052115356,149736.0,85301.0,0.5696759630282631,64.0,0.4992656825190908,-0.4890876009861648,0.07860549953278471,-0.014273019506133676,-0.012566868408693047,0.001123604949512583,0.0005259573801800557,-0.0008735937893571577
COIN,2026-09-21,intermediate,2026-09-22,198.11500549316406,2.1183921312850558,1.4379675070835167,-0.680424624201539,23761.0,9509.0,0.4001935945456841,86958.0,49149.0,0.5652038915338439,149.0,0.5865309894335733,-0.23651655702566823,0.006532223021981349,-0.6318315200172798,-0.16536622636668927,0.01882843516279005,0.006501916508438604,-0.004456124413915822
GOOGL,2026-09-21,intermediate,2026-09-22,354.29998779296875,1.3194686013211026,1.080481174383294,-0.2389874269378085,38409.0,20745.0,0.5401077872373662,91269.0,55302.0,0.6059231502481675,162.0,0.47661107846687095,-0.20714814874047435,0.005321970505366621,-0.5013322504397022,-0.06987569316946037,0.024353343616991197,0.010583939780032102,-0.006506703467032962
PLTR,2026-09-21,intermediate,2026-09-22,183.69000244140625,1.4217641923067168,1.0962255278523763,-0.32553866445434054,54119.0,32749.0,0.6051294369814668,129805.0,93112.0,0.7173221370517314,149.0,0.5676355557182732,-0.38728963326074717,0.006146091358000539,-0.11487983918860041,-0.05647034081063583,0.008766034289665634,0.006023487765222988,-0.007458185858025649
SHOP,2026-09-21,intermediate,2026-09-22,147.24000549316406,1.2761840471540178,0.8442130372051164,-0.43197100994890136,46111.0,12410.0,0.26913317863416536,27369.0,19454.0,0.7108041945266542,114.0,0.6023419161149809,-0.21703845436421795,0.015526772847581749,-0.3924959573370314,-0.18055118398393924,0.01992570302237372,0.006034168918108641,-0.002861374020051727
XOM,2026-09-21,intermediate,2026-09-22,159.75999450683594,0.750862568137429,0.7953006123860678,0.04443804424863873,8046.0,3272.0,0.4066616952522993,30892.0,9650.0,0.3123786093486987,63.0,0.4101845715179115,-0.2508671711874609,0.018010582041770147,-0.22308847700233472,-0.16719180960328656,0.01769948703309231,0.00484886858924558,-0.0035224531375766485
AMD,2026-09-21,intermediate,2026-09-22,618.719970703125,2.135524193841553,1.8991940982000173,-0.2363300956415355,30766.0,72498.0,2.3564324254046674,105122.0,115822.0,1.1017864956907213,365.0,0.7231182875013741,-0.0619699282019001,0.001757475419295311,-0.5419067193793922,-0.21323963892526338,0.030777866147661904,0.02289195406072481,-0.003457523162249538
BAC,2026-09-21,intermediate,2026-09-22,56.564998626708984,0.5559657489938447,0.9235590986328126,0.36759334963896795,18335.0,48471.0,2.6436323970548132,57111.0,14852.0,0.26005498065171334,58.0,0.36583122394567286,-0.5842753491546161,0.04432324634196071,-0.018682467210300056,-0.11291384598728813,0.004908136862438349,0.0014715929250680893,-0.003222260633735088
FIG,2026-09-21,intermediate,2026-09-22,21.259899139404297,1.759679655539773,1.7150576034628378,-0.04462205207693515,5489.0,3440.0,0.6267079613773,16454.0,12836.0,0.7801142579312021,81.0,0.2768238967659482,-0.624000795190105,0.06729326959338987,-0.05816159615310071,-0.0866557719964746,0.002714570366417306,0.0003969793402621624,-0.0014527004154544984
RKLB,2026-09-21,intermediate,2026-09-22,71.54000091552734,1.1604324749511716,1.1735149840111825,0.01308250906001085,23422.0,6437.0,0.27482708564597386,51061.0,26829.0,0.5254303675995378,101.0,0.47793578098273465,-0.4739008673493236,0.023982329149579585,-0.13411129488963364,-0.148717572055744,0.008487860703598585,0.00229190315424846,-0.0034002436619846015
SPCX,2026-09-21,intermediate,2026-09-22,152.7899932861328,2.2980034287353517,1.3174774850398938,-0.9805259436954579,129022.0,60611.0,0.46977259692145523,221788.0,195182.0,0.8800385954154418,194.0,0.7117330533625984,-0.2537724935901373,0.007716517905194034,-0.28990823020196144,-0.07404129463599134,0.010457981817211623,0.005946904158593315,-0.0038505992119697327
