ticker,snapshot_date,week_start,week_position,role,expiration_date,initial_length_bucket,trading_days_to_expiration,trading_days_to_target,option_type,strike_offset,strike,last_price,bid,ask,volume,open_interest,implied_volatility,delta,gamma,theta,vega,rho
SPY,2026-08-20,2026-08-17,End of Week,aligned+weekly,2026-08-21,0-1_day,1,1,call,-2,761.0,3.23,3.17,3.24,3527.0,2315.0,0.1479577392578125,0.6133905240079923,0.0648022487261304,-1.1772731515421486,0.1527666211684061,0.0127256166880287
SPY,2026-08-20,2026-08-17,End of Week,aligned+weekly,2026-08-21,0-1_day,1,1,put,-2,761.0,1.57,1.55,1.58,43331.0,11521.0,0.1440515283203124,-0.3837013918824091,0.0664118115622568,-1.068028999853432,0.1524277036218955,-0.0080591911339812
SPY,2026-08-20,2026-08-17,End of Week,aligned+weekly,2026-08-21,0-1_day,1,1,call,-1,762.0,2.53,2.54,2.58,9637.0,3728.0,0.1424646301269531,0.5488992576970406,0.0696263773579611,-1.1679940328859202,0.1580452923043265,0.0113963892110179
SPY,2026-08-20,2026-08-17,End of Week,aligned+weekly,2026-08-21,0-1_day,1,1,put,-1,762.0,1.93,1.9,1.93,59033.0,4137.0,0.1392908337402344,-0.4500588446880403,0.0711895682069246,-1.065341200158096,0.1579936405173803,-0.0094550626824137
SPY,2026-08-20,2026-08-17,End of Week,aligned+weekly,2026-08-21,0-1_day,1,1,call,0,763.0,1.96,1.96,1.98,31842.0,4124.0,0.1364832446289062,0.4778164115218498,0.0731152979588656,-1.1217825711124476,0.1589967701749696,0.009927847379941
SPY,2026-08-20,2026-08-17,End of Week,aligned+weekly,2026-08-21,0-1_day,1,1,put,0,763.0,2.34,2.33,2.35,78115.0,6367.0,0.1346522082519531,-0.522523362971625,0.0741059951730726,-1.029751541964176,0.1589891668495812,-0.0109804429169634
SPY,2026-08-20,2026-08-17,End of Week,aligned+weekly,2026-08-21,0-1_day,1,1,call,1,764.0,1.46,1.46,1.49,54398.0,3516.0,0.132821171875,0.402934674938908,0.073009156697829,-1.057103064592254,0.1545060000516586,0.0083769015893223
SPY,2026-08-20,2026-08-17,End of Week,aligned+weekly,2026-08-21,0-1_day,1,1,put,1,764.0,2.84,2.8,2.85,82003.0,6749.0,0.1302577209472656,-0.5989886707435577,0.0743541356944671,-0.9584120947602404,0.1543154162214099,-0.0125915821168538
SPY,2026-08-20,2026-08-17,End of Week,aligned+weekly,2026-08-21,0-1_day,1,1,call,2,765.0,1.06,1.05,1.07,61783.0,11100.0,0.1285487536621093,0.3268760693200974,0.0703074455014334,-0.9507452692092336,0.1440024558851479,0.0067994758162407
SPY,2026-08-20,2026-08-17,End of Week,aligned+weekly,2026-08-21,0-1_day,1,1,put,2,765.0,3.42,3.38,3.45,123491.0,41048.0,0.1272059936523437,-0.6748556994022274,0.0708957922329297,-0.8613595800540533,0.1436907277331046,-0.0141929549962614
SPY,2026-08-20,2026-08-17,End of Week,monthly,2026-09-18,20-45_day,21,1,call,-2,761.0,13.25,13.05,13.12,93.0,947.0,0.1435937692260742,0.5575723109073591,0.0127900167719044,-0.2517813127584401,0.848604669252373,0.3264760932691556
SPY,2026-08-20,2026-08-17,End of Week,monthly,2026-09-18,20-45_day,21,1,put,-2,761.0,10.25,10.17,10.22,504.0,1458.0,0.1284572018432617,-0.4374792597111508,0.0142700334360889,-0.1528137330593939,0.8469975534125926,-0.2723598626749312
SPY,2026-08-20,2026-08-17,End of Week,monthly,2026-09-18,20-45_day,21,1,call,-1,762.0,12.53,12.41,12.48,108.0,959.0,0.142037388305664,0.5450491888835023,0.0129830668688844,-0.2494531241445289,0.8520766801744637,0.3194175911441248
SPY,2026-08-20,2026-08-17,End of Week,monthly,2026-09-18,20-45_day,21,1,put,-1,762.0,10.52,10.55,10.6,521.0,1657.0,0.1271754763793945,-0.4514681040250409,0.0144853104343128,-0.1507450593953447,0.8511966144855065,-0.281112630904972
SPY,2026-08-20,2026-08-17,End of Week,monthly,2026-09-18,20-45_day,21,1,call,0,763.0,11.93,11.79,11.85,448.0,1079.0,0.1404504901123047,0.5322250281095668,0.0131709627900208,-0.2468438128605239,0.8547507476766032,0.3121692017810654
SPY,2026-08-20,2026-08-17,End of Week,monthly,2026-09-18,20-45_day,21,1,put,0,763.0,10.84,10.94,10.99,1668.0,783.0,0.1258174577331542,-0.4657711633326366,0.0146966161060282,-0.1483024716800273,0.8543915866060364,-0.2900613657268895
SPY,2026-08-20,2026-08-17,End of Week,monthly,2026-09-18,20-45_day,21,1,call,1,764.0,11.44,11.17,11.24,1080.0,1167.0,0.1389246264648437,0.5190911731485943,0.0133439318769111,-0.2440790763679102,0.8565678335051335,0.3047191333571806
SPY,2026-08-20,2026-08-17,End of Week,monthly,2026-09-18,20-45_day,21,1,put,1,764.0,11.4,11.35,11.4,1515.0,1394.0,0.1245357322692871,-0.4804142840649403,0.0148847977257473,-0.1456995353062262,0.8565162827638829,-0.299232419833579
SPY,2026-08-20,2026-08-17,End of Week,monthly,2026-09-18,20-45_day,21,1,call,2,765.0,10.63,10.58,10.64,1707.0,17429.0,0.1373682455444336,0.505661637968705,0.0135092308685044,-0.2410174856158639,0.8574635797768595,0.2970817592981495
SPY,2026-08-20,2026-08-17,End of Week,monthly,2026-09-18,20-45_day,21,1,put,2,765.0,11.75,11.78,11.83,3950.0,23484.0,0.1232997827148437,-0.4953645272658301,0.01505112914881,-0.1428851058536265,0.857492047592649,-0.3086041425940129
QQQ,2026-08-20,2026-08-17,End of Week,aligned+weekly,2026-08-21,0-1_day,1,1,call,-2,709.0,4.13,4.1,4.19,8975.0,1134.0,0.2111895288085937,0.6028088937801032,0.0490690379201652,-1.5582942295314923,0.1434963098766128,0.0116252573789453
QQQ,2026-08-20,2026-08-17,End of Week,aligned+weekly,2026-08-21,0-1_day,1,1,put,-2,709.0,2.51,2.51,2.55,51334.0,2561.0,0.2313309289550781,-0.4055757453817324,0.0450400056601954,-1.639262621184656,0.1442756192458689,-0.0079686825422253
QQQ,2026-08-20,2026-08-17,End of Week,aligned+weekly,2026-08-21,0-1_day,1,1,call,-1,710.0,3.53,3.5,3.58,33163.0,17785.0,0.2085040087890624,0.5535731221976717,0.050953692221916,-1.573241278235937,0.1471129409325983,0.0106830633512462
QQQ,2026-08-20,2026-08-17,End of Week,aligned+weekly,2026-08-21,0-1_day,1,1,put,-1,710.0,2.9,2.87,2.94,99474.0,24500.0,0.2281571325683593,-0.4506275057667925,0.0466286299660946,-1.6477539131080516,0.1473151845352993,-0.0088567628309613
QQQ,2026-08-20,2026-08-17,End of Week,aligned+weekly,2026-08-21,0-1_day,1,1,call,0,711.0,2.95,2.92,2.95,29073.0,810.0,0.2010577941894531,0.5022123115811679,0.0533214646316831,-1.5282831144526186,0.1484512273056356,0.0097000542154552
QQQ,2026-08-20,2026-08-17,End of Week,aligned+weekly,2026-08-21,0-1_day,1,1,put,0,711.0,3.36,3.3,3.36,41991.0,3750.0,0.2240067834472655,-0.4975596753924839,0.0478586414490626,-1.6264746467024842,0.148450732537681,-0.0097823142765099
QQQ,2026-08-20,2026-08-17,End of Week,aligned+weekly,2026-08-21,0-1_day,1,1,call,1,712.0,2.39,2.38,2.41,40885.0,1268.0,0.1961750305175781,0.4477091002785938,0.0541793438496473,-1.4756604322096325,0.1471764349148177,0.0086533494826997
QQQ,2026-08-20,2026-08-17,End of Week,aligned+weekly,2026-08-21,0-1_day,1,1,put,1,712.0,3.77,3.76,3.85,36135.0,2802.0,0.2213212634277343,-0.5458862869684098,0.0481194898781469,-1.5921583284427654,0.1474704359744313,-0.0107369251376908
QQQ,2026-08-20,2026-08-17,End of Week,aligned+weekly,2026-08-21,0-1_day,1,1,call,2,712.5,2.16,2.14,2.22,13938.0,442.0,0.1977619287109375,0.4214711558786977,0.0531572658746364,-1.4695615519685037,0.1455680729480547,0.0081475587643793
QQQ,2026-08-20,2026-08-17,End of Week,aligned+weekly,2026-08-21,0-1_day,1,1,put,2,712.5,4.03,4.01,4.1,13539.0,1196.0,0.2190019506835937,-0.5705826012738062,0.0481850803559668,-1.5585062669605572,0.1461239419363368,-0.0112247235286478
QQQ,2026-08-20,2026-08-17,End of Week,monthly,2026-09-18,20-45_day,21,1,call,-2,709.0,18.83,18.15,18.33,63.0,392.0,0.2172929833984375,0.5489635432762319,0.0090927956868187,-0.3348744782848767,0.793417804823077,0.2946675197704962
QQQ,2026-08-20,2026-08-17,End of Week,monthly,2026-09-18,20-45_day,21,1,put,-2,709.0,14.33,14.49,14.66,234.0,389.0,0.1955341677856445,-0.4481800414007924,0.0100953987394253,-0.233527748323515,0.7926928500833419,-0.2640081504100335
QQQ,2026-08-20,2026-08-17,End of Week,monthly,2026-09-18,20-45_day,21,1,call,-1,710.0,17.84,17.54,17.72,1340.0,40548.0,0.2159197061157226,0.5399387145977799,0.0091739160531998,-0.3331603944448861,0.7954371106122573,0.2900686282190414
QQQ,2026-08-20,2026-08-17,End of Week,monthly,2026-09-18,20-45_day,21,1,put,-1,710.0,15.0,14.9,15.02,5672.0,26681.0,0.1938252005004883,-0.4581372934905536,0.0102145808824127,-0.2312243885454137,0.7950411364888361,-0.2699009349997322
QQQ,2026-08-20,2026-08-17,End of Week,monthly,2026-09-18,20-45_day,21,1,call,0,711.0,17.19,16.95,17.13,1144.0,290.0,0.2146990151977539,0.5307866456979133,0.0092449561698293,-0.3314903430273362,0.7970649565943081,0.285381294832691
QQQ,2026-08-20,2026-08-17,End of Week,monthly,2026-09-18,20-45_day,21,1,put,0,711.0,15.27,15.3,15.47,529.0,549.0,0.1931233032226562,-0.4683348880485607,0.0102760230254797,-0.2301113136655264,0.7969270283042325,-0.2760007986034052
QQQ,2026-08-20,2026-08-17,End of Week,monthly,2026-09-18,20-45_day,21,1,call,1,712.0,16.88,16.37,16.55,667.0,748.0,0.2134783242797852,0.521527232856788,0.0093120217405423,-0.3296537523437085,0.7982824343069141,0.2806262616023764
QQQ,2026-08-20,2026-08-17,End of Week,monthly,2026-09-18,20-45_day,21,1,put,1,712.0,15.75,15.72,15.9,1171.0,643.0,0.1920246813964844,-0.4786135449352243,0.0103525889736229,-0.2282730215207334,0.7982976145553193,-0.2821292677610708
QQQ,2026-08-20,2026-08-17,End of Week,monthly,2026-09-18,20-45_day,21,1,call,2,713.0,16.07,15.8,15.97,498.0,1086.0,0.2121355642700195,0.5121567110535736,0.009380273068566,-0.32748057140083,0.7990754195738909,0.2758090375812227
QQQ,2026-08-20,2026-08-17,End of Week,monthly,2026-09-18,20-45_day,21,1,put,2,713.0,15.78,16.15,16.33,527.0,1451.0,0.1908345077514648,-0.4890146513632742,0.0104281930366727,-0.2261215633099914,0.7991435111988117,-0.2883290958885748
TSLA,2026-08-20,2026-08-17,End of Week,aligned+weekly,2026-08-21,0-1_day,1,1,call,-2,340.0,6.55,6.4,6.6,45606.0,8655.0,0.481450498046875,0.7293630040757009,0.0380615383163304,-1.4644339836391718,0.0598012893907725,0.0067150841824056
TSLA,2026-08-20,2026-08-17,End of Week,aligned+weekly,2026-08-21,0-1_day,1,1,put,-2,340.0,1.16,1.15,1.18,126170.0,11935.0,0.4321345849609375,-0.2489256339610592,0.0406137033380743,-1.2286881063002548,0.0572748800658699,-0.0023858278159219
TSLA,2026-08-20,2026-08-17,End of Week,aligned+weekly,2026-08-21,0-1_day,1,1,call,-1,342.5,4.7,4.7,4.8,53645.0,4647.0,0.4624077197265626,0.6301848468154869,0.0451922945181695,-1.5983055439263525,0.0681964925209752,0.0058267121028284
TSLA,2026-08-20,2026-08-17,End of Week,aligned+weekly,2026-08-21,0-1_day,1,1,put,-1,342.5,1.89,1.86,1.91,84140.0,2216.0,0.4243221630859375,-0.3593899699394666,0.0487777464234766,-1.4202552781161246,0.0675445042806649,-0.0034502377846403
TSLA,2026-08-20,2026-08-17,End of Week,aligned+weekly,2026-08-21,0-1_day,1,1,call,0,345.0,3.31,3.25,3.4,121132.0,16151.0,0.46289599609375,0.512704735551444,0.0476837121126569,-1.6847735671906636,0.0720320960289895,0.0047542873061663
TSLA,2026-08-20,2026-08-17,End of Week,aligned+weekly,2026-08-21,0-1_day,1,1,put,0,345.0,3.0,2.91,2.99,63146.0,5849.0,0.42383388671875,-0.4869775830657953,0.0520770825026973,-1.509090327593179,0.0720302452481429,-0.0046860959880003
TSLA,2026-08-20,2026-08-17,End of Week,aligned+weekly,2026-08-21,0-1_day,1,1,call,1,347.5,2.15,2.18,2.23,54299.0,3978.0,0.4536187451171874,0.3927796763967387,0.0469145696736276,-1.5887128225478715,0.0694498481718638,0.00365249104858
TSLA,2026-08-20,2026-08-17,End of Week,aligned+weekly,2026-08-21,0-1_day,1,1,put,1,347.5,4.35,4.25,4.45,26182.0,2235.0,0.4318904467773438,-0.6129192504761323,0.0490706698191725,-1.4716123537463486,0.0691620973209253,-0.0059168519734509
TSLA,2026-08-20,2026-08-17,End of Week,aligned+weekly,2026-08-21,0-1_day,1,1,call,2,350.0,1.43,1.4,1.45,120103.0,21790.0,0.4594780615234375,0.2855708020563947,0.0409405198608726,-1.42019630971941,0.0613890204868682,0.0026602494098185
TSLA,2026-08-20,2026-08-17,End of Week,aligned+weekly,2026-08-21,0-1_day,1,1,put,2,350.0,6.15,5.9,6.15,36274.0,9029.0,0.4314021704101562,-0.7273268139961859,0.0426359853178012,-1.268654862862434,0.0600248661700992,-0.007045102768431
TSLA,2026-08-20,2026-08-17,End of Week,monthly,2026-09-18,20-45_day,21,1,call,-2,335.0,20.8,21.65,22.0,417.0,2537.0,0.4301814794921875,0.6295172191682987,0.0090259570885643,-0.2922981548382498,0.367464629294005,0.1546914993334019
TSLA,2026-08-20,2026-08-17,End of Week,monthly,2026-09-18,20-45_day,21,1,put,-2,335.0,10.53,10.4,10.55,461.0,2923.0,0.3945373046875,-0.3631920330710301,0.0097767691171821,-0.2345750171009271,0.3650513856004522,-0.1076543369456798
TSLA,2026-08-20,2026-08-17,End of Week,monthly,2026-09-18,20-45_day,21,1,call,-1,340.0,18.85,18.85,19.15,2465.0,4342.0,0.427465442199707,0.5827568018869479,0.009386269042248,-0.2982662421349887,0.3797209665152982,0.1441645971345098
TSLA,2026-08-20,2026-08-17,End of Week,monthly,2026-09-18,20-45_day,21,1,put,-1,340.0,12.68,12.5,12.7,1096.0,19825.0,0.3929198892211913,-0.4140431426866784,0.0101936743662639,-0.2410529047422037,0.3790577126608307,-0.1232599262102474
TSLA,2026-08-20,2026-08-17,End of Week,monthly,2026-09-18,20-45_day,21,1,call,0,345.0,16.37,16.25,16.55,2372.0,2752.0,0.4250545776367188,0.534905231638332,0.009610887763147,-0.3003326788221484,0.3866150640535434,0.1331413908938702
TSLA,2026-08-20,2026-08-17,End of Week,monthly,2026-09-18,20-45_day,21,1,put,0,345.0,15.03,14.95,15.1,1724.0,3084.0,0.391058335571289,-0.4660419690422146,0.0104485516658009,-0.2429272901341925,0.386694691936402,-0.1393782716482642
TSLA,2026-08-20,2026-08-17,End of Week,monthly,2026-09-18,20-45_day,21,1,call,1,350.0,14.08,14.05,14.2,3748.0,5829.0,0.4229183685302734,0.4867350100544416,0.0096912114449215,-0.2983922082923831,0.3878869656199832,0.1218330886990797
TSLA,2026-08-20,2026-08-17,End of Week,monthly,2026-09-18,20-45_day,21,1,put,1,350.0,17.77,17.6,17.9,958.0,11195.0,0.3927673028564453,-0.5178006583561443,0.0104305412986232,-0.2426676034222667,0.3877151237242325,-0.1557468804439406
TSLA,2026-08-20,2026-08-17,End of Week,monthly,2026-09-18,20-45_day,21,1,call,2,355.0,12.03,12.0,12.15,707.0,2402.0,0.4224911267089843,0.4393881770966077,0.0095941343382719,-0.2935478816381077,0.3836135651136013,0.1105109962138871
TSLA,2026-08-20,2026-08-17,End of Week,monthly,2026-09-18,20-45_day,21,1,put,2,355.0,21.5,20.5,20.85,141.0,1393.0,0.3918517846679687,-0.5688394953771653,0.0103091374519708,-0.2363229797877725,0.3823091812393015,-0.1720389855623584
NVDA,2026-08-20,2026-08-17,End of Week,aligned+weekly,2026-08-21,0-1_day,1,1,call,-2,212.5,4.85,4.6,5.2,2692.0,6826.0,0.5419967675781252,0.7679304268745523,0.0496057859376699,-0.9550542804949668,0.0346381783666329,0.0044194560544709
NVDA,2026-08-20,2026-08-17,End of Week,aligned+weekly,2026-08-21,0-1_day,1,1,put,-2,212.5,0.33,0.31,0.33,49178.0,14541.0,0.37500625,-0.1474707218450892,0.0541581519466814,-0.487333053050371,0.0261654588567854,-0.0008850870565747
NVDA,2026-08-20,2026-08-17,End of Week,aligned+weekly,2026-08-21,0-1_day,1,1,call,-1,215.0,2.85,2.81,2.88,23779.0,30475.0,0.40039662109375,0.6642669107969689,0.0802312634369843,-0.8428735597166402,0.0413866284437665,0.0038672025400438
NVDA,2026-08-20,2026-08-17,End of Week,aligned+weekly,2026-08-21,0-1_day,1,1,put,-1,215.0,0.75,0.75,0.77,153097.0,47288.0,0.336920693359375,-0.3083937034147113,0.0920436438087401,-0.6661846516477075,0.0399528258136739,-0.0018531021893954
NVDA,2026-08-20,2026-08-17,End of Week,aligned+weekly,2026-08-21,0-1_day,1,1,call,0,217.5,1.31,1.31,1.34,145278.0,16318.0,0.3627993408203125,0.4432354493381075,0.0958968463763581,-0.8226942209840064,0.0448225775868774,0.0025963114516385
NVDA,2026-08-20,2026-08-17,End of Week,aligned+weekly,2026-08-21,0-1_day,1,1,put,0,217.5,1.77,1.72,1.77,86512.0,14116.0,0.313483427734375,-0.566714537647228,0.1105484258722692,-0.6871601934505427,0.0446470905092373,-0.0034150568969233
NVDA,2026-08-20,2026-08-17,End of Week,aligned+weekly,2026-08-21,0-1_day,1,1,call,1,220.0,0.49,0.48,0.5,208782.0,66282.0,0.352545537109375,0.2215983077632601,0.0743020809626003,-0.5997012308178156,0.0337475470407777,0.0013026940745903
NVDA,2026-08-20,2026-08-17,End of Week,aligned+weekly,2026-08-21,0-1_day,1,1,put,1,220.0,3.54,3.3,3.5,23756.0,20902.0,0.305671005859375,-0.8124706563845576,0.0775860482934514,-0.4487416050454246,0.0305537057257899,-0.0049223585975811
NVDA,2026-08-20,2026-08-17,End of Week,aligned+weekly,2026-08-21,0-1_day,1,1,call,2,222.5,0.17,0.17,0.18,85342.0,18404.0,0.36914693359375,0.0940411323239968,0.040038123652478,-0.3535041646088752,0.0190414051898635,0.0005536991210247
NVDA,2026-08-20,2026-08-17,End of Week,aligned+weekly,2026-08-21,0-1_day,1,1,put,2,222.5,5.76,4.65,6.25,4139.0,9514.0,0.5361374511718751,-0.815650993655226,0.0437678825943961,-0.7918317748778771,0.0302313607060665,-0.0050165972708929
NVDA,2026-08-20,2026-08-17,End of Week,monthly,2026-09-18,20-45_day,21,1,call,-2,205.0,16.95,17.1,17.45,184.0,20271.0,0.4420221813964844,0.7043466282275823,0.0127834675818755,-0.1745766691230409,0.2111138611416927,0.1071760603611879
NVDA,2026-08-20,2026-08-17,End of Week,monthly,2026-09-18,20-45_day,21,1,put,-2,205.0,4.85,4.75,4.95,1751.0,14146.0,0.4115049084472656,-0.285071053357529,0.0134991071317654,-0.140494914464653,0.2075410811222948,-0.052891214911526
NVDA,2026-08-20,2026-08-17,End of Week,monthly,2026-09-18,20-45_day,21,1,call,-1,210.0,13.85,13.9,14.15,517.0,60165.0,0.4322566540527344,0.6362721186796957,0.0142095900194372,-0.1835512888612528,0.2294812706645058,0.0980953503559154
NVDA,2026-08-20,2026-08-17,End of Week,monthly,2026-09-18,20-45_day,21,1,put,-1,210.0,6.61,6.45,6.65,1886.0,44921.0,0.4041197283935547,-0.3577161993416529,0.0151121649845613,-0.150461117558215,0.2281711596063923,-0.0667164338390577
NVDA,2026-08-20,2026-08-17,End of Week,monthly,2026-09-18,20-45_day,21,1,call,0,215.0,11.1,11.05,11.25,4507.0,26572.0,0.4243221630859375,0.5619976200582218,0.0151955148543728,-0.1874294158110675,0.2408990828765983,0.0876349113736164
NVDA,2026-08-20,2026-08-17,End of Week,monthly,2026-09-18,20-45_day,21,1,put,0,215.0,8.7,8.6,8.8,1212.0,17377.0,0.3996031719970704,-0.4370294616054809,0.0161292274284462,-0.1554318068900954,0.2408055562725505,-0.082044509901736
NVDA,2026-08-20,2026-08-17,End of Week,monthly,2026-09-18,20-45_day,21,1,call,1,220.0,8.7,8.6,8.8,8903.0,47542.0,0.4195004339599609,0.4848600404543432,0.0155472204129483,-0.1859894698312869,0.2436739935050181,0.0763238825433484
NVDA,2026-08-20,2026-08-17,End of Week,monthly,2026-09-18,20-45_day,21,1,put,1,220.0,11.3,11.1,11.35,1195.0,16494.0,0.3949035119628906,-0.5189318005391029,0.0165088828839744,-0.1533117099121842,0.2435749900564289,-0.0981343179005806
NVDA,2026-08-20,2026-08-17,End of Week,monthly,2026-09-18,20-45_day,21,1,call,2,225.0,6.6,6.55,6.75,2837.0,43704.0,0.4155331884765625,0.4085361198562713,0.0152923350423161,-0.1783699066450035,0.2374124729571888,0.0648364056470505
NVDA,2026-08-20,2026-08-17,End of Week,monthly,2026-09-18,20-45_day,21,1,put,2,225.0,14.35,14.05,14.3,887.0,10439.0,0.3901428173828125,-0.6001578475474214,0.0161991381743109,-0.1442199742126227,0.2361236764477209,-0.1144257591853214
IBIT,2026-08-20,2026-08-17,End of Week,aligned+weekly,2026-08-21,0-1_day,1,1,call,-2,40.0,1.24,1.23,1.28,41373.0,53980.0,0.523442265625,0.8635177427477776,0.1937873560570085,-0.1269415528102742,0.0047173251110229,0.0009395586766381
IBIT,2026-08-20,2026-08-17,End of Week,aligned+weekly,2026-08-21,0-1_day,1,1,put,-2,40.0,0.06,0.05,0.06,19024.0,5644.0,0.4804739453125,-0.1166406074503466,0.1892252545265818,-0.1010822301079675,0.0042281513410314,-0.0001332967120835
IBIT,2026-08-20,2026-08-17,End of Week,aligned+weekly,2026-08-21,0-1_day,1,1,call,-1,40.5,0.87,0.82,0.86,26549.0,20524.0,0.492192578125,0.752375084769026,0.2978714751147751,-0.1708490538448704,0.0068181344403598,0.0008256266742764
IBIT,2026-08-20,2026-08-17,End of Week,aligned+weekly,2026-08-21,0-1_day,1,1,put,-1,40.5,0.13,0.11,0.14,18999.0,11.0,0.4648491015625,-0.2355700572769131,0.3069605419401511,-0.1532344516946075,0.0066358434616811,-0.0002697385673171
IBIT,2026-08-20,2026-08-17,End of Week,aligned+weekly,2026-08-21,0-1_day,1,1,call,0,41.0,0.5,0.5,0.53,34972.0,6185.0,0.492192578125,0.5814898043373016,0.3679896604462119,-0.2096660336370077,0.0084231058936337,0.0006417832745285
IBIT,2026-08-20,2026-08-17,End of Week,aligned+weekly,2026-08-21,0-1_day,1,1,put,0,41.0,0.32,0.3,0.31,19511.0,44.0,0.4687553125,-0.4149873985465013,0.3856561594998924,-0.195278613492572,0.0084071357201971,-0.0004768736634958
IBIT,2026-08-20,2026-08-17,End of Week,aligned+weekly,2026-08-21,0-1_day,1,1,call,1,41.5,0.3,0.29,0.32,43453.0,3703.0,0.507817421875,0.399035479491079,0.3525640335580549,-0.213046460533388,0.0083262066612036,0.0004420255398
IBIT,2026-08-20,2026-08-17,End of Week,aligned+weekly,2026-08-21,0-1_day,1,1,put,1,41.5,0.62,0.58,0.61,1098.0,10.0,0.5136767382812499,-0.5997195175798956,0.3488282022082214,-0.2114559425404724,0.0083330324426925,-0.0006935738144668
IBIT,2026-08-20,2026-08-17,End of Week,aligned+weekly,2026-08-21,0-1_day,1,1,call,2,42.0,0.18,0.17,0.19,49702.0,12633.0,0.5488326367187502,0.2573452029070996,0.2726064185734456,-0.1919931853461194,0.0069578905034424,0.0002855295285862
IBIT,2026-08-20,2026-08-17,End of Week,aligned+weekly,2026-08-21,0-1_day,1,1,put,2,42.0,0.97,0.94,1.0,214.0,21.0,0.5351608984375,-0.7482272664741957,0.2763828112346912,-0.1808310173923477,0.0068785514145839,-0.0008710695393964
IBIT,2026-08-20,2026-08-17,End of Week,monthly,2026-09-18,20-45_day,21,1,call,-2,39.0,3.2,3.1,3.25,21442.0,31932.0,0.4340876904296875,0.7032319037111083,0.0686320851443571,-0.0326735163074808,0.0401794738876664,0.020378402713315
IBIT,2026-08-20,2026-08-17,End of Week,monthly,2026-09-18,20-45_day,21,1,put,-2,39.0,0.82,0.83,0.86,5510.0,2462.0,0.3872131591796874,-0.279503791829001,0.0747946569145247,-0.024824206276367,0.0390589230074844,-0.0098040691989863
IBIT,2026-08-20,2026-08-17,End of Week,monthly,2026-09-18,20-45_day,21,1,call,-1,40.0,2.53,2.49,2.54,38733.0,105242.0,0.4118711157226562,0.632317827643555,0.0787755410646348,-0.0334515317452398,0.0437574809695382,0.0186260595103903
IBIT,2026-08-20,2026-08-17,End of Week,monthly,2026-09-18,20-45_day,21,1,put,-1,40.0,1.19,1.18,1.22,8976.0,29852.0,0.3847717773437499,-0.361708401428873,0.0838611906317939,-0.0272386470474132,0.043517487685825,-0.0127718854749065
IBIT,2026-08-20,2026-08-17,End of Week,monthly,2026-09-18,20-45_day,21,1,call,0,41.0,1.99,1.95,1.99,7552.0,9541.0,0.4086973193359374,0.5498888338946972,0.0833959332665916,-0.0344811780800518,0.0459670087969508,0.0163717265569558
IBIT,2026-08-20,2026-08-17,End of Week,monthly,2026-09-18,20-45_day,21,1,put,0,41.0,1.66,1.63,1.67,5005.0,2994.0,0.3828186718749999,-0.4497412062204979,0.0890230486098584,-0.0282929367650156,0.0459616018736828,-0.0160012978280772
IBIT,2026-08-20,2026-08-17,End of Week,monthly,2026-09-18,20-45_day,21,1,call,1,42.0,1.52,1.49,1.54,19536.0,40872.0,0.4091855957031249,0.4667026605388725,0.0836611274677688,-0.0343606967533585,0.0461682732609278,0.0140131213565521
IBIT,2026-08-20,2026-08-17,End of Week,monthly,2026-09-18,20-45_day,21,1,put,1,42.0,2.2,2.17,2.21,529.0,3090.0,0.3808655664062499,-0.5390552825045511,0.0897637080841636,-0.0278072573486426,0.046107553273073,-0.0193433728924504
IBIT,2026-08-20,2026-08-17,End of Week,monthly,2026-09-18,20-45_day,21,1,call,2,43.0,1.15,1.13,1.16,11966.0,20885.0,0.4074766284179688,0.3861899933686396,0.0808515163251574,-0.0327073230399258,0.0444314467681175,0.0116860826090632
IBIT,2026-08-20,2026-08-17,End of Week,monthly,2026-09-18,20-45_day,21,1,put,2,43.0,2.84,2.8,2.84,3516.0,2051.0,0.3803772900390625,-0.6246748096806751,0.0858651648026424,-0.0259973398443544,0.0440485046261769,-0.0226383174063136
AAPL,2026-08-20,2026-08-17,End of Week,aligned+weekly,2026-08-21,0-1_day,1,1,call,-2,307.5,4.25,4.35,4.9,1684.0,7876.0,0.3969786865234375,0.7278595956758105,0.0513184065263589,-1.096088828935071,0.0540885944596565,0.0060728789471507
AAPL,2026-08-20,2026-08-17,End of Week,aligned+weekly,2026-08-21,0-1_day,1,1,put,-2,307.5,0.72,0.67,0.72,16846.0,10136.0,0.3242255078124999,-0.2302035018195624,0.0575049979647909,-0.7951393534617145,0.0495014720999008,-0.0019828904476699
AAPL,2026-08-20,2026-08-17,End of Week,aligned+weekly,2026-08-21,0-1_day,1,1,call,-1,310.0,2.63,2.66,2.77,4272.0,31290.0,0.3169013623046874,0.6051478409138097,0.0745604417485919,-1.012841714531035,0.0627332693495958,0.005084739254253
AAPL,2026-08-20,2026-08-17,End of Week,aligned+weekly,2026-08-21,0-1_day,1,1,put,-1,310.0,1.35,1.31,1.38,30938.0,11455.0,0.3024972094726562,-0.3902674575197606,0.0778572091296206,-0.9332870415708188,0.0625295851583039,-0.0033659762338797
AAPL,2026-08-20,2026-08-17,End of Week,aligned+weekly,2026-08-21,0-1_day,1,1,call,0,312.5,1.4,1.37,1.45,7607.0,7192.0,0.3059151440429687,0.4106251220665879,0.0780174166238519,-0.982054511561842,0.0633662323118327,0.0034620599224449
AAPL,2026-08-20,2026-08-17,End of Week,aligned+weekly,2026-08-21,0-1_day,1,1,put,0,312.5,2.6,2.44,2.57,34440.0,3694.0,0.2934640966796874,-0.5933569139605145,0.0811351096724944,-0.90858756671732,0.0632163106172281,-0.005130518144471
AAPL,2026-08-20,2026-08-17,End of Week,aligned+weekly,2026-08-21,0-1_day,1,1,call,1,315.0,0.6,0.6,0.63,35413.0,20872.0,0.2973703076171874,0.2281934778544856,0.062390620912388,-0.7395448144796537,0.0492586213582083,0.0019287727525308
AAPL,2026-08-20,2026-08-17,End of Week,aligned+weekly,2026-08-21,0-1_day,1,1,put,1,315.0,4.35,4.05,4.4,58535.0,19918.0,0.3115303222656249,-0.7612196065460748,0.0610719587618848,-0.7623397265064041,0.0505135064470109,-0.0066121311710058
AAPL,2026-08-20,2026-08-17,End of Week,aligned+weekly,2026-08-21,0-1_day,1,1,call,2,317.5,0.26,0.25,0.27,76695.0,10793.0,0.3076241113281249,0.1130615592629347,0.0382576534710667,-0.4841547663766599,0.0312466918197817,0.0009567854142235
AAPL,2026-08-20,2026-08-17,End of Week,aligned+weekly,2026-08-21,0-1_day,1,1,put,2,317.5,6.5,6.2,6.7,18953.0,3064.0,0.3725648681640625,-0.8404528018472921,0.0400058272934147,-0.7099409327197451,0.039572227605929,-0.0073508389349582
AAPL,2026-08-20,2026-08-17,End of Week,monthly,2026-09-18,20-45_day,21,1,call,-2,300.0,16.31,15.9,16.65,389.0,27411.0,0.2910227148437499,0.701118011349866,0.0135925745440729,-0.173217984663719,0.3045733863351011,0.1597172277452677
AAPL,2026-08-20,2026-08-17,End of Week,monthly,2026-09-18,20-45_day,21,1,put,-2,300.0,4.12,4.0,4.2,2285.0,24418.0,0.253486469116211,-0.2761274320683439,0.0150316614396127,-0.1190995139836574,0.29337635489224,-0.0714180185763829
AAPL,2026-08-20,2026-08-17,End of Week,monthly,2026-09-18,20-45_day,21,1,call,-1,305.0,12.95,12.65,13.2,542.0,18217.0,0.2807689111328124,0.6312197814233771,0.0153090259119929,-0.1787489327764423,0.3309481186764667,0.1452125112219879
AAPL,2026-08-20,2026-08-17,End of Week,monthly,2026-09-18,20-45_day,21,1,put,-1,305.0,5.79,5.55,5.8,830.0,7005.0,0.2478102563476562,-0.3557866121319846,0.0171345529946926,-0.1278945622523888,0.3269304684508951,-0.0923288874122894
AAPL,2026-08-20,2026-08-17,End of Week,monthly,2026-09-18,20-45_day,21,1,call,0,310.0,9.89,9.8,10.15,1112.0,19974.0,0.2715526947021484,0.5522628244942144,0.0165987788398014,-0.1788519483529729,0.347051236454071,0.1281586824334046
AAPL,2026-08-20,2026-08-17,End of Week,monthly,2026-09-18,20-45_day,21,1,put,0,310.0,7.71,7.55,7.8,617.0,6766.0,0.2415236981201172,-0.4448338732803103,0.0186440281490922,-0.1295800323271962,0.3467071839347427,-0.1158733847199079
AAPL,2026-08-20,2026-08-17,End of Week,monthly,2026-09-18,20-45_day,21,1,call,1,315.0,7.35,7.3,7.55,2106.0,9837.0,0.2636487210083008,0.4672256914440994,0.0171863585401721,-0.1725377845178387,0.348877432339607,0.1092469155583473
AAPL,2026-08-20,2026-08-17,End of Week,monthly,2026-09-18,20-45_day,21,1,put,1,315.0,10.15,9.9,10.3,1349.0,6434.0,0.2363357617187499,-0.539785869633824,0.0191417689248435,-0.1238920348350672,0.3483171457220625,-0.1412694872968776
AAPL,2026-08-20,2026-08-17,End of Week,monthly,2026-09-18,20-45_day,21,1,call,2,320.0,5.36,5.3,5.5,4099.0,32921.0,0.259345785522461,0.3819887264839608,0.016757985941994,-0.1611018517118483,0.3346296024239664,0.0898500836917087
AAPL,2026-08-20,2026-08-17,End of Week,monthly,2026-09-18,20-45_day,21,1,put,2,320.0,13.2,12.95,13.45,151.0,4496.0,0.2365188653564452,-0.6315590904567883,0.0181676884185677,-0.1136698275289662,0.3308482186381586,-0.1663967847100793
AMZN,2026-08-20,2026-08-17,End of Week,aligned+weekly,2026-08-21,0-1_day,1,1,call,-2,255.0,5.9,5.3,5.8,4211.0,17317.0,0.4536187451171874,0.8028332463207929,0.0449427893563023,-0.8776985736310478,0.0377895918114538,0.0055617644545117
AMZN,2026-08-20,2026-08-17,End of Week,aligned+weekly,2026-08-21,0-1_day,1,1,put,-2,255.0,0.36,0.34,0.37,7971.0,10595.0,0.36133451171875,-0.1436910582282407,0.0460482349024252,-0.5533864461859649,0.0308420769446112,-0.0010339980146425
AMZN,2026-08-20,2026-08-17,End of Week,aligned+weekly,2026-08-21,0-1_day,1,1,call,-1,257.5,3.35,3.35,3.65,2036.0,2264.0,0.3867248828124999,0.6961446809962737,0.0664162338183879,-0.9385955571066584,0.0476099303683558,0.0048604701083063
AMZN,2026-08-20,2026-08-17,End of Week,aligned+weekly,2026-08-21,0-1_day,1,1,put,-1,257.5,0.79,0.75,0.8,14605.0,5609.0,0.3357000024414062,-0.2780995925586592,0.0734080977385609,-0.7593027692994534,0.0456789906936431,-0.0020035364324882
AMZN,2026-08-20,2026-08-17,End of Week,aligned+weekly,2026-08-21,0-1_day,1,1,call,0,260.0,1.96,1.93,1.98,18609.0,34254.0,0.3544986425781249,0.5149720602745997,0.0825997838903254,-0.9754407205514491,0.0542768546635617,0.0036152190340284
AMZN,2026-08-20,2026-08-17,End of Week,aligned+weekly,2026-08-21,0-1_day,1,1,put,0,260.0,1.71,1.64,1.74,33140.0,15535.0,0.3305731005859375,-0.48446216526039,0.0885732135860946,-0.8841151129298878,0.05427390847526,-0.0034997563984378
AMZN,2026-08-20,2026-08-17,End of Week,aligned+weekly,2026-08-21,0-1_day,1,1,call,1,262.5,0.93,0.93,0.95,37561.0,3384.0,0.3505924316406249,0.3142919207941018,0.0743511187452028,-0.8551971673649945,0.0483182536163461,0.0022134664708558
AMZN,2026-08-20,2026-08-17,End of Week,aligned+weekly,2026-08-21,0-1_day,1,1,put,1,262.5,3.12,3.05,3.3,19792.0,7014.0,0.3422917333984374,-0.6900144201243674,0.0757015542814356,-0.8034905797631494,0.0480310844096993,-0.0050071774417962
AMZN,2026-08-20,2026-08-17,End of Week,aligned+weekly,2026-08-21,0-1_day,1,1,call,2,265.0,0.42,0.41,0.44,52330.0,13998.0,0.36524072265625,0.1686829670169429,0.0506354440041262,-0.6304493819766993,0.0342811198708042,0.0011899358425041
AMZN,2026-08-20,2026-08-17,End of Week,aligned+weekly,2026-08-21,0-1_day,1,1,put,2,265.0,5.25,5.05,5.35,2878.0,6930.0,0.3711000390625,-0.8273974928225355,0.0505742115713431,-0.6231346575291323,0.0347889487855302,-0.0060422241855897
AMZN,2026-08-20,2026-08-17,End of Week,monthly,2026-09-18,20-45_day,21,1,call,-2,250.0,15.45,15.0,15.45,466.0,15526.0,0.3333196551513672,0.6915470966524891,0.014404577455968,-0.1649578364613518,0.2580956172132816,0.1302619965463644
AMZN,2026-08-20,2026-08-17,End of Week,monthly,2026-09-18,20-45_day,21,1,put,-2,250.0,4.25,4.15,4.3,674.0,11900.0,0.2932199584960936,-0.2889087154261995,0.0158942433157997,-0.1186176677183878,0.2505258635143907,-0.0629345967984166
AMZN,2026-08-20,2026-08-17,End of Week,monthly,2026-09-18,20-45_day,21,1,call,-1,255.0,11.9,11.75,12.05,1199.0,8961.0,0.320197227783203,0.6169799891873134,0.0162576001358426,-0.1694989351287905,0.2798293011736723,0.1175913622145531
AMZN,2026-08-20,2026-08-17,End of Week,monthly,2026-09-18,20-45_day,21,1,put,-1,255.0,5.9,5.8,6.0,1071.0,6605.0,0.2868723657226562,-0.3736559076215335,0.018008230939474,-0.1269157829281934,0.2777019626021957,-0.0817427107303177
AMZN,2026-08-20,2026-08-17,End of Week,monthly,2026-09-18,20-45_day,21,1,call,0,260.0,9.0,9.0,9.2,1929.0,21578.0,0.3127510131835937,0.532775813312639,0.0173393476883598,-0.170276775672967,0.2915081244022978,0.1024989060254555
AMZN,2026-08-20,2026-08-17,End of Week,monthly,2026-09-18,20-45_day,21,1,put,0,260.0,8.1,8.0,8.2,1243.0,7093.0,0.2824168438720703,-0.4672938514750852,0.0192020297063405,-0.1288206909455084,0.2915123209574313,-0.1027813831376705
AMZN,2026-08-20,2026-08-17,End of Week,monthly,2026-09-18,20-45_day,21,1,call,1,265.0,6.78,6.65,6.85,1931.0,9079.0,0.3078682495117187,0.4453832930881083,0.017508140494394,-0.1648278093238317,0.2897504426010029,0.0863511766429267
AMZN,2026-08-20,2026-08-17,End of Week,monthly,2026-09-18,20-45_day,21,1,put,1,265.0,10.82,10.6,10.9,453.0,2901.0,0.2786937365722656,-0.5637031253708292,0.0192747574570573,-0.1228166736562577,0.2887588562385803,-0.1247855025181059
AMZN,2026-08-20,2026-08-17,End of Week,monthly,2026-09-18,20-45_day,21,1,call,2,270.0,4.8,4.85,5.0,6116.0,23048.0,0.3055489367675781,0.3608956344582818,0.0167143367052259,-0.1536148034587506,0.2745295550473461,0.0704074073605362
AMZN,2026-08-20,2026-08-17,End of Week,monthly,2026-09-18,20-45_day,21,1,put,2,270.0,13.93,13.75,14.1,283.0,6246.0,0.2761302856445312,-0.6564283220112472,0.0181704704770986,-0.1097088483585787,0.269711458314769,-0.1464268225116853
TLT,2026-08-20,2026-08-17,End of Week,weekly,2026-08-21,0-1_day,1,1,call,-2,81.5,0.88,0.81,0.9,492.0,4969.0,0.1855550195312499,0.857929066832442,0.2811044006465719,-0.0969648907819679,0.0096887817671928,0.0019105553886088
TLT,2026-08-20,2026-08-17,End of Week,weekly,2026-08-21,0-1_day,1,1,put,-2,81.5,0.03,0.03,0.04,6558.0,20319.0,0.164070859375,-0.1131178398001084,0.2712874728495423,-0.0668763675699512,0.0082678010023526,-0.0002562498658985
TLT,2026-08-20,2026-08-17,End of Week,weekly,2026-08-21,0-1_day,1,1,call,-1,82.0,0.41,0.42,0.43,5089.0,13749.0,0.127938408203125,0.7377363475938761,0.5908862810768157,-0.0959449978583926,0.0140421520738572,0.0016523005495819
TLT,2026-08-20,2026-08-17,End of Week,weekly,2026-08-21,0-1_day,1,1,put,-1,82.0,0.09,0.09,0.1,17416.0,42168.0,0.13477427734375,-0.272771213717239,0.572138206780631,-0.0942307044786248,0.0143230921000486,-0.0006180164682385
TLT,2026-08-20,2026-08-17,End of Week,weekly,2026-08-21,0-1_day,1,1,call,0,82.5,0.15,0.13,0.15,23680.0,49545.0,0.1289149609375,0.3938526507554423,0.6924609034428505,-0.1101554783913967,0.0165816369290601,0.000884262676755
TLT,2026-08-20,2026-08-17,End of Week,weekly,2026-08-21,0-1_day,1,1,put,0,82.5,0.32,0.3,0.32,17657.0,20403.0,0.13477427734375,-0.6015202698832296,0.6644534442686086,-0.1070358646827,0.0166341414813131,-0.0013656104288418
TLT,2026-08-20,2026-08-17,End of Week,weekly,2026-08-21,0-1_day,1,1,call,1,83.0,0.03,0.03,0.04,31975.0,52645.0,0.1367273828125,0.1361453782487438,0.3705874950519399,-0.0654760852371902,0.0094118518752318,0.0003060198685309
TLT,2026-08-20,2026-08-17,End of Week,weekly,2026-08-21,0-1_day,1,1,put,1,83.0,0.7,0.68,0.74,2941.0,56066.0,0.174812939453125,-0.8042371555234409,0.3668114767031459,-0.0973165321434889,0.0119109201454559,-0.0018343549227193
TLT,2026-08-20,2026-08-17,End of Week,weekly,2026-08-21,0-1_day,1,1,call,2,83.5,0.02,0.01,0.02,1731.0,24042.0,0.17188328125,0.0618792329632082,0.1647284905605613,-0.0457145292798776,0.0052593391452065,0.0001390509935858
TLT,2026-08-20,2026-08-17,End of Week,weekly,2026-08-21,0-1_day,1,1,put,2,83.5,1.2,1.15,1.24,185.0,780.0,0.2500075,-0.8542325688921291,0.2122814372571329,-0.1159692749770299,0.0098581149727325,-0.0019608045660536
TLT,2026-08-20,2026-08-17,End of Week,monthly,2026-09-18,20-45_day,21,1,call,-2,80.0,2.59,2.57,2.62,128.0,3581.0,0.1167080517578125,0.8370167692123792,0.0909138478715674,-0.0182076570679312,0.0571554540043767,0.052524164103967
TLT,2026-08-20,2026-08-17,End of Week,monthly,2026-09-18,20-45_day,21,1,put,-2,80.0,0.31,0.32,0.33,3920.0,66114.0,0.1245204736328125,-0.1780619524599873,0.090178208939429,-0.011470041636825,0.0604879950393636,-0.0118737467236644
TLT,2026-08-20,2026-08-17,End of Week,monthly,2026-09-18,20-45_day,21,1,call,-1,81.0,1.86,1.79,1.81,855.0,8955.0,0.1088956298828125,0.7407785478256603,0.1281409730120695,-0.0200999233764933,0.0751666662100009,0.0468894714343846
TLT,2026-08-20,2026-08-17,End of Week,monthly,2026-09-18,20-45_day,21,1,put,-1,81.0,0.54,0.54,0.56,14628.0,134555.0,0.1201259863281249,-0.2781334952283989,0.1203459149940608,-0.0137559941740118,0.0778744764559223,-0.0185831992468081
TLT,2026-08-20,2026-08-17,End of Week,monthly,2026-09-18,20-45_day,21,1,call,0,82.0,1.18,1.14,1.16,5623.0,76826.0,0.1060880407714843,0.5993671274387836,0.1569720397432264,-0.0212832507814563,0.0897047728374991,0.038180961175949
TLT,2026-08-20,2026-08-17,End of Week,monthly,2026-09-18,20-45_day,21,1,put,0,82.0,0.92,0.9,0.93,96837.0,167097.0,0.118172880859375,-0.4093564580002825,0.1416842069361122,-0.0148729913106238,0.0901915990415226,-0.0274354067112337
TLT,2026-08-20,2026-08-17,End of Week,monthly,2026-09-18,20-45_day,21,1,call,1,83.0,0.67,0.66,0.68,40828.0,73161.0,0.1047452807617187,0.4380191814560784,0.162116849178422,-0.0200995195759235,0.091472266411647,0.0280371755606998
TLT,2026-08-20,2026-08-17,End of Week,monthly,2026-09-18,20-45_day,21,1,put,1,83.0,1.42,1.44,1.47,25789.0,89865.0,0.1193935717773437,-0.5528949634231846,0.1427006043948401,-0.0141389298206861,0.091776940830373,-0.0372265406822215
TLT,2026-08-20,2026-08-17,End of Week,monthly,2026-09-18,20-45_day,21,1,call,2,84.0,0.37,0.35,0.37,40609.0,30860.0,0.1054776953125,0.2885863724051922,0.1395052833308104,-0.0167814182091269,0.0792643874012049,0.0185335906127521
TLT,2026-08-20,2026-08-17,End of Week,monthly,2026-09-18,20-45_day,21,1,put,2,84.0,2.14,2.15,2.2,555.0,13434.0,0.1274501318359375,-0.6757126706811895,0.1215638599268432,-0.0124890122370967,0.0834586952004483,-0.0458168345150986
INTC,2026-08-20,2026-08-17,End of Week,weekly,2026-08-21,0-1_day,1,1,call,-2,91.0,1.87,1.83,1.91,16135.0,428.0,0.639652041015625,0.65112932814461,0.1199385664924101,-0.5764876516156971,0.0178407002212413,0.0015921243323574
INTC,2026-08-20,2026-08-17,End of Week,weekly,2026-08-21,0-1_day,1,1,put,-2,91.0,0.72,0.69,0.75,6950.0,2843.0,0.6289099609375001,-0.3466289535800941,0.121697864742933,-0.5563665236199866,0.0177983885578856,-0.0008945906471481
INTC,2026-08-20,2026-08-17,End of Week,weekly,2026-08-21,0-1_day,1,1,call,-1,91.5,1.61,1.5,1.61,3565.0,1072.0,0.632816171875,0.5897024035347486,0.1274119657876594,-0.5986129799915676,0.0187498171798296,0.0014457476862522
INTC,2026-08-20,2026-08-17,End of Week,weekly,2026-08-21,0-1_day,1,1,put,-1,91.5,0.93,0.87,0.94,7906.0,1660.0,0.62305064453125,-0.4091162723476391,0.1293192239554541,-0.5797837101732716,0.0187368116601936,-0.0010573640489963
INTC,2026-08-20,2026-08-17,End of Week,weekly,2026-08-21,0-1_day,1,1,call,0,92.0,1.29,1.28,1.35,13671.0,2725.0,0.649417568359375,0.5245275338713131,0.127148008428198,-0.628269413150551,0.0192018400266386,0.0012878208109353
INTC,2026-08-20,2026-08-17,End of Week,weekly,2026-08-21,0-1_day,1,1,put,0,92.0,1.12,1.1,1.16,10060.0,7532.0,0.6210975390625001,-0.474959227028042,0.1329348919607872,-0.5917094714506114,0.0192003014538036,-0.0012296861649773
INTC,2026-08-20,2026-08-17,End of Week,weekly,2026-08-21,0-1_day,1,1,call,1,92.5,1.04,1.02,1.11,6245.0,2453.0,0.6435582519531251,0.460517346919486,0.1279186018266058,-0.6202072651469984,0.0191439177274721,0.0011331228539105
INTC,2026-08-20,2026-08-17,End of Week,weekly,2026-08-21,0-1_day,1,1,put,1,92.5,1.42,1.31,1.46,1498.0,3259.0,0.6181678808593751,-0.5416368797080715,0.1330990793311571,-0.5861781304561581,0.019133337812569,-0.0014049727924544
INTC,2026-08-20,2026-08-17,End of Week,weekly,2026-08-21,0-1_day,1,1,call,2,93.0,0.83,0.83,0.89,8004.0,1548.0,0.6455113574218749,0.3980956046459047,0.1239555649600434,-0.6041886110585348,0.018607120448058,0.0009811591461458
INTC,2026-08-20,2026-08-17,End of Week,weekly,2026-08-21,0-1_day,1,1,put,2,93.0,1.76,1.6,1.77,4380.0,3322.0,0.6210975390625001,-0.6063178652195071,0.1284389294268989,-0.5702594145825144,0.0185509321670619,-0.0015764249254566
INTC,2026-08-20,2026-08-17,End of Week,monthly,2026-09-18,20-45_day,21,1,call,-2,87.5,9.1,8.85,9.15,63.0,794.0,0.6367223828125,0.6529965960284473,0.0223303664509886,-0.1104381256702149,0.0958855617497122,0.0405297012116444
INTC,2026-08-20,2026-08-17,End of Week,monthly,2026-09-18,20-45_day,21,1,put,-2,87.5,4.0,4.0,4.15,211.0,4513.0,0.6062051098632814,-0.3429554763542169,0.0233519364684362,-0.0961712106558214,0.0954662235591746,-0.0282583102414913
INTC,2026-08-20,2026-08-17,End of Week,monthly,2026-09-18,20-45_day,21,1,call,-1,90.0,7.6,7.55,7.75,1255.0,6010.0,0.6384313500976562,0.5934032909926328,0.0234000281632602,-0.1156545730499586,0.1007483250825865,0.0372503820266111
INTC,2026-08-20,2026-08-17,End of Week,monthly,2026-09-18,20-45_day,21,1,put,-1,90.0,5.15,5.15,5.2,1877.0,28608.0,0.6044961425781252,-0.4052657854368857,0.0246934787970776,-0.1006174009563471,0.1006660577020507,-0.0336774389561556
INTC,2026-08-20,2026-08-17,End of Week,monthly,2026-09-18,20-45_day,21,1,call,0,92.5,6.42,6.35,6.5,743.0,3645.0,0.6374547973632813,0.5334352283239427,0.0240147576832732,-0.117784937493478,0.1032368756399002,0.033843130160229
INTC,2026-08-20,2026-08-17,End of Week,monthly,2026-09-18,20-45_day,21,1,put,0,92.5,6.48,6.35,6.6,2114.0,5906.0,0.6064492480468751,-0.4684228779362857,0.0252521691955078,-0.1029656396256122,0.1032762362464394,-0.0393157569995911
INTC,2026-08-20,2026-08-17,End of Week,monthly,2026-09-18,20-45_day,21,1,call,1,95.0,5.35,5.3,5.4,2148.0,10937.0,0.6364782446289063,0.4741322089674566,0.0240856645253126,-0.1173276429772596,0.103383075243873,0.0303666591189493
INTC,2026-08-20,2026-08-17,End of Week,monthly,2026-09-18,20-45_day,21,1,put,1,95.0,7.9,7.8,8.05,390.0,25805.0,0.6079140771484376,-0.5303604132192864,0.0251973104226563,-0.1025282536263296,0.1033007884906145,-0.0449853706918128
INTC,2026-08-20,2026-08-17,End of Week,monthly,2026-09-18,20-45_day,21,1,call,2,97.5,4.5,4.4,4.55,255.0,3144.0,0.6413610083007812,0.4181199600030816,0.0234463804913174,-0.1155838696317071,0.1014111276062472,0.0269713937820456
INTC,2026-08-20,2026-08-17,End of Week,monthly,2026-09-18,20-45_day,21,1,put,2,97.5,9.3,9.4,9.65,115.0,5402.0,0.6096230444335939,-0.5896504022312061,0.0245606908883804,-0.0996724898456101,0.1009739171828293,-0.0505803789178041
IWM,2026-08-20,2026-08-17,End of Week,aligned+weekly,2026-08-21,0-1_day,1,1,call,-2,296.0,2.35,2.27,2.36,324.0,2077.0,0.2202226416015624,0.6923927529175025,0.1024700500847453,-0.6238778012665882,0.0547817908983212,0.0055814925869382
IWM,2026-08-20,2026-08-17,End of Week,aligned+weekly,2026-08-21,0-1_day,1,1,put,-2,296.0,0.63,0.62,0.64,8550.0,7970.0,0.2111895288085937,-0.3002573210727093,0.1057067759740516,-0.5631304555180198,0.0541941636009809,-0.002465983973519
IWM,2026-08-20,2026-08-17,End of Week,aligned+weekly,2026-08-21,0-1_day,1,1,call,-1,297.0,1.61,1.61,1.64,3016.0,3002.0,0.2055743505859374,0.5887096956083852,0.1214604264266803,-0.6406562890024579,0.0606151296143122,0.0047557371057331
IWM,2026-08-20,2026-08-17,End of Week,aligned+weekly,2026-08-21,0-1_day,1,1,put,-1,297.0,0.93,0.92,0.95,9725.0,3491.0,0.2024005541992187,-0.4099880517074503,0.1232717340013199,-0.6004865038822117,0.060569294066057,-0.0033692765355134
IWM,2026-08-20,2026-08-17,End of Week,aligned+weekly,2026-08-21,0-1_day,1,1,call,0,297.5,1.32,1.31,1.33,2665.0,27.0,0.2002033105468749,0.5276802440820655,0.1275860216794811,-0.6365148865865972,0.0620085619984719,0.0042665183887644
IWM,2026-08-20,2026-08-17,End of Week,aligned+weekly,2026-08-21,0-1_day,1,1,put,0,297.5,1.12,1.11,1.14,9676.0,1337.0,0.1967853759765624,-0.4719115873071809,0.1297927310186958,-0.5957096077513659,0.0620041133050402,-0.0038794302858411
IWM,2026-08-20,2026-08-17,End of Week,aligned+weekly,2026-08-21,0-1_day,1,1,call,1,298.0,1.05,1.04,1.07,8810.0,8009.0,0.1975177905273437,0.4632756593538044,0.1290832442626094,-0.6251456990402954,0.0618946912002924,0.0037484653291689
IWM,2026-08-20,2026-08-17,End of Week,aligned+weekly,2026-08-21,0-1_day,1,1,put,1,298.0,1.36,1.34,1.37,19837.0,6754.0,0.1926350268554687,-0.5377552568017576,0.1323230373384138,-0.5796325042904829,0.0618796756394254,-0.0044226695627068
IWM,2026-08-20,2026-08-17,End of Week,aligned+weekly,2026-08-21,0-1_day,1,1,call,2,299.0,0.62,0.62,0.64,10176.0,3811.0,0.1909260595703125,0.333254536758491,0.1222163164952728,-0.5507609519174473,0.0566463210433152,0.0026999754464019
IWM,2026-08-20,2026-08-17,End of Week,aligned+weekly,2026-08-21,0-1_day,1,1,put,2,299.0,1.89,1.9,1.97,16533.0,9226.0,0.1909260595703125,-0.666745463241509,0.1222163164952728,-0.5204298662313964,0.0566463210433152,-0.0054909743447127
IWM,2026-08-20,2026-08-17,End of Week,monthly,2026-09-18,20-45_day,21,1,call,-2,296.0,7.1,6.94,7.16,33.0,3476.0,0.1884236431884765,0.5745148433736775,0.0247925909673051,-0.1234172563792425,0.3288763316561015,0.1298127541396314
IWM,2026-08-20,2026-08-17,End of Week,monthly,2026-09-18,20-45_day,21,1,put,-2,296.0,5.27,5.25,5.34,756.0,2224.0,0.1839681213378906,-0.4242002381282084,0.0253772663252908,-0.090938120632814,0.328672008237631,-0.1042541490514142
IWM,2026-08-20,2026-08-17,End of Week,monthly,2026-09-18,20-45_day,21,1,call,-1,297.0,6.44,6.41,6.5,412.0,196.0,0.1842122595214843,0.5501424744093434,0.0256067986354343,-0.1213812354609551,0.3320848961033396,0.1245882787765015
IWM,2026-08-20,2026-08-17,End of Week,monthly,2026-09-18,20-45_day,21,1,put,-1,297.0,5.6,5.65,5.73,1453.0,3146.0,0.1812826013183593,-0.4493809816199209,0.0260166559580623,-0.0896695263058909,0.3320342665037797,-0.1105010893381302
IWM,2026-08-20,2026-08-17,End of Week,monthly,2026-09-18,20-45_day,21,1,call,0,298.0,5.85,5.82,5.91,802.0,1820.0,0.1813436358642577,0.5244957299824788,0.0261697986466042,-0.1196566603530278,0.33410117852582,0.1190081143450254
IWM,2026-08-20,2026-08-17,End of Week,monthly,2026-09-18,20-45_day,21,1,put,0,298.0,6.12,6.07,6.16,972.0,6746.0,0.1790243231201171,-0.4754493230506829,0.0265086110814593,-0.088185403199179,0.3340983427473841,-0.1169888766887137
IWM,2026-08-20,2026-08-17,End of Week,monthly,2026-09-18,20-45_day,21,1,call,1,299.0,5.4,5.25,5.35,615.0,414.0,0.1785970812988281,0.4980284152949387,0.0266221270229905,-0.117527353028117,0.3347282877995197,0.1132105038012197
IWM,2026-08-20,2026-08-17,End of Week,monthly,2026-09-18,20-45_day,21,1,put,1,299.0,6.49,6.52,6.61,630.0,1597.0,0.1765829412841797,-0.5022218530256137,0.0269256955012176,-0.0861188552408965,0.3347271841639821,-0.1236588588652315
IWM,2026-08-20,2026-08-17,End of Week,monthly,2026-09-18,20-45_day,21,1,call,2,300.0,4.77,4.73,4.82,2271.0,27004.0,0.1759115612792968,0.470856231198743,0.0269567243035213,-0.1149432425245676,0.3338387977307074,0.1072235606787703
IWM,2026-08-20,2026-08-17,End of Week,monthly,2026-09-18,20-45_day,21,1,put,2,300.0,6.98,6.94,7.13,2738.0,23118.0,0.1753622503662109,-0.5292965971057009,0.0270404030491443,-0.084275269023093,0.3338293971824514,-0.1304539392089923
MU,2026-08-20,2026-08-17,End of Week,weekly,2026-08-21,0-1_day,1,1,call,-2,965.0,19.76,19.65,21.0,6381.0,1115.0,0.7511011218261718,0.6052583988865242,0.0100501816143893,-7.431028796669262,0.1963322397257598,0.0155983051266485
MU,2026-08-20,2026-08-17,End of Week,weekly,2026-08-21,0-1_day,1,1,put,-2,965.0,10.6,10.5,11.7,3179.0,564.0,0.7564721618652344,-0.3953636483666614,0.0099831159291474,-7.388984555906602,0.1964166798012746,-0.0108568635483342
MU,2026-08-20,2026-08-17,End of Week,weekly,2026-08-21,0-1_day,1,1,call,-1,970.0,17.69,16.9,17.35,12902.0,2503.0,0.7320583435058592,0.554897687462113,0.0105844099900937,-7.429556686134,0.2015262619170013,0.014341780981415
MU,2026-08-20,2026-08-17,End of Week,weekly,2026-08-21,0-1_day,1,1,put,-1,970.0,13.2,12.4,13.2,1316.0,772.0,0.732302481689453,-0.4451154498269659,0.0105809298674825,-7.333650256411448,0.2015271866890542,-0.0122313509800917
MU,2026-08-20,2026-08-17,End of Week,weekly,2026-08-21,0-1_day,1,1,call,0,975.0,14.5,14.35,15.0,5591.0,1697.0,0.7374293835449219,0.5016432358481894,0.0106078236934986,-7.5497370548224625,0.2034539059383683,0.0129874791332069
MU,2026-08-20,2026-08-17,End of Week,weekly,2026-08-21,0-1_day,1,1,put,0,975.0,14.84,14.75,16.1,584.0,340.0,0.7413355944824218,-0.4982840702709867,0.010551921348673,-7.490561371733704,0.2034537498573326,-0.0137223766146115
MU,2026-08-20,2026-08-17,End of Week,weekly,2026-08-21,0-1_day,1,1,call,1,980.0,12.3,10.75,12.5,14927.0,6909.0,0.6999541723632813,0.4454011088065855,0.0110710279726723,-7.096534732758937,0.2015472399805546,0.011569850685479
MU,2026-08-20,2026-08-17,End of Week,weekly,2026-08-21,0-1_day,1,1,put,1,980.0,17.12,17.1,19.5,522.0,5024.0,0.7497583618164063,-0.5499951890591219,0.0103514416370301,-7.510940974354108,0.2018559039575121,-0.0151813723820406
MU,2026-08-20,2026-08-17,End of Week,weekly,2026-08-21,0-1_day,1,1,call,2,985.0,10.22,9.9,11.0,4578.0,1022.0,0.7426783544921874,0.3981522286142067,0.0101878040200776,-7.34583615336008,0.1967889230269365,0.0103409339235072
MU,2026-08-20,2026-08-17,End of Week,weekly,2026-08-21,0-1_day,1,1,put,2,985.0,19.94,20.05,22.25,139.0,136.0,0.7442652526855469,-0.6016033584453498,0.0101677420631874,-7.262747103053281,0.1968210591749235,-0.0166369610596767
MU,2026-08-20,2026-08-17,End of Week,monthly,2026-09-18,20-45_day,21,1,call,-2,950.0,85.45,84.05,85.75,707.0,1750.0,0.6672091384887697,0.5964389492607914,0.0021132285656565,-1.273572090083015,1.063471258376778,0.3931146566792697
MU,2026-08-20,2026-08-17,End of Week,monthly,2026-09-18,20-45_day,21,1,put,-2,950.0,57.5,56.8,58.4,564.0,1677.0,0.6394384201049804,-0.4025525646351786,0.0022035962845977,-1.126205951292798,1.0627914618595828,-0.3563359807253659
MU,2026-08-20,2026-08-17,End of Week,monthly,2026-09-18,20-45_day,21,1,call,-1,960.0,81.2,78.7,80.35,308.0,879.0,0.6641879284667971,0.5747442378519247,0.0021485601088828,-1.28119269735321,1.0763556246700332,0.380628586469779
MU,2026-08-20,2026-08-17,End of Week,monthly,2026-09-18,20-45_day,21,1,put,-1,960.0,61.83,61.5,63.05,189.0,1301.0,0.6372106591796876,-0.4251719447702171,0.0022394323072871,-1.134276003566938,1.0763122164866827,-0.3774984629144338
MU,2026-08-20,2026-08-17,End of Week,monthly,2026-09-18,20-45_day,21,1,call,0,970.0,76.95,74.05,75.4,458.0,960.0,0.6644778425598148,0.5529576641047242,0.0021668150907747,-1.2910890093567384,1.0859745650901322,0.3676153198631907
MU,2026-08-20,2026-08-17,End of Week,monthly,2026-09-18,20-45_day,21,1,put,0,970.0,66.8,66.65,68.15,281.0,765.0,0.6370275555419922,-0.4478993913751403,0.0022608326798204,-1.142131677568735,1.086285392005229,-0.3991001384711897
MU,2026-08-20,2026-08-17,End of Week,monthly,2026-09-18,20-45_day,21,1,call,1,980.0,70.27,69.4,70.75,196.0,1047.0,0.6641421525573732,0.5312140767828148,0.002180511161612,-1.2960156630886204,1.092286730943617,0.3545155967628812
MU,2026-08-20,2026-08-17,End of Week,monthly,2026-09-18,20-45_day,21,1,put,1,980.0,73.35,71.9,73.45,125.0,813.0,0.6361425546264649,-0.4706231939307876,0.0022772849839944,-1.1447038049460427,1.0926702769494068,-0.4208190103026195
MU,2026-08-20,2026-08-17,End of Week,monthly,2026-09-18,20-45_day,21,1,call,2,990.0,67.16,64.9,66.3,140.0,1820.0,0.6634249966430666,0.5095394330492267,0.0021889477883586,-1.296461303009182,1.0953288632922822,0.3413314805757141
MU,2026-08-20,2026-08-17,End of Week,monthly,2026-09-18,20-45_day,21,1,put,2,990.0,77.63,77.45,79.0,51.0,697.0,0.6357153128051759,-0.4932280232530085,0.0022846841465977,-1.1441938555082891,1.0954842529048583,-0.442663783643364
MSTR,2026-08-20,2026-08-17,End of Week,weekly,2026-08-21,0-1_day,1,1,call,-2,110.0,3.75,3.6,3.75,27855.0,15265.0,0.983398603515625,0.6719462898730022,0.0624513532317128,-1.052329582658842,0.0212536690564314,0.0019681770210774
MSTR,2026-08-20,2026-08-17,End of Week,weekly,2026-08-21,0-1_day,1,1,put,-2,110.0,1.32,1.29,1.34,13909.0,5357.0,0.99804689453125,-0.3301426214033087,0.0616921586887167,-1.0594234599385828,0.0213080343365752,-0.0010525020657015
MSTR,2026-08-20,2026-08-17,End of Week,weekly,2026-08-21,0-1_day,1,1,call,-1,111.0,3.2,2.99,3.2,6928.0,876.0,1.0009815576171874,0.6047482556633018,0.0654000224671226,-1.1404488788203957,0.0226551241658465,0.0017771551026413
MSTR,2026-08-20,2026-08-17,End of Week,weekly,2026-08-21,0-1_day,1,1,put,-1,111.0,1.75,1.68,1.85,4022.0,9.0,1.0273486132812502,-0.3973543110597752,0.0638129931087859,-1.160696788864554,0.0226876455065107,-0.0012717442176203
MSTR,2026-08-20,2026-08-17,End of Week,weekly,2026-08-21,0-1_day,1,1,call,0,112.0,2.58,2.53,2.89,9773.0,1067.0,1.071293706054688,0.5365863468864508,0.0630360275111455,-1.2576528155400666,0.0233700619186172,0.0015778567733631
MSTR,2026-08-20,2026-08-17,End of Week,weekly,2026-08-21,0-1_day,1,1,put,0,112.0,2.22,2.1,2.3,2727.0,18.0,1.0205127099609377,-0.4626804787469136,0.0661613893497079,-1.1867698413565522,0.0233660610905775,-0.0014848163997861
MSTR,2026-08-20,2026-08-17,End of Week,weekly,2026-08-21,0-1_day,1,1,call,1,113.0,2.16,2.09,2.2,12584.0,1528.0,1.036137631835938,0.4717712333594774,0.0652863429517205,-1.217962546387463,0.0234100457584407,0.0013937558622665
MSTR,2026-08-20,2026-08-17,End of Week,weekly,2026-08-21,0-1_day,1,1,put,1,113.0,2.79,2.67,2.87,1167.0,18.0,1.0424852563476563,-0.5279253484954223,0.0648923035862956,-1.2139970222463563,0.0234113030132903,-0.0017012933309693
MSTR,2026-08-20,2026-08-17,End of Week,weekly,2026-08-21,0-1_day,1,1,call,2,114.0,1.75,1.68,1.83,7298.0,1388.0,1.0478563232421876,0.4090243347530602,0.0630281355875657,-1.201971263376918,0.0228559181615486,0.001211273326573
MSTR,2026-08-20,2026-08-17,End of Week,weekly,2026-08-21,0-1_day,1,1,put,2,114.0,3.35,3.3,3.55,527.0,1.0,1.0742233789062503,-0.5882499627678743,0.0615788117904344,-1.222515162345699,0.0228922446087222,-0.0019049569792527
MSTR,2026-08-20,2026-08-17,End of Week,monthly,2026-09-18,20-45_day,21,1,call,-2,100.0,16.8,16.75,17.0,748.0,37116.0,0.7905294384765625,0.7417691446189388,0.0129063345570588,-0.146289508858819,0.1023956334585472,0.0526755697612153
MSTR,2026-08-20,2026-08-17,End of Week,monthly,2026-09-18,20-45_day,21,1,put,-2,100.0,4.14,3.95,4.3,2708.0,9427.0,0.7556176782226562,-0.2518376604112567,0.0133267107436686,-0.1283814208276162,0.1010614564085506,-0.0256899683558098
MSTR,2026-08-20,2026-08-17,End of Week,monthly,2026-09-18,20-45_day,21,1,call,-1,105.0,13.7,13.4,13.95,399.0,5372.0,0.7812521875,0.6672472654468039,0.0146809028160569,-0.1612512149294254,0.1151077278407245,0.048576028223948
MSTR,2026-08-20,2026-08-17,End of Week,monthly,2026-09-18,20-45_day,21,1,put,-1,105.0,5.9,5.9,6.2,822.0,3857.0,0.7609887182617189,-0.3306754683607417,0.0150343252244637,-0.1462800953857517,0.1148213451100992,-0.0342329602607141
MSTR,2026-08-20,2026-08-17,End of Week,monthly,2026-09-18,20-45_day,21,1,call,0,110.0,11.1,11.0,11.2,1870.0,4559.0,0.790041162109375,0.5874846103325878,0.0155548856034005,-0.1735522374513599,0.1233323514429643,0.0435142264358855
MSTR,2026-08-20,2026-08-17,End of Week,monthly,2026-09-18,20-45_day,21,1,put,0,110.0,8.55,8.2,8.55,1777.0,1930.0,0.7630638928222657,-0.4124852413093716,0.0161045353925642,-0.156720116740206,0.1233302395699234,-0.0433592377371987
MSTR,2026-08-20,2026-08-17,End of Week,monthly,2026-09-18,20-45_day,21,1,call,1,115.0,8.95,8.8,9.1,2260.0,7352.0,0.7996846203613281,0.5095378484125934,0.015742980040234,-0.1790910461224453,0.1263473564536984,0.0382766554366376
MSTR,2026-08-20,2026-08-17,End of Week,monthly,2026-09-18,20-45_day,21,1,put,1,115.0,11.14,10.95,11.4,517.0,3171.0,0.7692894165039064,-0.4935701265593017,0.0163675493823385,-0.1608666995111385,0.1263670621024352,-0.0527971635550302
MSTR,2026-08-20,2026-08-17,End of Week,monthly,2026-09-18,20-45_day,21,1,call,2,120.0,7.15,7.05,7.3,3496.0,5555.0,0.8090839404296875,0.4363023819260058,0.0153657187218606,-0.1782839843993509,0.1247690679955464,0.0331631364655516
MSTR,2026-08-20,2026-08-17,End of Week,monthly,2026-09-18,20-45_day,21,1,put,2,120.0,14.2,14.15,14.7,334.0,2480.0,0.780275634765625,-0.5692799239882731,0.01589521746222,-0.1595226951551021,0.1244729523670169,-0.0621124620610737
MSFT,2026-08-20,2026-08-17,End of Week,aligned+weekly,2026-08-21,0-1_day,1,1,call,-2,475.0,6.92,7.0,7.65,396.0,3302.0,0.3818421191406249,0.7449607729141474,0.0333941702322057,-1.5796880961208255,0.0808765455487937,0.0096096464207039
MSFT,2026-08-20,2026-08-17,End of Week,aligned+weekly,2026-08-21,0-1_day,1,1,put,-2,475.0,0.95,0.8,0.92,7145.0,5441.0,0.30664755859375,-0.2073004041393717,0.0370348061695245,-1.0941906776910597,0.0720307094285073,-0.002757597158637
MSFT,2026-08-20,2026-08-17,End of Week,aligned+weekly,2026-08-21,0-1_day,1,1,call,-1,477.5,5.27,4.95,5.55,130.0,343.0,0.3415593188476562,0.6702305220496341,0.042088654576559,-1.5893180272031833,0.0911799367732459,0.0086821965527704
MSFT,2026-08-20,2026-08-17,End of Week,aligned+weekly,2026-08-21,0-1_day,1,1,put,-1,477.5,1.45,1.36,1.5,4247.0,1677.0,0.2973703076171874,-0.3072957193085325,0.0469269454414137,-1.3008481972905814,0.0885091139303842,-0.0040915272006818
MSFT,2026-08-20,2026-08-17,End of Week,aligned+weekly,2026-08-21,0-1_day,1,1,call,0,480.0,3.52,3.35,3.75,3208.0,24161.0,0.3129951513671875,0.5637359401925974,0.0499629709485175,-1.5793845802099182,0.0991868206679671,0.0073278109705162
MSFT,2026-08-20,2026-08-17,End of Week,aligned+weekly,2026-08-21,0-1_day,1,1,put,0,480.0,2.15,2.15,2.4,13836.0,8442.0,0.2929758203124999,-0.4323760980012622,0.0532898429056576,-1.429247522233245,0.099024879748554,-0.0057648521548274
MSFT,2026-08-20,2026-08-17,End of Week,aligned+weekly,2026-08-21,0-1_day,1,1,call,1,482.5,2.34,2.28,2.49,9429.0,727.0,0.3099434240722656,0.4370935840702172,0.0504718492741356,-1.5587125981581131,0.0992201201929137,0.0056930622878371
MSFT,2026-08-20,2026-08-17,End of Week,aligned+weekly,2026-08-21,0-1_day,1,1,put,1,482.5,3.6,3.3,3.75,4953.0,1114.0,0.3009103112792969,-0.5649673005985012,0.0519432061777289,-1.4636051900767426,0.0991365788450275,-0.0075494872200653
MSFT,2026-08-20,2026-08-17,End of Week,aligned+weekly,2026-08-21,0-1_day,1,1,call,2,485.0,1.35,1.38,1.5,10294.0,3871.0,0.3020089331054688,0.3121211367604273,0.0465212908706449,-1.3607237306253812,0.0891127099478912,0.0040729161333484
MSFT,2026-08-20,2026-08-17,End of Week,aligned+weekly,2026-08-21,0-1_day,1,1,put,2,485.0,5.25,4.7,5.4,1167.0,2115.0,0.3076241113281249,-0.6846046625813897,0.0458771873790474,-1.3428526480181782,0.0895128245518949,-0.0091716199840922
MSFT,2026-08-20,2026-08-17,End of Week,monthly,2026-09-18,20-45_day,21,1,call,-2,470.0,21.35,20.8,22.6,214.0,19669.0,0.3072273867797851,0.6360874324846608,0.0090119061362361,-0.2984317567728413,0.5092636626634681,0.2245567840755746
MSFT,2026-08-20,2026-08-17,End of Week,monthly,2026-09-18,20-45_day,21,1,put,-2,470.0,8.89,8.65,9.15,295.0,6134.0,0.2623669955444336,-0.3468644506120191,0.0103751169923545,-0.2086836027002064,0.5006892965206959,-0.1394525700340808
MSFT,2026-08-20,2026-08-17,End of Week,monthly,2026-09-18,20-45_day,21,1,call,-1,475.0,18.85,18.1,18.85,27.0,1942.0,0.2898935757446288,0.5926216568252083,0.0098723013803668,-0.2900452922909833,0.5264087491540441,0.2109607838168519
MSFT,2026-08-20,2026-08-17,End of Week,monthly,2026-09-18,20-45_day,21,1,put,-1,475.0,10.75,10.55,11.1,194.0,2620.0,0.25977302734375,-0.4003358143122951,0.010968339363729,-0.2141228415052501,0.5240841645049437,-0.1613783752527224
MSFT,2026-08-20,2026-08-17,End of Week,monthly,2026-09-18,20-45_day,21,1,call,0,480.0,15.43,15.3,15.95,311.0,16504.0,0.2844309838867186,0.5424590683021067,0.0102832671358388,-0.2886186960062121,0.537989902133667,0.1941378228155313
MSFT,2026-08-20,2026-08-17,End of Week,monthly,2026-09-18,20-45_day,21,1,put,0,480.0,12.55,12.5,13.35,634.0,4152.0,0.2576368182373046,-0.4562938547128109,0.0113488625733107,-0.2153371442195084,0.5378068961947523,-0.1844897993618574
MSFT,2026-08-20,2026-08-17,End of Week,monthly,2026-09-18,20-45_day,21,1,call,1,485.0,12.95,12.7,13.35,249.0,1892.0,0.2797923583984374,0.490299668837102,0.0105102430016379,-0.2834430516662098,0.5408971696517875,0.1763175238603917
MSFT,2026-08-20,2026-08-17,End of Week,monthly,2026-09-18,20-45_day,21,1,put,1,485.0,15.12,15.1,15.8,347.0,1941.0,0.2539442282104492,-0.5137406030110889,0.0115765983639911,-0.2101519832029926,0.5407361633631885,-0.2083267367039512
MSFT,2026-08-20,2026-08-17,End of Week,monthly,2026-09-18,20-45_day,21,1,call,2,490.0,11.15,10.5,11.15,410.0,6890.0,0.277778218383789,0.4379941491479982,0.0104614163413252,-0.2761818907524797,0.5345086984458002,0.1581234567697515
MSFT,2026-08-20,2026-08-17,End of Week,monthly,2026-09-18,20-45_day,21,1,put,2,490.0,17.82,16.0,18.8,246.0,2761.0,0.2552259536743164,-0.5700431139820712,0.0113472019908245,-0.2047652660539371,0.5326963533078132,-0.2321642083277045
GLD,2026-08-20,2026-08-17,End of Week,weekly,2026-08-21,0-1_day,1,1,call,-2,413.0,3.8,3.35,3.7,2289.0,2925.0,0.2778392529296875,0.6515481012677867,0.0612348627331555,-1.143685586145124,0.0803784646791343,0.0073105477941725
GLD,2026-08-20,2026-08-17,End of Week,weekly,2026-08-21,0-1_day,1,1,put,-2,413.0,1.5,1.53,1.64,382.0,167.0,0.3024972094726562,-0.3598008308068977,0.0568892530729466,-1.214352144558272,0.0813015751207433,-0.0041379519665088
GLD,2026-08-20,2026-08-17,End of Week,weekly,2026-08-21,0-1_day,1,1,call,-1,414.0,2.96,2.82,2.99,1729.0,1065.0,0.2663647583007812,0.5918129029466834,0.067073447496801,-1.1487694500563608,0.084406277784023,0.0066504353591151
GLD,2026-08-20,2026-08-17,End of Week,weekly,2026-08-21,0-1_day,1,1,put,-1,414.0,2.0,1.95,2.11,1042.0,74.0,0.3110420458984374,-0.420338612071973,0.0578285015514032,-1.3036716405316369,0.0849783695367624,-0.0048394966733159
GLD,2026-08-20,2026-08-17,End of Week,weekly,2026-08-21,0-1_day,1,1,call,0,415.0,2.49,2.32,2.48,11160.0,8080.0,0.2707592456054687,0.5233005934066356,0.0676723885130124,-1.1937056032894398,0.0865649646246485,0.0058850603312869
GLD,2026-08-20,2026-08-17,End of Week,weekly,2026-08-21,0-1_day,1,1,put,0,415.0,2.5,2.44,2.62,761.0,75.0,0.3170234313964843,-0.4792022551996343,0.0578168377786525,-1.352180914999726,0.0865950470203558,-0.0055230983944092
GLD,2026-08-20,2026-08-17,End of Week,weekly,2026-08-21,0-1_day,1,1,call,1,416.0,2.05,1.9,2.05,5406.0,661.0,0.2767406311035155,0.4567340569271463,0.0659324726665841,-1.211817964669906,0.0862024572135054,0.0051395746544434
GLD,2026-08-20,2026-08-17,End of Week,weekly,2026-08-21,0-1_day,1,1,call,2,417.0,1.62,1.56,1.68,1645.0,1955.0,0.282233740234375,0.3940451103865883,0.0627247338470062,-1.1966787238015273,0.0836363581304712,0.004436569218856
GLD,2026-08-20,2026-08-17,End of Week,weekly,2026-08-21,0-1_day,1,1,put,2,417.0,3.5,3.55,3.85,171.0,3.0,0.3335027587890625,-0.5890076807918593,0.0536592443020677,-1.3846082180903887,0.0845456637677504,-0.0068059380434268
GLD,2026-08-20,2026-08-17,End of Week,monthly,2026-09-18,20-45_day,21,1,call,-2,409.0,15.7,15.4,16.0,95.0,868.0,0.2724071783447265,0.6081621918403605,0.012049052500113,-0.2351352225328705,0.4496936939693636,0.1873972375328436
GLD,2026-08-20,2026-08-17,End of Week,monthly,2026-09-18,20-45_day,21,1,put,-2,409.0,8.1,8.2,8.55,4.0,65.0,0.2462233581542968,-0.383632768535683,0.0132491657771683,-0.1727638825499683,0.4469543181373898,-0.1329670770429974
GLD,2026-08-20,2026-08-17,End of Week,monthly,2026-09-18,20-45_day,21,1,call,-1,410.0,15.22,14.8,15.4,1357.0,39813.0,0.27149166015625,0.5961091478929446,0.0121878773657189,-0.2356893632504052,0.4533461397277818,0.1839067676139696
GLD,2026-08-20,2026-08-17,End of Week,monthly,2026-09-18,20-45_day,21,1,put,-1,410.0,8.68,8.65,8.95,339.0,11422.0,0.2454909436035156,-0.3969154508101304,0.013417485903646,-0.1734345167076838,0.451286119681935,-0.1376537420034596
GLD,2026-08-20,2026-08-17,End of Week,monthly,2026-09-18,20-45_day,21,1,call,0,415.0,12.55,12.25,12.6,5773.0,69187.0,0.267158207397461,0.5338848444237061,0.0127115507661821,-0.2354676619316942,0.4652778843648448,0.1656554004077915
GLD,2026-08-20,2026-08-17,End of Week,monthly,2026-09-18,20-45_day,21,1,put,0,415.0,11.35,11.2,11.45,1355.0,4690.0,0.2481459463500976,-0.4657370933418654,0.0136843618085267,-0.1783265300320676,0.4652400421529192,-0.1622744217165942
GLD,2026-08-20,2026-08-17,End of Week,monthly,2026-09-18,20-45_day,21,1,call,1,420.0,10.25,10.15,10.3,3982.0,136574.0,0.2667920001220704,0.4704245994924309,0.0127399865324833,-0.2329256429497845,0.4656795053308531,0.1466014956187459
GLD,2026-08-20,2026-08-17,End of Week,monthly,2026-09-18,20-45_day,21,1,put,1,420.0,13.85,13.85,14.25,149.0,8380.0,0.2498243963623047,-0.5335462768913972,0.0135945084177353,-0.1765720392771983,0.4653114161199183,-0.1867993722126875
GLD,2026-08-20,2026-08-17,End of Week,monthly,2026-09-18,20-45_day,21,1,call,2,425.0,8.49,8.15,8.5,1374.0,54714.0,0.2706371765136719,0.4101315306169748,0.0122727015721322,-0.2287092464693194,0.4550645249334373,0.128193157276674
GLD,2026-08-20,2026-08-17,End of Week,monthly,2026-09-18,20-45_day,21,1,put,2,425.0,17.66,16.95,17.45,24.0,327.0,0.2531202618408203,-0.5979477365325551,0.0130572252006118,-0.1707347805234211,0.4528174542150429,-0.2105198567128403
VIX,2026-08-20,2026-08-17,End of Week,weekly,2026-08-26,5-9_day,4,1,call,-2,14.5,2.4,1.57,2.92,29.0,0.0,1.74609501953125,0.7112922889253618,0.0953042532091608,-0.1029522915350548,0.007011665968634,0.0015020248833028
VIX,2026-08-20,2026-08-17,End of Week,weekly,2026-08-26,5-9_day,4,1,put,-2,14.5,0.02,0.01,0.04,54.0,0.0,0.500005,-0.0562720826139092,0.1103597694887845,-0.0095937110125231,0.0023250173288569,-0.0001522410009344
VIX,2026-08-20,2026-08-17,End of Week,weekly,2026-08-26,5-9_day,4,1,call,-1,15.0,1.85,1.15,2.43,3822.0,0.0,1.5390648046875,0.6671215679006223,0.1150301615104848,-0.0965736142579885,0.0074594996619738,0.0014607119308079
VIX,2026-08-20,2026-08-17,End of Week,weekly,2026-08-26,5-9_day,4,1,put,-1,15.0,0.08,0.08,0.12,2.0,0.0,0.5390671093750001,-0.1620198936725894,0.2216948307436944,-0.0223473682938074,0.0050354636308808,-0.0004424605739559
VIX,2026-08-20,2026-08-17,End of Week,weekly,2026-08-26,5-9_day,4,1,call,0,16.0,1.05,0.49,1.39,7196.0,0.0,1.142582412109375,0.5325441958223487,0.1695328022793167,-0.0784812942342218,0.0081617321395902,0.0012463369875013
VIX,2026-08-20,2026-08-17,End of Week,weekly,2026-08-26,5-9_day,4,1,put,0,16.0,0.25,0.0,0.0,9204.0,0.0,0.0039162109375,-0.0070057797024678,2.425904324877844,-1.682697619886329e-06,0.0004002955912674,-1.844070106637948e-05
VIX,2026-08-20,2026-08-17,End of Week,weekly,2026-08-26,5-9_day,4,1,call,1,17.0,0.65,0.45,0.81,3.0,0.0,1.2480506347656248,0.3854678075107092,0.1492622413782292,-0.0821963770470891,0.0078491608054397,0.0009102771149697
VIX,2026-08-20,2026-08-17,End of Week,weekly,2026-08-26,5-9_day,4,1,put,1,17.0,0.8,0.5,1.21,589.0,0.0,0.6953155468750001,-0.7329088991936821,0.230406906864914,-0.0378004659465405,0.0067502288376049,-0.0021264265377425
VIX,2026-08-20,2026-08-17,End of Week,weekly,2026-08-26,5-9_day,4,1,call,2,18.0,0.4,0.02,0.77,945.0,0.0,1.2890660546875,0.2667891841300073,0.1242093092139277,-0.072864117529837,0.0067463734910547,0.0006369571452967
VIX,2026-08-20,2026-08-17,End of Week,weekly,2026-08-26,5-9_day,4,1,put,2,18.0,1.51,1.01,2.36,10.0,0.0,1.25390998046875,-0.7403996984814372,0.1259222939358177,-0.0680764588099312,0.0066528854838334,-0.002335193867552
VIX,2026-08-20,2026-08-17,End of Week,monthly,2026-09-16,20-45_day,19,1,call,-2,15.0,2.94,2.8,2.94,629.0,0.0,1.3935577197265625,0.6438104952747513,0.0614250231708062,-0.0426372064857611,0.016230199807358,0.0054870549107704
VIX,2026-08-20,2026-08-17,End of Week,monthly,2026-09-16,20-45_day,19,1,put,-2,15.0,0.14,0.11,0.21,10884.0,0.0,0.3457096679687499,-0.2208925510490877,0.1971507602241065,-0.0078942655513208,0.0129230063296211,-0.002764040494765
VIX,2026-08-20,2026-08-17,End of Week,monthly,2026-09-16,20-45_day,19,1,call,-1,15.5,2.62,2.41,2.55,804.0,0.0,1.3027378613281246,0.608825170383512,0.0676945733197949,-0.0410745593765236,0.0167210854536391,0.0053614768912609
VIX,2026-08-20,2026-08-17,End of Week,monthly,2026-09-16,20-45_day,19,1,put,-1,15.5,0.25,0.21,0.32,4188.0,0.0,0.3144599804687499,-0.3251624025519309,0.2629033491578904,-0.0085691408803271,0.0156752717192802,-0.0040765538367641
VIX,2026-08-20,2026-08-17,End of Week,monthly,2026-09-16,20-45_day,19,1,call,0,16.0,2.23,2.08,2.22,1872.0,0.0,1.241214731445312,0.570935818797976,0.072643641209201,-0.0400035185837175,0.0170961414370842,0.0051568653812299
VIX,2026-08-20,2026-08-17,End of Week,monthly,2026-09-16,20-45_day,19,1,put,0,16.0,0.41,0.38,0.5,19629.0,0.0,0.2910227148437499,-0.4672928165706688,0.3137570950185427,-0.0085230404484654,0.0173130673730982,-0.005887848325819
VIX,2026-08-20,2026-08-17,End of Week,monthly,2026-09-16,20-45_day,19,1,call,1,16.5,1.93,1.82,1.96,714.0,0.0,1.2109414453124998,0.5324612083757222,0.0754083204561649,-0.0394975155214173,0.0173139431601674,0.0048945050465962
VIX,2026-08-20,2026-08-17,End of Week,monthly,2026-09-16,20-45_day,19,1,put,1,16.5,0.62,0.61,0.73,41.0,0.0,0.2509840527343749,-0.6433295535545233,0.3412167500533132,-0.0064312443503776,0.0162379068562136,-0.008136426534103
VIX,2026-08-20,2026-08-17,End of Week,monthly,2026-09-16,20-45_day,19,1,call,2,17.0,1.74,1.59,1.73,778.0,0.0,1.1884806201171876,0.4938071285580458,0.0770794919086961,-0.038860017686475,0.017369388275681,0.0046074563516283
VIX,2026-08-20,2026-08-17,End of Week,monthly,2026-09-16,20-45_day,19,1,put,2,17.0,0.86,0.87,1.0,6461.0,0.0,0.1289149609375,-0.946907984694883,0.1927083726893621,0.0005104719235905,0.0047103966707694,-0.0119213540646126
ETHA,2026-08-20,2026-08-17,End of Week,weekly,2026-08-21,0-1_day,1,1,call,-2,16.5,1.04,1.01,1.16,13013.0,7006.0,0.8906260937499999,0.9113127925444252,0.1963303824473666,-0.0672191189917438,0.0014755171680484,0.0004084295109565
ETHA,2026-08-20,2026-08-17,End of Week,weekly,2026-08-21,0-1_day,1,1,put,-2,16.5,0.02,0.01,0.03,1812.0,231.0,0.7812521875,-0.062810703430734,0.1720303590916752,-0.0441877011774685,0.0011341165331651,-3.074532770997587e-05
ETHA,2026-08-20,2026-08-17,End of Week,weekly,2026-08-21,0-1_day,1,1,call,-1,17.0,0.61,0.6,0.64,11628.0,7404.0,0.710940390625,0.8097507512284756,0.4158534256028604,-0.0900612270484613,0.0024947946911586,0.0003723228459602
ETHA,2026-08-20,2026-08-17,End of Week,weekly,2026-08-21,0-1_day,1,1,put,-1,17.0,0.06,0.07,0.08,16319.0,19.0,0.73437765625,-0.1976077655155362,0.4120010313901311,-0.0933899124796159,0.0025531662647768,-9.708355766511936e-05
ETHA,2026-08-20,2026-08-17,End of Week,weekly,2026-08-21,0-1_day,1,1,call,0,17.5,0.3,0.28,0.3,12159.0,4391.0,0.7226590234375,0.5386449521551467,0.5981387836336536,-0.132724887479609,0.0036475120258352,0.0002510163634584
ETHA,2026-08-20,2026-08-17,End of Week,weekly,2026-08-21,0-1_day,1,1,put,0,17.5,0.23,0.24,0.26,2003.0,2.0,0.7500025,-0.4622016963990957,0.576449847861113,-0.1359619057208041,0.0036482583011422,-0.0002290674164735
ETHA,2026-08-20,2026-08-17,End of Week,weekly,2026-08-21,0-1_day,1,1,call,1,18.0,0.13,0.12,0.14,15191.0,3576.0,0.8203142968749999,0.2857591544836942,0.4511071528276677,-0.1285725998119526,0.0031226357933074,0.0001337997773368
ETHA,2026-08-20,2026-08-17,End of Week,weekly,2026-08-21,0-1_day,1,1,put,1,18.0,0.58,0.53,0.61,46.0,5.0,0.7851583984375,-0.7234204403314586,0.4639316765249822,-0.1193244418053068,0.0030737790506708,-0.0003634161720647
ETHA,2026-08-20,2026-08-17,End of Week,weekly,2026-08-21,0-1_day,1,1,call,2,18.5,0.06,0.06,0.07,12103.0,71.0,0.945313046875,0.1494889673577047,0.2678901326483909,-0.1012636787509106,0.002136946791101,7.00768721398474e-05
ETHA,2026-08-20,2026-08-17,End of Week,monthly,2026-09-18,20-45_day,21,1,call,-2,16.0,2.03,2.0,2.04,5633.0,78676.0,0.56836369140625,0.7503627465287599,0.1129356586948539,-0.0165205725629809,0.0157078502665637,0.0088328430320869
ETHA,2026-08-20,2026-08-17,End of Week,monthly,2026-09-18,20-45_day,21,1,put,-2,16.0,0.42,0.41,0.44,1146.0,51842.0,0.5410202148437502,-0.2413781285942209,0.1165181443501397,-0.0139181279684779,0.0154264639751337,-0.003693149404909
ETHA,2026-08-20,2026-08-17,End of Week,monthly,2026-09-18,20-45_day,21,1,call,-1,17.0,1.36,1.36,1.41,9463.0,26196.0,0.56055126953125,0.6175833773162436,0.1375731544571241,-0.0191950891755495,0.0188715848138344,0.0074893454197154
ETHA,2026-08-20,2026-08-17,End of Week,monthly,2026-09-18,20-45_day,21,1,put,-1,17.0,0.78,0.78,0.79,3227.0,3106.0,0.534184345703125,-0.3796920164716297,0.1440515432305201,-0.0165898811715509,0.0188307843297995,-0.0059003395466269
ETHA,2026-08-20,2026-08-17,End of Week,monthly,2026-09-18,20-45_day,21,1,call,0,18.0,0.93,0.9,0.93,15206.0,31374.0,0.5634809277343751,0.4754948652912744,0.1428501937846572,-0.019888510719809,0.0196978756790154,0.0058865646160763
ETHA,2026-08-20,2026-08-17,End of Week,monthly,2026-09-18,20-45_day,21,1,put,0,18.0,1.31,1.31,1.34,649.0,11379.0,0.543949873046875,-0.5276146240145534,0.1479038310230984,-0.0173933632497699,0.0196878204634728,-0.0083855898633393
ETHA,2026-08-20,2026-08-17,End of Week,monthly,2026-09-18,20-45_day,21,1,call,1,19.0,0.61,0.59,0.62,10200.0,8051.0,0.5810588769531251,0.3501791702095647,0.1288845592191008,-0.0189204896577944,0.0183265353229331,0.0043895217828552
ETHA,2026-08-20,2026-08-17,End of Week,monthly,2026-09-18,20-45_day,21,1,put,1,19.0,1.95,1.92,2.14,23.0,2126.0,0.567387138671875,-0.6546885619616984,0.1313113312887456,-0.0164682360168666,0.0182322819727672,-0.0107100384359438
ETHA,2026-08-20,2026-08-17,End of Week,monthly,2026-09-18,20-45_day,21,1,call,2,20.0,0.41,0.39,0.41,15315.0,8890.0,0.6005899316406251,0.2514615971938888,0.1072889028122506,-0.0167343438729707,0.0157685655808289,0.0031795535087372
ETHA,2026-08-20,2026-08-17,End of Week,monthly,2026-09-18,20-45_day,21,1,put,2,20.0,2.74,2.62,2.99,2057.0,424.0,0.5712933496093751,-0.7619905279649951,0.1095007116075581,-0.0134423789348987,0.0153085990067768,-0.0128155693448139
META,2026-08-20,2026-08-17,End of Week,aligned+weekly,2026-08-21,0-1_day,1,1,call,-2,535.0,12.0,11.55,13.25,239.0,1335.0,0.5705609350585938,0.7547105247812067,0.0192972966762406,-2.604293499717906,0.0898711860518972,0.0109219832952174
META,2026-08-20,2026-08-17,End of Week,aligned+weekly,2026-08-21,0-1_day,1,1,put,-2,535.0,1.08,1.04,1.17,7623.0,2054.0,0.4204159521484375,-0.1771371926872748,0.0216266134058336,-1.5501243706960448,0.0742146544366634,-0.0026807615924604
META,2026-08-20,2026-08-17,End of Week,aligned+weekly,2026-08-21,0-1_day,1,1,call,-1,540.0,8.2,7.8,9.05,3834.0,1331.0,0.4996387927246094,0.6655172314099487,0.02550617045466,-2.634592010104876,0.1040215628017212,0.0097033780645708
META,2026-08-20,2026-08-17,End of Week,aligned+weekly,2026-08-21,0-1_day,1,1,put,-1,540.0,2.32,2.11,2.36,11138.0,4940.0,0.4157773266601562,-0.3053846462055019,0.0295042744024197,-2.064457289126501,0.1001308049081661,-0.0046310101841695
META,2026-08-20,2026-08-17,End of Week,aligned+weekly,2026-08-21,0-1_day,1,1,call,0,545.0,5.2,5.2,5.5,9506.0,1526.0,0.4455621850585937,0.5323838554413767,0.0312360971700013,-2.5597641759337746,0.1136022822868667,0.0078099165786018
META,2026-08-20,2026-08-17,End of Week,aligned+weekly,2026-08-21,0-1_day,1,1,put,0,545.0,4.26,3.95,4.45,7813.0,3713.0,0.4261531994628906,-0.4665577472064888,0.0326515533610429,-2.393781974684925,0.1135773069397524,-0.0070982077930697
META,2026-08-20,2026-08-17,End of Week,aligned+weekly,2026-08-21,0-1_day,1,1,call,1,550.0,3.25,3.1,3.35,12709.0,5444.0,0.4519097778320313,0.3799418642778614,0.0294892159019643,-2.478566131644207,0.1087769630337028,0.0055893796118933
META,2026-08-20,2026-08-17,End of Week,aligned+weekly,2026-08-21,0-1_day,1,1,put,1,550.0,7.26,6.85,7.45,2076.0,8906.0,0.445318046875,-0.6219115726285411,0.029880845002218,-2.383194117014631,0.1086138320852071,-0.0095033386411778
META,2026-08-20,2026-08-17,End of Week,aligned+weekly,2026-08-21,0-1_day,1,1,call,2,555.0,1.86,1.84,1.95,8569.0,1860.0,0.4633842724609375,0.2512409473267626,0.0240662657745712,-2.1227458255301257,0.0910273635323761,0.0037033202631406
META,2026-08-20,2026-08-17,End of Week,aligned+weekly,2026-08-21,0-1_day,1,1,put,2,555.0,10.8,10.55,11.15,546.0,2145.0,0.46680220703125,-0.7471350954490558,0.0239713980631175,-2.0893229465513063,0.0913373128989516,-0.0114771854371367
META,2026-08-20,2026-08-17,End of Week,monthly,2026-09-18,20-45_day,21,1,call,-2,535.0,29.33,28.0,29.05,25.0,725.0,0.3824829818725586,0.6052974530841302,0.0065418127243277,-0.4210667225803939,0.592284255188737,0.2387260581470051
META,2026-08-20,2026-08-17,End of Week,monthly,2026-09-18,20-45_day,21,1,put,-2,535.0,15.7,15.65,16.15,151.0,2664.0,0.3477848425292968,-0.3884115489929791,0.0071621194886694,-0.3304751212349758,0.589619959592157,-0.1807360936567146
META,2026-08-20,2026-08-17,End of Week,monthly,2026-09-18,20-45_day,21,1,call,-1,540.0,26.09,25.2,25.95,483.0,1366.0,0.3755250436401367,0.5722752627716424,0.0067913320642705,-0.4198362546523137,0.6036897962798252,0.2269023950257538
META,2026-08-20,2026-08-17,End of Week,monthly,2026-09-18,20-45_day,21,1,put,-1,540.0,18.15,17.85,18.45,3157.0,4615.0,0.3480289807128905,-0.42524016360628,0.0073192820952386,-0.336474737931103,0.6029813218766962,-0.1984826831688213
META,2026-08-20,2026-08-17,End of Week,monthly,2026-09-18,20-45_day,21,1,call,0,545.0,23.05,22.7,23.35,773.0,1454.0,0.3740296972656249,0.5378644214773887,0.006901316979548,-0.4213725152784568,0.6110236568468166,0.2140840696163627
META,2026-08-20,2026-08-17,End of Week,monthly,2026-09-18,20-45_day,21,1,put,0,545.0,20.57,20.2,20.85,249.0,2030.0,0.346838807067871,-0.462339250418264,0.0074427167374761,-0.3377733223269494,0.6110533627555769,-0.2164257788024254
META,2026-08-20,2026-08-17,End of Week,monthly,2026-09-18,20-45_day,21,1,call,1,550.0,20.64,20.65,20.9,691.0,2541.0,0.3721986608886719,0.503174218134805,0.0069664500925883,-0.4195389702366778,0.6137709095022061,0.2010247476454902
META,2026-08-20,2026-08-17,End of Week,monthly,2026-09-18,20-45_day,21,1,put,1,550.0,23.25,22.65,23.55,681.0,12040.0,0.3475101870727538,-0.4994750939266865,0.0074616035023283,-0.3377966386728068,0.613789807000087,-0.2346227520967437
META,2026-08-20,2026-08-17,End of Week,monthly,2026-09-18,20-45_day,21,1,call,2,555.0,18.45,18.3,18.8,341.0,596.0,0.3732972827148437,0.4690077201343721,0.0069251964720663,-0.4178472862226032,0.6119372520026914,0.1879140329800146
META,2026-08-20,2026-08-17,End of Week,monthly,2026-09-18,20-45_day,21,1,put,2,555.0,25.12,25.6,26.35,588.0,2325.0,0.3468082897949218,-0.5364347430008318,0.0074455084913121,-0.3331985778530213,0.6112287832547522,-0.2528225046936521
SLV,2026-08-20,2026-08-17,End of Week,weekly,2026-08-21,0-1_day,1,1,call,-2,60.5,1.33,1.26,1.36,4816.0,2062.0,0.4804739453125,0.7798791804716523,0.1910024118616707,-0.2343881627565965,0.0095592290428067,0.0012800805716269
SLV,2026-08-20,2026-08-17,End of Week,weekly,2026-08-21,0-1_day,1,1,put,-2,60.5,0.23,0.17,0.22,9463.0,89.0,0.5019581054687501,-0.2296946739104179,0.1872936255202486,-0.2443184103110147,0.0097927494295778,-0.0003940284380038
SLV,2026-08-20,2026-08-17,End of Week,weekly,2026-08-21,0-1_day,1,1,call,-1,61.0,0.98,0.94,1.01,13561.0,9769.0,0.4882863671875,0.6692384715341445,0.2300148447856019,-0.2897039819468769,0.0116988894974414,0.001102773289871
SLV,2026-08-20,2026-08-17,End of Week,weekly,2026-08-21,0-1_day,1,1,put,-1,61.0,0.38,0.35,0.39,8161.0,4163.0,0.50586431640625,-0.3359644482541165,0.2233946062694032,-0.2955925966874693,0.0117712044456363,-0.0005776445906264
SLV,2026-08-20,2026-08-17,End of Week,weekly,2026-08-21,0-1_day,1,1,call,0,61.5,0.69,0.68,0.73,15401.0,3761.0,0.5029346582031251,0.5460610959768477,0.2441371004129292,-0.3249600708911223,0.012789675365117,0.0009023820227118
SLV,2026-08-20,2026-08-17,End of Week,weekly,2026-08-21,0-1_day,1,1,put,0,61.5,0.61,0.58,0.65,6318.0,74.0,0.5380905566406251,-0.4562302386215959,0.2283353771390487,-0.3414086125114785,0.0127980189425315,-0.0007874816247372
SLV,2026-08-20,2026-08-17,End of Week,weekly,2026-08-21,0-1_day,1,1,call,1,62.0,0.51,0.46,0.53,29218.0,19191.0,0.5039112109375,0.4240865409879428,0.2408462238028405,-0.3211190310214033,0.012641774411437,0.0007027919355675
SLV,2026-08-20,2026-08-17,End of Week,weekly,2026-08-21,0-1_day,1,1,put,1,62.0,0.83,0.86,0.96,4179.0,1056.0,0.5634809277343751,-0.566809515742404,0.2162849080894958,-0.3540210780684174,0.0126946172586403,-0.0009823542006251
SLV,2026-08-20,2026-08-17,End of Week,weekly,2026-08-21,0-1_day,1,1,call,2,62.5,0.37,0.32,0.37,7472.0,1409.0,0.5273484765625001,0.3182014185404468,0.2096175967061604,-0.3055592830124312,0.0115143547943835,0.0005280610670153
SLV,2026-08-20,2026-08-17,End of Week,weekly,2026-08-21,0-1_day,1,1,put,2,62.5,1.18,1.22,1.33,335.0,6.0,0.6054726953125001,-0.6583307988628938,0.1878567643586282,-0.3544270398245742,0.0118477416300643,-0.0011469520054511
SLV,2026-08-20,2026-08-17,End of Week,monthly,2026-09-18,20-45_day,21,1,call,-2,60.5,3.75,3.65,3.8,326.0,1892.0,0.4643608251953125,0.5921277182529328,0.0481069146331579,-0.0573348265488966,0.0674800274236989,0.0259130200873035
SLV,2026-08-20,2026-08-17,End of Week,monthly,2026-09-18,20-45_day,21,1,put,-2,60.5,2.46,2.45,2.53,230.0,5554.0,0.4480035668945312,-0.4063924695797589,0.0498187194969803,-0.049285704892205,0.0674196051026618,-0.0218541020973636
SLV,2026-08-20,2026-08-17,End of Week,monthly,2026-09-18,20-45_day,21,1,call,-1,61.0,3.55,3.4,3.55,1259.0,3143.0,0.4655815161132813,0.5675100450736211,0.0485936874831974,-0.058040655072907,0.0683420117245596,0.0249095678355924
SLV,2026-08-20,2026-08-17,End of Week,monthly,2026-09-18,20-45_day,21,1,put,-1,61.0,2.65,2.69,2.78,181.0,1593.0,0.4497125341796875,-0.4319205734329752,0.0502959707590501,-0.0500018623248426,0.0683251130774263,-0.0232997526445978
SLV,2026-08-20,2026-08-17,End of Week,monthly,2026-09-18,20-45_day,21,1,call,0,61.5,3.3,3.2,3.3,305.0,1576.0,0.4653373779296875,0.5429316406834527,0.0490412541264069,-0.0583597504464717,0.0689353013197015,0.0239060623442313
SLV,2026-08-20,2026-08-17,End of Week,monthly,2026-09-18,20-45_day,21,1,put,0,61.5,2.98,2.95,3.05,73.0,1081.0,0.452153916015625,-0.4573168381124158,0.0504745503950574,-0.0505831578052198,0.0689399442288939,-0.0247533663246735
SLV,2026-08-20,2026-08-17,End of Week,monthly,2026-09-18,20-45_day,21,1,call,1,62.0,3.05,3.0,3.1,3928.0,11202.0,0.4702201416015625,0.5187354742101763,0.0487610982577288,-0.0590732988378963,0.069260700357941,0.0228832983248185
SLV,2026-08-20,2026-08-17,End of Week,monthly,2026-09-18,20-45_day,21,1,put,1,62.0,3.25,3.2,3.35,1049.0,7657.0,0.4572808178710938,-0.4822088201442516,0.0501462947076505,-0.0512657122651386,0.0692682163305946,-0.0262073128722887
SLV,2026-08-20,2026-08-17,End of Week,monthly,2026-09-18,20-45_day,21,1,call,2,62.5,2.9,2.76,2.86,224.0,10293.0,0.467778759765625,0.4942626847129627,0.0490646344696243,-0.0587092396012099,0.0693300060147339,0.0218775967440243
SLV,2026-08-20,2026-08-17,End of Week,monthly,2026-09-18,20-45_day,21,1,put,2,62.5,3.34,3.5,3.65,1125.0,1671.0,0.4604546142578125,-0.5066586231438494,0.0498432843764618,-0.0515090393781419,0.069327518201474,-0.0276388456039017
NFLX,2026-08-20,2026-08-17,End of Week,weekly,2026-08-21,0-1_day,1,1,call,-2,78.0,2.23,2.16,2.31,1150.0,12327.0,0.507817421875,0.8497559162151337,0.1095751267470763,-0.2552749555664624,0.0097909624075038,0.0018022931406227
NFLX,2026-08-20,2026-08-17,End of Week,weekly,2026-08-21,0-1_day,1,1,put,-2,78.0,0.07,0.05,0.07,4995.0,6643.0,0.39063109375,-0.0902948724550591,0.0993451274684785,-0.132628187268447,0.0068284036543484,-0.0002001491138968
NFLX,2026-08-20,2026-08-17,End of Week,weekly,2026-08-21,0-1_day,1,1,call,-1,79.0,1.35,1.3,1.4,4048.0,12057.0,0.41211525390625,0.7516451164337405,0.1831788430054704,-0.2796771039554155,0.0132831111392409,0.0016117926649642
NFLX,2026-08-20,2026-08-17,End of Week,weekly,2026-08-21,0-1_day,1,1,put,-1,79.0,0.18,0.17,0.18,7893.0,4714.0,0.3496158789062499,-0.2125470203393304,0.1979106824506904,-0.2110810993451678,0.0121749220901085,-0.0004715649722665
NFLX,2026-08-20,2026-08-17,End of Week,weekly,2026-08-21,0-1_day,1,1,call,0,80.0,0.68,0.67,0.69,18218.0,33757.0,0.36914693359375,0.5419716772944615,0.2562096436738548,-0.3114996605310673,0.0166418093653887,0.0011709467716959
NFLX,2026-08-20,2026-08-17,End of Week,weekly,2026-08-21,0-1_day,1,1,put,0,80.0,0.5,0.48,0.51,14016.0,13561.0,0.3457096679687499,-0.4556973189242805,0.2734051380390752,-0.2837221894940281,0.0166312159228001,-0.0010144254408765
NFLX,2026-08-20,2026-08-17,End of Week,weekly,2026-08-21,0-1_day,1,1,call,1,81.0,0.26,0.27,0.29,24517.0,11122.0,0.37305314453125,0.2974717530447335,0.221335517049372,-0.2733883801631482,0.014528728885858,0.0006451472933021
NFLX,2026-08-20,2026-08-17,End of Week,weekly,2026-08-21,0-1_day,1,1,put,1,81.0,1.08,1.07,1.15,3655.0,2803.0,0.37305314453125,-0.7025282469552665,0.221335517049372,-0.2651715977532147,0.014528728885858,-0.0015738056601436
NFLX,2026-08-20,2026-08-17,End of Week,weekly,2026-08-21,0-1_day,1,1,call,2,82.0,0.12,0.11,0.12,15190.0,13126.0,0.4023497265625,0.1413841696359354,0.1327616866911674,-0.1902217833527978,0.0093990135775168,0.0003071175429044
NFLX,2026-08-20,2026-08-17,End of Week,weekly,2026-08-21,0-1_day,1,1,put,2,82.0,1.92,1.87,2.0,319.0,2837.0,0.42383388671875,-0.8457983153413793,0.1335737107344107,-0.2040210937555296,0.0099614480172902,-0.0019116576005204
NFLX,2026-08-20,2026-08-17,End of Week,monthly,2026-09-18,20-45_day,21,1,call,-2,78.0,4.3,4.2,4.3,777.0,3857.0,0.3503482934570311,0.6380488375784905,0.0473599879319794,-0.0558806472403237,0.0846672379879899,0.0371017173175598
NFLX,2026-08-20,2026-08-17,End of Week,monthly,2026-09-18,20-45_day,21,1,put,-2,78.0,1.82,1.8,1.83,1394.0,13091.0,0.3115303222656249,-0.3498812591929335,0.0526276421848056,-0.0419143641930532,0.0836600347498466,-0.0236606323890352
NFLX,2026-08-20,2026-08-17,End of Week,monthly,2026-09-18,20-45_day,21,1,call,-1,79.0,3.58,3.55,3.7,311.0,4640.0,0.3461979443359374,0.5893065704065206,0.049729724768753,-0.0568404620288721,0.087850521401458,0.0344828271103535
NFLX,2026-08-20,2026-08-17,End of Week,monthly,2026-09-18,20-45_day,21,1,put,-1,79.0,2.19,2.19,2.24,1164.0,2638.0,0.3100654931640625,-0.4046644855739318,0.055323804709501,-0.0432875902600967,0.0875324893119281,-0.0274642480254962
NFLX,2026-08-20,2026-08-17,End of Week,monthly,2026-09-18,20-45_day,21,1,call,0,80.0,3.1,3.0,3.15,3926.0,19971.0,0.3420475952148437,0.538580150585936,0.0513906949284546,-0.0569448772489197,0.0896963632571806,0.0316986708122778
NFLX,2026-08-20,2026-08-17,End of Week,monthly,2026-09-18,20-45_day,21,1,put,0,80.0,2.69,2.67,2.71,1325.0,13560.0,0.3088448022460937,-0.4612011629912572,0.056912478849679,-0.0437472178416131,0.0896915649373678,-0.0314257007126819
NFLX,2026-08-20,2026-08-17,End of Week,monthly,2026-09-18,20-45_day,21,1,call,1,81.0,2.64,2.61,2.65,1019.0,2984.0,0.33789724609375,0.4866145928697484,0.0522370888841695,-0.0561484514529361,0.0900673575705791,0.0287954341672431
NFLX,2026-08-20,2026-08-17,End of Week,monthly,2026-09-18,20-45_day,21,1,put,1,81.0,3.15,3.15,3.3,409.0,958.0,0.3147041186523437,-0.5170735617159027,0.0560670582536529,-0.0443272920216758,0.0900355454056322,-0.0354405578181759
NFLX,2026-08-20,2026-08-17,End of Week,monthly,2026-09-18,20-45_day,21,1,call,2,82.0,2.38,2.19,2.24,615.0,5405.0,0.3381413842773437,0.4355739400153446,0.0515462295121233,-0.0551569674869523,0.088940390596703,0.0258792119329945
NFLX,2026-08-20,2026-08-17,End of Week,monthly,2026-09-18,20-45_day,21,1,put,2,82.0,3.63,3.75,4.0,1032.0,2959.0,0.3269110278320312,-0.5678851992405478,0.0532389574023779,-0.0450488436224333,0.088810213893927,-0.0392210253604293
PFE,2026-08-20,2026-08-17,End of Week,weekly,2026-08-21,0-1_day,1,1,call,-2,27.0,0.84,0.78,0.88,2528.0,40009.0,0.6171913281250001,0.8191178509484214,0.2931796901992245,-0.1203682539844018,0.0038285820130373,0.0005994796686645
PFE,2026-08-20,2026-08-17,End of Week,weekly,2026-08-21,0-1_day,1,1,put,-2,27.0,0.01,0.0,0.01,338.0,6446.0,0.3281317187499999,-0.0451682277048161,0.1991872873802731,-0.0225605904132815,0.0013829105452407,-3.463416067113741e-05
PFE,2026-08-20,2026-08-17,End of Week,weekly,2026-08-21,0-1_day,1,1,call,-1,27.5,0.4,0.32,0.46,927.0,5573.0,0.507817421875,0.6597457155030864,0.4961833392356544,-0.1371797701162603,0.0053313111699853,0.0004896396223634
PFE,2026-08-20,2026-08-17,End of Week,weekly,2026-08-21,0-1_day,1,1,put,-1,27.5,0.05,0.04,0.06,5191.0,1053.0,0.2890696093749999,-0.2396013093178901,0.7386603371398353,-0.0646170233844069,0.00451784652211,-0.0001840624128994
PFE,2026-08-20,2026-08-17,End of Week,weekly,2026-08-21,0-1_day,1,1,call,0,28.0,0.07,0.07,0.09,4677.0,17215.0,0.3007882421875,0.3213775703369239,0.8188160544736025,-0.0792691207367662,0.0052111246625359,0.000242200762807
PFE,2026-08-20,2026-08-17,End of Week,weekly,2026-08-21,0-1_day,1,1,put,0,28.0,0.2,0.2,0.28,13057.0,3605.0,0.2617261328125,-0.7037704910338701,0.9080373962136156,-0.06379161187837,0.0050284609357671,-0.0005434431406249
PFE,2026-08-20,2026-08-17,End of Week,weekly,2026-08-21,0-1_day,1,1,call,1,28.5,0.01,0.01,0.02,3925.0,8282.0,0.3515689843749999,0.0875151610276214,0.3109950511564752,-0.0409104140541839,0.0023133869974459,6.607026937057891e-05
PFE,2026-08-20,2026-08-17,End of Week,weekly,2026-08-21,0-1_day,1,1,put,1,28.5,0.68,0.67,0.75,114.0,601.0,0.42188078125,-0.8700890323494628,0.3445602305915677,-0.0623493781337457,0.0030756658366485,-0.0006829158205895
PFE,2026-08-20,2026-08-17,End of Week,weekly,2026-08-21,0-1_day,1,1,call,2,29.0,0.03,0.01,0.03,2454.0,6441.0,0.523442265625,0.0620050913536338,0.1605256749200168,-0.046703114166053,0.0017778599609336,4.665457148775745e-05
PFE,2026-08-20,2026-08-17,End of Week,weekly,2026-08-21,0-1_day,1,1,put,2,29.0,1.04,1.13,1.31,168.0,284.0,0.8125018749999999,-0.8360855235832882,0.209138928873631,-0.1435723301250115,0.0035953693266586,-0.0006723969620611
PFE,2026-08-20,2026-08-17,End of Week,monthly,2026-09-18,20-45_day,21,1,call,-2,26.0,2.06,1.98,2.13,4249.0,36238.0,0.3266668896484375,0.7884539110512945,0.1131144832684234,-0.0147707574876603,0.022672822545837,0.0156707936193229
PFE,2026-08-20,2026-08-17,End of Week,monthly,2026-09-18,20-45_day,21,1,put,-2,26.0,0.12,0.1,0.14,63.0,10934.0,0.231452998046875,-0.1360479174841289,0.1203909551772655,-0.0064263699960323,0.0170977485738005,-0.0031060029719713
PFE,2026-08-20,2026-08-17,End of Week,monthly,2026-09-18,20-45_day,21,1,call,-1,27.0,1.27,1.2,1.29,4275.0,37128.0,0.27149166015625,0.6749295718016772,0.169254550085723,-0.0149648474767924,0.0281954546216578,0.0138371698544938
PFE,2026-08-20,2026-08-17,End of Week,monthly,2026-09-18,20-45_day,21,1,put,-1,27.0,0.32,0.32,0.33,6750.0,51909.0,0.2109453906249999,-0.2862970387998984,0.2059053389941253,-0.0088550049726603,0.0266513923849837,-0.0065634015054119
PFE,2026-08-20,2026-08-17,End of Week,monthly,2026-09-18,20-45_day,21,1,call,0,28.0,0.66,0.62,0.68,2968.0,75537.0,0.249030947265625,0.4879391705665135,0.2044170374299781,-0.0147143857413322,0.0312358023458315,0.0102033799328886
PFE,2026-08-20,2026-08-17,End of Week,monthly,2026-09-18,20-45_day,21,1,put,0,28.0,0.73,0.72,0.78,1242.0,6913.0,0.213875048828125,-0.5183172620882579,0.23787604869849,-0.0099753749534723,0.0312171386457028,-0.0120287553328202
PFE,2026-08-20,2026-08-17,End of Week,monthly,2026-09-18,20-45_day,21,1,call,1,29.0,0.31,0.29,0.36,1576.0,29678.0,0.25977302734375,0.30668776002861,0.1725598072086779,-0.0131448652547154,0.0275052728878417,0.0064662957561161
PFE,2026-08-20,2026-08-17,End of Week,monthly,2026-09-18,20-45_day,21,1,put,1,29.0,1.25,1.19,1.45,18.0,272.0,0.2133867724609375,-0.7355190092955672,0.1957615859751118,-0.0072158677362426,0.0256316890063882,-0.0173408069355707
PFE,2026-08-20,2026-08-17,End of Week,monthly,2026-09-18,20-45_day,21,1,call,2,30.0,0.14,0.14,0.16,5087.0,33114.0,0.258796474609375,0.1654800387136609,0.1226807893409788,-0.0091416246274178,0.0194812658604158,0.0035168697034679
PFE,2026-08-20,2026-08-17,End of Week,monthly,2026-09-18,20-45_day,21,1,put,2,30.0,2.33,2.05,2.65,21.0,22.0,0.383795224609375,-0.7343604645752265,0.1090836623156585,-0.0146661965113989,0.0256886648434597,-0.0182661757887433
SOFI,2026-08-20,2026-08-17,End of Week,weekly,2026-08-21,0-1_day,1,1,call,-2,17.0,0.96,0.91,1.02,876.0,14566.0,0.851563984375,0.88628136073799,0.2410779298287768,-0.078416535071492,0.0018061669398652,0.0004086414671775
SOFI,2026-08-20,2026-08-17,End of Week,weekly,2026-08-21,0-1_day,1,1,put,-2,17.0,0.02,0.01,0.02,6047.0,19145.0,0.64062859375,-0.0557435596143156,0.1871006455980958,-0.0336757489340793,0.0010545441212149,-2.776314925672541e-05
SOFI,2026-08-20,2026-08-17,End of Week,weekly,2026-08-21,0-1_day,1,1,call,-1,17.5,0.49,0.45,0.49,2178.0,7258.0,0.51562984375,0.8148714582345855,0.5521464872842088,-0.0660114823998071,0.0025048141561578,0.0003871552436958
SOFI,2026-08-20,2026-08-17,End of Week,weekly,2026-08-21,0-1_day,1,1,put,-1,17.5,0.07,0.05,0.07,10685.0,8951.0,0.5546919531250001,-0.2018961185592942,0.5411456045142498,-0.0728707266295322,0.0026408829381541,-0.0001007559099467
SOFI,2026-08-20,2026-08-17,End of Week,weekly,2026-08-21,0-1_day,1,1,call,0,18.0,0.16,0.16,0.17,28516.0,39057.0,0.5390671093750001,0.4442659798036121,0.7812854062193775,-0.1006639992232473,0.0037054051143981,0.0002135830557406
SOFI,2026-08-20,2026-08-17,End of Week,weekly,2026-08-21,0-1_day,1,1,put,0,18.0,0.26,0.24,0.25,13841.0,20202.0,0.5390671093750001,-0.5557340201963878,0.7812854062193775,-0.0988380475765954,0.0037054051143981,-0.0002795176005806
SOFI,2026-08-20,2026-08-17,End of Week,weekly,2026-08-21,0-1_day,1,1,call,1,18.5,0.06,0.05,0.06,21574.0,23779.0,0.64062859375,0.1761478786821168,0.4307673252461736,-0.0780839012074397,0.0024279079796744,8.494125930251278e-05
SOFI,2026-08-20,2026-08-17,End of Week,weekly,2026-08-21,0-1_day,1,1,put,1,18.5,0.63,0.61,0.66,4065.0,4606.0,0.64062859375,-0.8238521213178832,0.4307673252461736,-0.0762072286817141,0.0024279079796744,-0.0004218566374721
SOFI,2026-08-20,2026-08-17,End of Week,weekly,2026-08-21,0-1_day,1,1,call,2,19.0,0.03,0.02,0.03,22646.0,48611.0,0.7812521875,0.0795393979904541,0.201991310683047,-0.0543755577138117,0.0013883759547202,3.83392210211267e-05
SOFI,2026-08-20,2026-08-17,End of Week,weekly,2026-08-21,0-1_day,1,1,put,2,19.0,1.07,1.0,1.14,2030.0,6359.0,0.98437515625,-0.8660838588657109,0.2338519992107362,-0.0979916043799533,0.0020252791016797,-0.0004564183920661
SOFI,2026-08-20,2026-08-17,End of Week,monthly,2026-09-18,20-45_day,21,1,call,-2,16.0,2.32,2.2,2.32,61.0,4484.0,0.5390671093750001,0.7998749335317421,0.1028557949584778,-0.0143696284463075,0.0141466219436213,0.0095652974988447
SOFI,2026-08-20,2026-08-17,End of Week,monthly,2026-09-18,20-45_day,21,1,put,-2,16.0,0.27,0.25,0.27,803.0,14676.0,0.4892629199218751,-0.18087160693199,0.1064993811872258,-0.010859496802469,0.0132944548971116,-0.0027812001855371
SOFI,2026-08-20,2026-08-17,End of Week,monthly,2026-09-18,20-45_day,21,1,call,-1,17.0,1.54,1.5,1.54,1089.0,13683.0,0.50586431640625,0.677797905923559,0.1403546977032276,-0.0168746474088484,0.0181151588370358,0.0084186211723762
SOFI,2026-08-20,2026-08-17,End of Week,monthly,2026-09-18,20-45_day,21,1,put,-1,17.0,0.53,0.53,0.54,4121.0,17911.0,0.473638076171875,-0.3143487784511826,0.1483532632938686,-0.014015603977353,0.017927711719385,-0.0048905832929066
SOFI,2026-08-20,2026-08-17,End of Week,monthly,2026-09-18,20-45_day,21,1,call,0,18.0,0.97,0.96,0.97,3615.0,15982.0,0.500005,0.5238182359401351,0.1576776727958825,-0.0181923861201488,0.0201152621346868,0.0066682734090143
SOFI,2026-08-20,2026-08-17,End of Week,monthly,2026-09-18,20-45_day,21,1,put,0,18.0,0.96,0.95,0.99,2497.0,16027.0,0.47070841796875,-0.4780922518771195,0.1675375020998433,-0.0153625619471166,0.0201207955873342,-0.0075714549765701
SOFI,2026-08-20,2026-08-17,End of Week,monthly,2026-09-18,20-45_day,21,1,call,1,19.0,0.57,0.56,0.58,2645.0,12513.0,0.497075341796875,0.3719763821778035,0.1506369072785724,-0.0169887060347804,0.0191044596321914,0.0048216812722995
SOFI,2026-08-20,2026-08-17,End of Week,monthly,2026-09-18,20-45_day,21,1,put,1,19.0,1.59,1.53,1.63,253.0,8326.0,0.481450498046875,-0.6337113564732533,0.1547441009212495,-0.0144651083687856,0.0190084581135658,-0.0102871834581365
SOFI,2026-08-20,2026-08-17,End of Week,monthly,2026-09-18,20-45_day,21,1,call,2,20.0,0.33,0.33,0.34,10503.0,38866.0,0.5019581054687501,0.2467970134647939,0.1244740917288442,-0.0142099098584795,0.0159414413333975,0.0032380777580094
SOFI,2026-08-20,2026-08-17,End of Week,monthly,2026-09-18,20-45_day,21,1,put,2,20.0,2.37,2.21,2.44,91.0,16464.0,0.51758294921875,-0.7452444308138315,0.1227623158373893,-0.0128692979491248,0.0162116112610923,-0.012512298137887
COIN,2026-08-20,2026-08-17,End of Week,weekly,2026-08-21,0-1_day,1,1,call,-2,167.5,6.05,5.8,6.65,1548.0,1731.0,0.913086806640625,0.7334429155257323,0.0398824496888914,-1.3652162457697277,0.029636276324302,0.003292357776077
COIN,2026-08-20,2026-08-17,End of Week,weekly,2026-08-21,0-1_day,1,1,put,-2,167.5,1.2,1.11,1.27,5731.0,187.0,0.84961087890625,-0.2525849340756209,0.0416868387211558,-1.2199069910717042,0.0288236362632476,-0.0012251569216493
COIN,2026-08-20,2026-08-17,End of Week,weekly,2026-08-21,0-1_day,1,1,call,-1,170.0,4.4,4.4,4.7,9107.0,8351.0,0.9067392138671876,0.6236705925532411,0.0464085316960952,-1.5630523094423456,0.0342460091244769,0.0028199676857168
COIN,2026-08-20,2026-08-17,End of Week,weekly,2026-08-21,0-1_day,1,1,put,-1,170.0,2.11,1.93,2.15,5025.0,1213.0,0.8598646826171875,-0.3707776999331493,0.0487076549830833,-1.4587139464520316,0.0340845115213338,-0.0018064914737534
COIN,2026-08-20,2026-08-17,End of Week,weekly,2026-08-21,0-1_day,1,1,call,0,172.5,3.2,3.1,3.4,11827.0,1069.0,0.9233406103515626,0.5032970982648323,0.0478926011924569,-1.6699379803132994,0.0359881982669905,0.0022872624998015
COIN,2026-08-20,2026-08-17,End of Week,weekly,2026-08-21,0-1_day,1,1,put,0,172.5,3.67,2.95,3.45,2414.0,245.0,0.8676771044921875,-0.4976909843434258,0.0509659099769838,-1.552308030639605,0.0359888245688019,-0.0024374627520741
COIN,2026-08-20,2026-08-17,End of Week,weekly,2026-08-21,0-1_day,1,1,call,1,175.0,2.3,2.22,2.4,23890.0,4496.0,0.9584965087890625,0.3908778935177847,0.0444006531319783,-1.6664546500305375,0.034634556894591,0.0017822190080998
COIN,2026-08-20,2026-08-17,End of Week,weekly,2026-08-21,0-1_day,1,1,put,1,175.0,5.0,4.5,5.05,955.0,1134.0,0.9047861083984376,-0.6165269014070132,0.0467763014175283,-1.5469160502732355,0.0344430454846961,-0.0030416971421912
COIN,2026-08-20,2026-08-17,End of Week,weekly,2026-08-21,0-1_day,1,1,call,2,177.5,1.53,1.54,1.72,6646.0,602.0,0.9965820654296876,0.2958356481928801,0.0384281779740185,-1.5580220212332292,0.0311668278736368,0.0013521298144022
COIN,2026-08-20,2026-08-17,End of Week,weekly,2026-08-21,0-1_day,1,1,put,2,177.5,6.63,6.4,7.6,179.0,66.0,1.0664109179687502,-0.690671879903123,0.0366370123349578,-1.6826020782020854,0.0317961381495092,-0.0034527048279755
COIN,2026-08-20,2026-08-17,End of Week,monthly,2026-09-18,20-45_day,21,1,call,-2,160.0,19.97,19.5,21.0,355.0,3644.0,0.7059355578613282,0.6872051756671831,0.0103271559568907,-0.2193487729461416,0.1720574702096104,0.0777856110750791
COIN,2026-08-20,2026-08-17,End of Week,monthly,2026-09-18,20-45_day,21,1,put,-2,160.0,8.0,6.85,7.7,405.0,3823.0,0.6698031066894532,-0.3071987064728161,0.0107989747938845,-0.1910492906381326,0.1707093956039971,-0.047705848075674
COIN,2026-08-20,2026-08-17,End of Week,monthly,2026-09-18,20-45_day,21,1,call,-1,165.0,17.1,16.9,18.05,586.0,1610.0,0.712039012451172,0.6301141803345278,0.0109140290171736,-0.2343785795186745,0.1834073065292279,0.0721903719757307
COIN,2026-08-20,2026-08-17,End of Week,monthly,2026-09-18,20-45_day,21,1,put,-1,165.0,9.65,9.15,10.0,700.0,1338.0,0.6822541540527345,-0.3676522971222393,0.0113679151400781,-0.2079363091980562,0.1830436854156635,-0.0577809291014943
COIN,2026-08-20,2026-08-17,End of Week,monthly,2026-09-18,20-45_day,21,1,call,0,170.0,14.85,14.5,15.2,2426.0,16720.0,0.709963837890625,0.57274416438636,0.0113738864844432,-0.241765083026929,0.1905780406616845,0.0664357441983317
COIN,2026-08-20,2026-08-17,End of Week,monthly,2026-09-18,20-45_day,21,1,put,0,170.0,12.08,11.35,12.4,514.0,1711.0,0.6772493212890626,-0.4274859648370198,0.0119245823743184,-0.2139026043945113,0.1905985077819679,-0.0677720728506733
COIN,2026-08-20,2026-08-17,End of Week,monthly,2026-09-18,20-45_day,21,1,call,1,175.0,12.6,12.4,13.1,1683.0,3330.0,0.7198514343261719,0.5162533989583359,0.0113983684333594,-0.2480520131561299,0.1936481287706356,0.0603873154935718
COIN,2026-08-20,2026-08-17,End of Week,monthly,2026-09-18,20-45_day,21,1,put,1,175.0,14.68,14.05,15.45,313.0,922.0,0.6864045031738282,-0.4868050689870079,0.011957170964858,-0.2192600873290078,0.1937029802206246,-0.0781494398612851
COIN,2026-08-20,2026-08-17,End of Week,monthly,2026-09-18,20-45_day,21,1,call,2,180.0,10.8,10.4,11.0,1305.0,2668.0,0.7180203979492188,0.4606281672092517,0.0113811865569827,-0.2457079484870035,0.1928643971196368,0.0544158673660624
COIN,2026-08-20,2026-08-17,End of Week,monthly,2026-09-18,20-45_day,21,1,put,2,180.0,18.0,17.1,19.15,56.0,1077.0,0.7064238342285156,-0.5413239095970648,0.0115622560317191,-0.2235156167080248,0.1927683212829024,-0.0882673406357352
GOOGL,2026-08-20,2026-08-17,End of Week,aligned+weekly,2026-08-21,0-1_day,1,1,call,-2,335.0,6.05,6.0,6.55,607.0,3607.0,0.4062559375,0.7895014880813676,0.0398394593739549,-1.0719599273921083,0.0514621715861455,0.007188574246996
GOOGL,2026-08-20,2026-08-17,End of Week,aligned+weekly,2026-08-21,0-1_day,1,1,put,-2,335.0,0.57,0.54,0.63,7364.0,6260.0,0.3557193334960937,-0.1797859049338246,0.041337508080747,-0.8253033093885208,0.0467548549008663,-0.001695107224242
GOOGL,2026-08-20,2026-08-17,End of Week,aligned+weekly,2026-08-21,0-1_day,1,1,call,-1,337.5,4.21,4.15,4.4,913.0,812.0,0.3532779516601562,0.6985752368822572,0.0553120891151601,-1.121178909059675,0.0621314581866208,0.0063989187292772
GOOGL,2026-08-20,2026-08-17,End of Week,aligned+weekly,2026-08-21,0-1_day,1,1,put,-1,337.5,1.08,0.99,1.1,10891.0,4896.0,0.3322820678710937,-0.2904570326437612,0.0578146704920427,-1.00468902008737,0.0610829369154723,-0.0027408074192625
GOOGL,2026-08-20,2026-08-17,End of Week,aligned+weekly,2026-08-21,0-1_day,1,1,call,0,340.0,2.64,2.55,2.76,7571.0,5226.0,0.3391179370117187,0.5499365966030562,0.0654563285848602,-1.2154601966894971,0.0705793012879921,0.0050566689501121
GOOGL,2026-08-20,2026-08-17,End of Week,aligned+weekly,2026-08-21,0-1_day,1,1,put,0,340.0,1.9,1.83,1.99,11535.0,9580.0,0.3249579223632812,-0.4481991346442833,0.0682674471685495,-1.1303837866080166,0.0705367983254749,-0.0042373172593817
GOOGL,2026-08-20,2026-08-17,End of Week,aligned+weekly,2026-08-21,0-1_day,1,1,call,1,342.5,1.38,1.39,1.52,10794.0,1430.0,0.3254461987304687,0.382079167287533,0.0657199040236283,-1.119674250879191,0.0680066018531412,0.0035241016455191
GOOGL,2026-08-20,2026-08-17,End of Week,aligned+weekly,2026-08-21,0-1_day,1,1,put,1,342.5,3.23,2.99,3.4,4323.0,2960.0,0.3327703442382813,-0.6152550153573759,0.064406654781463,-1.112267369638618,0.0681475598447587,-0.005834992918946
GOOGL,2026-08-20,2026-08-17,End of Week,aligned+weekly,2026-08-21,0-1_day,1,1,call,2,345.0,0.7,0.68,0.75,15161.0,7421.0,0.3203192968749999,0.2299928852094495,0.053160915146778,-0.8750408210770069,0.0541440205510766,0.0021258686990441
GOOGL,2026-08-20,2026-08-17,End of Week,aligned+weekly,2026-08-21,0-1_day,1,1,put,2,345.0,5.01,4.7,5.2,784.0,3571.0,0.3422917333984374,-0.7550058536051651,0.0515043881053426,-0.9327417525315332,0.0560551596049642,-0.0071885325531224
GOOGL,2026-08-20,2026-08-17,End of Week,monthly,2026-09-18,20-45_day,21,1,call,-2,330.0,17.92,17.35,17.9,81.0,2669.0,0.3131782550048828,0.6692867029677197,0.012052695183621,-0.209190789335247,0.3480556771165372,0.1664486737192807
GOOGL,2026-08-20,2026-08-17,End of Week,monthly,2026-09-18,20-45_day,21,1,put,-2,330.0,5.8,5.7,6.2,357.0,10219.0,0.2838816729736327,-0.3175872988192583,0.0130768908155809,-0.155971423105371,0.342306229136072,-0.0906162557788018
GOOGL,2026-08-20,2026-08-17,End of Week,monthly,2026-09-18,20-45_day,21,1,call,-1,335.0,14.45,13.95,14.6,86.0,1654.0,0.3039315213012695,0.607607780673131,0.0131690204166982,-0.2128593078059357,0.3690644072025796,0.1524182055857905
GOOGL,2026-08-20,2026-08-17,End of Week,monthly,2026-09-18,20-45_day,21,1,put,-1,335.0,7.55,7.65,8.15,214.0,4289.0,0.2830271893310546,-0.3869987924121398,0.0140860929373519,-0.1652275166575919,0.3676136734699411,-0.1108925935315622
GOOGL,2026-08-20,2026-08-17,End of Week,monthly,2026-09-18,20-45_day,21,1,call,0,340.0,11.67,11.4,11.95,589.0,4859.0,0.3034737622070312,0.5398989806894731,0.0136214449539878,-0.2168361783457743,0.381168740515114,0.136244560940765
GOOGL,2026-08-20,2026-08-17,End of Week,monthly,2026-09-18,20-45_day,21,1,put,0,340.0,10.2,9.15,10.5,718.0,9332.0,0.2831492584228515,-0.4596023467148968,0.0145973458105696,-0.1691590670470687,0.3811204686204523,-0.132348361081342
GOOGL,2026-08-20,2026-08-17,End of Week,monthly,2026-09-18,20-45_day,21,1,call,1,345.0,9.15,9.0,10.0,872.0,2596.0,0.3124153231811523,0.4736953972210111,0.0132692335517117,-0.2212124249124897,0.3822531858243817,0.1199224179049562
GOOGL,2026-08-20,2026-08-17,End of Week,monthly,2026-09-18,20-45_day,21,1,put,1,345.0,12.85,12.35,13.15,254.0,3940.0,0.2815013256835937,-0.5328445083974986,0.0147084861145462,-0.1656078236581721,0.3817872035717101,-0.1542137015432964
GOOGL,2026-08-20,2026-08-17,End of Week,monthly,2026-09-18,20-45_day,21,1,call,2,350.0,7.2,7.0,7.7,3987.0,13971.0,0.3034737622070312,0.4056713312948035,0.0133054782348244,-0.2080143207551517,0.3723270473764627,0.1033866668947264
GOOGL,2026-08-20,2026-08-17,End of Week,monthly,2026-09-18,20-45_day,21,1,put,2,350.0,15.7,15.1,16.25,178.0,6558.0,0.2823558093261719,-0.6036175153823078,0.0142147347144268,-0.1577238032235104,0.3700909244518198,-0.1757698788142256
PLTR,2026-08-20,2026-08-17,End of Week,weekly,2026-08-21,0-1_day,1,1,call,-2,170.0,4.54,4.45,4.7,1911.0,11941.0,0.5576216113281252,0.790169512483136,0.0567344972811922,-0.74479131327032,0.0262296668825251,0.0036402533909223
PLTR,2026-08-20,2026-08-17,End of Week,weekly,2026-08-21,0-1_day,1,1,put,-2,170.0,0.59,0.57,0.6,17671.0,17176.0,0.5459029785156251,-0.2050512470781201,0.0571684532553698,-0.7025801398263165,0.0258748519221525,-0.0009931938941323
PLTR,2026-08-20,2026-08-17,End of Week,weekly,2026-08-21,0-1_day,1,1,call,-1,172.5,2.75,2.75,2.82,6967.0,4161.0,0.5444381494140625,0.6230737968738664,0.0766139996226459,-0.9521279632046182,0.0345829989415151,0.0028929966109547
PLTR,2026-08-20,2026-08-17,End of Week,weekly,2026-08-21,0-1_day,1,1,put,-1,172.5,1.29,1.27,1.31,16187.0,9575.0,0.534184345703125,-0.3748477829563238,0.0779494671466318,-0.9153403545998332,0.0345231388248052,-0.0018216748438404
PLTR,2026-08-20,2026-08-17,End of Week,weekly,2026-08-21,0-1_day,1,1,call,0,175.0,1.47,1.46,1.51,25200.0,13882.0,0.5380905566406251,0.4231092961054579,0.0799068026559833,-0.9664304933158614,0.0356488144040152,0.0019756884524701
PLTR,2026-08-20,2026-08-17,End of Week,weekly,2026-08-21,0-1_day,1,1,put,0,175.0,2.53,2.46,2.52,12126.0,6946.0,0.5283250292968751,-0.5784955433522923,0.0813184107559217,-0.930490344314434,0.0356201738906049,-0.0028250410156118
PLTR,2026-08-20,2026-08-17,End of Week,weekly,2026-08-21,0-1_day,1,1,call,1,177.5,0.68,0.67,0.7,22086.0,8850.0,0.5366257275390626,0.2421030470195018,0.0639247579627923,-0.7673144559533635,0.0284411105005381,0.0011349920139141
PLTR,2026-08-20,2026-08-17,End of Week,weekly,2026-08-21,0-1_day,1,1,put,1,177.5,4.17,4.1,4.3,1672.0,1360.0,0.5278367529296876,-0.761664106857434,0.0644361077361232,-0.7303584640214443,0.0281990769477332,-0.0037448007560213
PLTR,2026-08-20,2026-08-17,End of Week,weekly,2026-08-21,0-1_day,1,1,call,2,180.0,0.28,0.27,0.28,26740.0,33469.0,0.5390671093750001,0.1166420639112688,0.0399445708201487,-0.4832236143831161,0.0178528090938652,0.0005483404951432
PLTR,2026-08-20,2026-08-17,End of Week,weekly,2026-08-21,0-1_day,1,1,put,2,180.0,6.32,6.0,6.5,544.0,2959.0,0.5009815527343751,-0.9005382414358819,0.0383209170614062,-0.3821826633447147,0.0159170871879293,-0.0044627842651159
PLTR,2026-08-20,2026-08-17,End of Week,monthly,2026-09-18,20-45_day,21,1,call,-2,165.0,14.5,14.35,14.7,182.0,10186.0,0.502080174560547,0.679106103990729,0.0145425921415353,-0.1624354975587399,0.1755572874927042,0.0819437660351307
PLTR,2026-08-20,2026-08-17,End of Week,monthly,2026-09-18,20-45_day,21,1,put,-2,165.0,5.07,5.0,5.15,510.0,7170.0,0.4687553125,-0.3125817461819873,0.0154040134302601,-0.1342931009651153,0.17361372539838,-0.0471557886002921
PLTR,2026-08-20,2026-08-17,End of Week,monthly,2026-09-18,20-45_day,21,1,call,-1,170.0,11.42,11.35,11.6,413.0,11955.0,0.4909718872070313,0.6013509133318932,0.0160334269587922,-0.1696283981140183,0.1892722513498567,0.0736850758187237
PLTR,2026-08-20,2026-08-17,End of Week,monthly,2026-09-18,20-45_day,21,1,put,-1,170.0,7.01,6.9,7.1,2081.0,6753.0,0.4626518579101563,-0.3957587783849902,0.0169816706663009,-0.1430012391723062,0.1889029280380721,-0.0601616541425686
PLTR,2026-08-20,2026-08-17,End of Week,monthly,2026-09-18,20-45_day,21,1,call,0,175.0,8.9,8.75,8.95,1796.0,7140.0,0.4825491198730469,0.5182719707369735,0.0168426614578995,-0.1707958226567314,0.1954142418690279,0.0643344171586097
PLTR,2026-08-20,2026-08-17,End of Week,monthly,2026-09-18,20-45_day,21,1,put,0,175.0,9.32,9.25,9.5,574.0,3484.0,0.4575249560546875,-0.4836174576306918,0.0177675238693463,-0.1447107252967175,0.1954544940274507,-0.0741707854485583
PLTR,2026-08-20,2026-08-17,End of Week,monthly,2026-09-18,20-45_day,21,1,call,1,180.0,6.62,6.6,6.75,2329.0,11812.0,0.4759573889160156,0.4343145143983025,0.0168616265673124,-0.1653076582323192,0.1929618725957071,0.054507330796709
PLTR,2026-08-20,2026-08-17,End of Week,monthly,2026-09-18,20-45_day,21,1,put,1,180.0,12.2,12.1,12.3,851.0,3119.0,0.4505059832763671,-0.5722561803468402,0.0177625435019549,-0.1381313889206241,0.1924020445941585,-0.0886047395508114
PLTR,2026-08-20,2026-08-17,End of Week,monthly,2026-09-18,20-45_day,21,1,call,2,185.0,4.9,4.85,5.0,462.0,7459.0,0.472112212524414,0.3543040394248918,0.0160706568367568,-0.1542200581722956,0.1824243583301278,0.0448672220183118
PLTR,2026-08-20,2026-08-17,End of Week,monthly,2026-09-18,20-45_day,21,1,put,2,185.0,15.0,15.3,15.6,25.0,2327.0,0.4477594287109374,-0.6558280148225638,0.0167659371555199,-0.1262272190197232,0.1804997225515302,-0.1027365105254541
SHOP,2026-08-20,2026-08-17,End of Week,weekly,2026-08-21,0-1_day,1,1,call,-2,145.0,3.55,2.63,3.45,94.0,3185.0,0.569340244140625,0.6981371675119497,0.0794938446358667,-0.7747460461526522,0.0268602514792048,0.0027315527609749
SHOP,2026-08-20,2026-08-17,End of Week,weekly,2026-08-21,0-1_day,1,1,put,-2,145.0,0.58,0.5,0.71,157.0,4782.0,0.5127001855468749,-0.2832331659576277,0.0857004172307868,-0.6641733683831045,0.0260766081161354,-0.0011614158230733
SHOP,2026-08-20,2026-08-17,End of Week,weekly,2026-08-21,0-1_day,1,1,call,-1,146.0,1.89,2.01,2.61,1.0,142.0,0.5400436621093752,0.618861885754868,0.0916029437542569,-0.8017657007702973,0.0293591172589862,0.0024319311750074
SHOP,2026-08-20,2026-08-17,End of Week,weekly,2026-08-21,0-1_day,1,1,put,-1,146.0,0.88,0.75,1.04,24.0,197.0,0.5097705273437501,-0.3749295230736367,0.0965517353709816,-0.7388301097018637,0.0292105339962096,-0.0015401988986246
SHOP,2026-08-20,2026-08-17,End of Week,weekly,2026-08-21,0-1_day,1,1,call,0,147.0,1.5,1.55,1.78,128.0,149.0,0.5122119091796875,0.5250497221325483,0.1009022362982118,-0.7932220152576149,0.030672922191077,0.0020713512904826
SHOP,2026-08-20,2026-08-17,End of Week,weekly,2026-08-21,0-1_day,1,1,put,0,147.0,1.06,1.06,1.6,75.0,212.0,0.5498091894531252,-0.4759043036290828,0.0940161800549212,-0.8360695803390639,0.0306774520055695,-0.0019626440933217
SHOP,2026-08-20,2026-08-17,End of Week,weekly,2026-08-21,0-1_day,1,1,call,1,148.0,1.13,1.01,1.33,84.0,56.0,0.5014698291015626,0.4228206052184302,0.1013287586135547,-0.7623250988585306,0.0301565892330295,0.0016727293259021
SHOP,2026-08-20,2026-08-17,End of Week,weekly,2026-08-21,0-1_day,1,1,put,1,148.0,1.46,1.63,2.11,175.0,403.0,0.5410202148437502,-0.5708177292439923,0.09420605263839,-0.8095031914479702,0.0302480225878937,-0.0023592743471698
SHOP,2026-08-20,2026-08-17,End of Week,weekly,2026-08-21,0-1_day,1,1,call,2,149.0,0.78,0.66,0.9,76.0,75.0,0.5346726220703125,0.3366839288002859,0.0886207359015702,-0.7567070781503265,0.0281208204960742,0.0013328212007423
SHOP,2026-08-20,2026-08-17,End of Week,weekly,2026-08-21,0-1_day,1,1,put,2,149.0,2.0,2.23,2.83,9.0,144.0,0.5732464550781251,-0.6521806152473646,0.0836820363436535,-0.8059749287645829,0.0284693995271963,-0.0027070455180548
SHOP,2026-08-20,2026-08-17,End of Week,monthly,2026-09-18,20-45_day,21,1,call,-2,135.0,16.17,15.15,16.5,13.0,987.0,0.5278367529296876,0.7500841280261226,0.0145091955794307,-0.1295212150064918,0.1318091771567956,0.0749200227025095
SHOP,2026-08-20,2026-08-17,End of Week,monthly,2026-09-18,20-45_day,21,1,put,-2,135.0,2.59,2.25,2.78,48.0,1244.0,0.4615532360839844,-0.2261365760865412,0.0157076008036594,-0.0956473735700341,0.1247769435259,-0.028567722109339
SHOP,2026-08-20,2026-08-17,End of Week,monthly,2026-09-18,20-45_day,21,1,call,-1,140.0,10.85,11.1,12.9,23.0,47762.0,0.5487105676269532,0.6626555579203304,0.0160476483399105,-0.1519356698546932,0.1515505129417381,0.067044568767577
SHOP,2026-08-20,2026-08-17,End of Week,monthly,2026-09-18,20-45_day,21,1,put,-1,140.0,3.96,3.6,4.25,543.0,1151.0,0.4515435705566406,-0.3157184989611566,0.0189819034984865,-0.1097152963014932,0.1475170134782001,-0.0401767116572462
SHOP,2026-08-20,2026-08-17,End of Week,monthly,2026-09-18,20-45_day,21,1,call,0,145.0,9.15,8.35,9.1,44.0,2610.0,0.4849905017089844,0.5788813616504783,0.0194389779424112,-0.1433777416981824,0.1622592064285592,0.0602878268557828
SHOP,2026-08-20,2026-08-17,End of Week,monthly,2026-09-18,20-45_day,21,1,put,0,145.0,6.35,5.4,6.35,41.0,1202.0,0.4500787414550781,-0.4190795330030318,0.0209248023570096,-0.1188991148568874,0.1620886303248964,-0.0538909034131246
SHOP,2026-08-20,2026-08-17,End of Week,monthly,2026-09-18,20-45_day,21,1,call,1,150.0,6.7,6.1,6.85,3639.0,7645.0,0.4901174035644532,0.4812536151385664,0.0195987677353528,-0.1461744732633926,0.165322352915632,0.0506863664957633
SHOP,2026-08-20,2026-08-17,End of Week,monthly,2026-09-18,20-45_day,21,1,put,1,150.0,8.3,7.7,9.1,8.0,655.0,0.4555718505859375,-0.5241924467949146,0.0210694076302677,-0.121035608929105,0.1652007042763125,-0.0683248395672058
SHOP,2026-08-20,2026-08-17,End of Week,monthly,2026-09-18,20-45_day,21,1,call,2,155.0,4.43,4.25,4.7,81.0,3074.0,0.4719291088867187,0.3818823770305343,0.0194768264264802,-0.1339302408400362,0.1581967827713987,0.0408030394774321
SHOP,2026-08-20,2026-08-17,End of Week,monthly,2026-09-18,20-45_day,21,1,put,2,155.0,11.35,10.65,12.3,11.0,1044.0,0.4578911633300782,-0.6231529665002731,0.019992525800558,-0.1138632309086723,0.1575551541212864,-0.0823985844175733
XOM,2026-08-20,2026-08-17,End of Week,weekly,2026-08-21,0-1_day,1,1,call,-2,160.0,6.2,5.85,6.85,1273.0,6522.0,0.5429733203125001,0.910669514297237,0.0341993241647559,-0.3959921298574583,0.0140444200166107,0.0039710672744903
XOM,2026-08-20,2026-08-17,End of Week,weekly,2026-08-21,0-1_day,1,1,put,-2,160.0,0.02,0.02,0.04,402.0,1620.0,0.3867248828124999,-0.0301608850993043,0.0203210724181797,-0.1144163261869768,0.0059436952652516,-0.0001383787693482
XOM,2026-08-20,2026-08-17,End of Week,weekly,2026-08-21,0-1_day,1,1,call,-1,162.5,4.25,3.25,4.55,261.0,3848.0,0.6630893066406252,0.7454622954610627,0.05563077222823,-0.9370925733811276,0.0278994028397832,0.0032683742100941
XOM,2026-08-20,2026-08-17,End of Week,weekly,2026-08-21,0-1_day,1,1,put,-1,162.5,0.12,0.12,0.17,877.0,1017.0,0.3535220898437499,-0.1121519484633225,0.0620148027217167,-0.2911860032722604,0.0165813435372963,-0.0005151384826613
XOM,2026-08-20,2026-08-17,End of Week,weekly,2026-08-21,0-1_day,1,1,call,0,165.0,2.2,1.78,2.03,2308.0,7452.0,0.3989317919921875,0.6360500883827599,0.1082360966131088,-0.6619136181938674,0.0326571713028789,0.0028394343000823
XOM,2026-08-20,2026-08-17,End of Week,weekly,2026-08-21,0-1_day,1,1,put,0,165.0,0.64,0.49,0.64,1524.0,1587.0,0.3247137841796874,-0.3361059935277513,0.1291756138120327,-0.5093324752515571,0.03172408126306,-0.001547353183559
XOM,2026-08-20,2026-08-17,End of Week,weekly,2026-08-21,0-1_day,1,1,call,1,167.5,0.53,0.46,0.63,1477.0,2978.0,0.3398503515625,0.3298515260384797,0.1225087078998641,-0.5405774946330374,0.0314892616650403,0.0014841108613544
XOM,2026-08-20,2026-08-17,End of Week,weekly,2026-08-21,0-1_day,1,1,put,1,167.5,1.72,1.44,1.95,1148.0,102.0,0.3305731005859375,-0.6747878716881226,0.1252258736127497,-0.5059247946430735,0.0313090129503359,-0.0031247853770624
XOM,2026-08-20,2026-08-17,End of Week,weekly,2026-08-21,0-1_day,1,1,call,2,170.0,0.11,0.1,0.13,9380.0,17793.0,0.33399103515625,0.0975203664728729,0.0593203839620733,-0.2518673016567562,0.0149846484343119,0.0004402888550044
XOM,2026-08-20,2026-08-17,End of Week,weekly,2026-08-21,0-1_day,1,1,put,2,170.0,3.8,2.85,4.4,126.0,268.0,0.5361374511718751,-0.7877531015097099,0.0621977503014144,-0.6623667484849517,0.0252207859757606,-0.0037060890153814
XOM,2026-08-20,2026-08-17,End of Week,monthly,2026-09-18,20-45_day,21,1,call,-2,155.0,13.37,12.6,13.4,305.0,9087.0,0.3503482934570311,0.783067719713008,0.0179004530170235,-0.0948942783622374,0.1375529222495802,0.0924554441510027
XOM,2026-08-20,2026-08-17,End of Week,monthly,2026-09-18,20-45_day,21,1,put,-2,155.0,1.25,1.21,1.43,382.0,4339.0,0.2890696093749999,-0.1763431381290897,0.0191332968351421,-0.0573523638241868,0.1213104007926108,-0.0243421446780966
XOM,2026-08-20,2026-08-17,End of Week,monthly,2026-09-18,20-45_day,21,1,call,-1,160.0,9.3,9.1,9.75,200.0,13034.0,0.3380193151855468,0.6823859073425577,0.0225190155195146,-0.1077821145956327,0.1669539545966946,0.0820951302172969
XOM,2026-08-20,2026-08-17,End of Week,monthly,2026-09-18,20-45_day,21,1,put,-1,160.0,2.37,2.26,2.63,257.0,2981.0,0.2797923583984374,-0.2894531142082058,0.0260998864499393,-0.0721354874379445,0.1601696622087809,-0.0401791109327485
XOM,2026-08-20,2026-08-17,End of Week,monthly,2026-09-18,20-45_day,21,1,call,0,165.0,6.24,6.0,6.2,792.0,10539.0,0.3011544494628906,0.5631351776329622,0.0279308087385335,-0.104632069576917,0.1844924455840002,0.0692125264607358
XOM,2026-08-20,2026-08-17,End of Week,monthly,2026-09-18,20-45_day,21,1,put,0,165.0,4.21,4.05,4.5,141.0,942.0,0.2715526947021484,-0.4335086899592359,0.0309324614866049,-0.0785174782263869,0.1842359552249549,-0.0606215627446867
XOM,2026-08-20,2026-08-17,End of Week,monthly,2026-09-18,20-45_day,21,1,call,1,170.0,3.79,3.7,3.95,1203.0,12938.0,0.2999337585449219,0.4231330740347673,0.0278720540718325,-0.1015318510514726,0.1833581077597363,0.0525680173948727
XOM,2026-08-20,2026-08-17,End of Week,monthly,2026-09-18,20-45_day,21,1,put,1,170.0,6.7,6.4,7.2,63.0,939.0,0.2669751037597656,-0.5900539616611227,0.0310906293001584,-0.0731559620197478,0.1820564497373898,-0.0833659447792943
XOM,2026-08-20,2026-08-17,End of Week,monthly,2026-09-18,20-45_day,21,1,call,2,175.0,2.2,2.08,2.26,323.0,17170.0,0.2926096130371093,0.2903771010082782,0.024993955350964,-0.0855782810407144,0.1604092366918715,0.036431521081768
XOM,2026-08-20,2026-08-17,End of Week,monthly,2026-09-18,20-45_day,21,1,put,2,175.0,9.15,8.35,11.7,103.0,910.0,0.3293524096679687,-0.6847030801540306,0.0230398501558567,-0.0818193537519111,0.1664356238672566,-0.0993889945530355
AMD,2026-08-20,2026-08-17,End of Week,weekly,2026-08-21,0-1_day,1,1,call,-2,465.0,8.31,8.1,8.5,6682.0,981.0,0.594730615234375,0.6274564406396648,0.0258933679880685,-2.794032965081118,0.0929830713657562,0.0078420211788907
AMD,2026-08-20,2026-08-17,End of Week,weekly,2026-08-21,0-1_day,1,1,put,-2,465.0,3.8,3.55,3.9,6092.0,1565.0,0.5817912915039063,-0.3700691318266753,0.0264124086943635,-2.681027276052069,0.0927833979920935,-0.004861294131841
AMD,2026-08-20,2026-08-17,End of Week,weekly,2026-08-21,0-1_day,1,1,call,-1,467.5,6.81,6.6,6.95,5166.0,462.0,0.5871623315429688,0.561372654494238,0.0273227450756585,-2.86989061837339,0.09686738259355,0.0070339478430324
AMD,2026-08-20,2026-08-17,End of Week,weekly,2026-08-21,0-1_day,1,1,put,-1,467.5,4.65,4.55,5.0,2335.0,550.0,0.5825237060546875,-0.4382386340709029,0.0275361079434372,-2.7995920386598403,0.0968525830679519,-0.0057667415081637
AMD,2026-08-20,2026-08-17,End of Week,weekly,2026-08-21,0-1_day,1,1,call,0,470.0,5.4,5.35,5.75,7430.0,1254.0,0.5932657861328126,0.4925917119477775,0.0273614021385217,-2.9302767278342654,0.0980127784772864,0.0061829125477752
AMD,2026-08-20,2026-08-17,End of Week,weekly,2026-08-21,0-1_day,1,1,put,0,470.0,6.1,5.75,6.3,2070.0,3100.0,0.5860637097167969,-0.5076506047011833,0.0276973259921759,-2.8472670135696507,0.0980116546241808,-0.0066936761525984
AMD,2026-08-20,2026-08-17,End of Week,weekly,2026-08-21,0-1_day,1,1,call,1,472.5,4.45,4.3,4.5,3503.0,275.0,0.5893595751953126,0.4243135939191677,0.0270502449354252,-2.856352884390164,0.0962601633471454,0.0053363317231369
AMD,2026-08-20,2026-08-17,End of Week,weekly,2026-08-21,0-1_day,1,1,put,1,472.5,7.16,7.05,7.7,1248.0,1636.0,0.5820354296875,-0.576778141622384,0.0273759600992827,-2.7716246300110776,0.0962085855270412,-0.0076196711113407
AMD,2026-08-20,2026-08-17,End of Week,weekly,2026-08-21,0-1_day,1,1,call,2,475.0,3.25,3.35,3.6,8919.0,1811.0,0.5915568188476563,0.3592460140499687,0.0257187287185833,-2.733867253063748,0.0918630817977854,0.00452488035103
AMD,2026-08-20,2026-08-17,End of Week,weekly,2026-08-21,0-1_day,1,1,put,2,475.0,8.95,8.55,9.45,859.0,2304.0,0.5893595751953126,-0.6412993375746006,0.0258010110210643,-2.674139858315161,0.0918146782529347,-0.0084939594163972
AMD,2026-08-20,2026-08-17,End of Week,monthly,2026-09-18,20-45_day,21,1,call,-2,450.0,37.7,39.15,40.1,51.0,2313.0,0.558872819519043,0.6428616163566288,0.0050447954736732,-0.5022218023250151,0.4936846211669318,0.2076928148648242
AMD,2026-08-20,2026-08-17,End of Week,monthly,2026-09-18,20-45_day,21,1,put,-2,450.0,19.53,18.35,19.2,496.0,5218.0,0.530827445678711,-0.3529576709137476,0.0052892040675551,-0.4312879987909382,0.4916281466062479,-0.1461338709714475
AMD,2026-08-20,2026-08-17,End of Week,monthly,2026-09-18,20-45_day,21,1,call,-1,460.0,33.99,33.6,34.65,435.0,1534.0,0.5584150604248048,0.5896534885352784,0.0052620037403236,-0.5199207803500088,0.5145188871105545,0.1922624604402929
AMD,2026-08-20,2026-08-17,End of Week,monthly,2026-09-18,20-45_day,21,1,put,-1,460.0,23.05,22.7,23.45,223.0,3354.0,0.5276231320190431,-0.408677407165522,0.0055636229180725,-0.4458548114144023,0.5140135427222695,-0.1702625610184943
AMD,2026-08-20,2026-08-17,End of Week,monthly,2026-09-18,20-45_day,21,1,call,0,470.0,29.0,28.6,29.15,440.0,9772.0,0.5523116058349609,0.535572724217119,0.0054368615576381,-0.523217515566978,0.5258059425800847,0.1763088728525302
AMD,2026-08-20,2026-08-17,End of Week,monthly,2026-09-18,20-45_day,21,1,put,0,470.0,28.01,27.65,28.5,506.0,2981.0,0.5268602001953125,-0.4656330624909734,0.0057010218386415,-0.4528074258589732,0.5259459844661513,-0.1954050814605547
AMD,2026-08-20,2026-08-17,End of Week,monthly,2026-09-18,20-45_day,21,1,call,1,480.0,24.41,24.15,24.75,332.0,3009.0,0.5517012603759766,0.4815870504448361,0.0054587934784189,-0.5220107190811509,0.5273436084624352,0.1597364862198875
AMD,2026-08-20,2026-08-17,End of Week,monthly,2026-09-18,20-45_day,21,1,put,1,480.0,35.1,33.05,34.05,250.0,3478.0,0.5243272665405273,-0.5225277297513677,0.0057407408676999,-0.4482657581592467,0.52706409625184,-0.2209011328246651
AMD,2026-08-20,2026-08-17,End of Week,monthly,2026-09-18,20-45_day,21,1,call,2,490.0,20.2,20.2,20.9,281.0,3346.0,0.5511519494628907,0.4289312276983961,0.005383034065512,-0.511958527166068,0.5195071420844197,0.143242939817959
AMD,2026-08-20,2026-08-17,End of Week,monthly,2026-09-18,20-45_day,21,1,put,2,490.0,40.5,39.25,40.15,49.0,1759.0,0.5242357147216796,-0.5777234856069771,0.0056414246809637,-0.4366158341389611,0.5178553240746231,-0.2463012823967357
BAC,2026-08-20,2026-08-17,End of Week,weekly,2026-08-21,0-1_day,1,1,call,-2,60.0,1.97,1.86,2.01,2599.0,11014.0,0.57617611328125,0.8486680447218502,0.1257157755344105,-0.223896483130411,0.0075940246749285,0.0013831224134729
BAC,2026-08-20,2026-08-17,End of Week,weekly,2026-08-21,0-1_day,1,1,put,-2,60.0,0.01,0.01,0.02,1113.0,10802.0,0.3437565625,-0.0435074851442307,0.082875492012001,-0.051061295492764,0.0029867859038529,-7.428227962290945e-05
BAC,2026-08-20,2026-08-17,End of Week,weekly,2026-08-21,0-1_day,1,1,call,-1,61.0,0.94,0.94,1.05,479.0,1208.0,0.39649041015625,0.7548569480207028,0.2449479910681906,-0.2064838220601289,0.0101820106036754,0.0012504305290482
BAC,2026-08-20,2026-08-17,End of Week,weekly,2026-08-21,0-1_day,1,1,put,-1,61.0,0.06,0.06,0.08,1163.0,3601.0,0.2773509765624999,-0.1638855182608203,0.2752063183872061,-0.1099358749476236,0.0080023045447374,-0.0002799011913485
BAC,2026-08-20,2026-08-17,End of Week,weekly,2026-08-21,0-1_day,1,1,call,0,62.0,0.26,0.23,0.29,3484.0,4843.0,0.2753978710937499,0.443311723123953,0.4428653707916554,-0.1788242175502221,0.0127867235780856,0.0007432878997964
BAC,2026-08-20,2026-08-17,End of Week,weekly,2026-08-21,0-1_day,1,1,put,0,62.0,0.34,0.28,0.38,3754.0,2632.0,0.2363357617187499,-0.5668488722251395,0.5139990069235839,-0.146897937405233,0.0127355791210922,-0.0009710241386009
BAC,2026-08-20,2026-08-17,End of Week,weekly,2026-08-21,0-1_day,1,1,call,1,62.5,0.1,0.07,0.1,2982.0,9942.0,0.2500075,0.2199820613418388,0.3657565840300599,-0.1212084507569492,0.0095867668489057,0.0003700432543547
BAC,2026-08-20,2026-08-17,End of Week,weekly,2026-08-21,0-1_day,1,1,put,1,62.5,0.7,0.45,0.72,5724.0,5658.0,0.22852333984375,-0.8012328529530155,0.3769537853688921,-0.0980910940151182,0.0090312038860262,-0.0013775182179179
BAC,2026-08-20,2026-08-17,End of Week,weekly,2026-08-21,0-1_day,1,1,call,2,63.0,0.03,0.01,0.03,8742.0,6659.0,0.2500075,0.0836145467942864,0.1898722528092492,-0.0627322521579311,0.004976700620676,0.0001408663679881
BAC,2026-08-20,2026-08-17,End of Week,weekly,2026-08-21,0-1_day,1,1,put,2,63.0,1.15,1.04,1.21,4650.0,6289.0,0.3164130859374999,-0.8617436577116144,0.2154056851743403,-0.1075176281244195,0.0071455978909884,-0.001493493412615
BAC,2026-08-20,2026-08-17,End of Week,monthly,2026-09-18,20-45_day,21,1,call,-2,57.5,4.95,4.55,4.75,45.0,12167.0,0.26563234375,0.8538027392631502,0.0494817687986745,-0.023164503552826,0.0399623614217089,0.0380788072331434
BAC,2026-08-20,2026-08-17,End of Week,monthly,2026-09-18,20-45_day,21,1,put,-2,57.5,0.26,0.24,0.29,313.0,15562.0,0.2407302490234374,-0.1241649566000041,0.0488124092380423,-0.0140219663527126,0.0357261224261614,-0.0063140411174046
BAC,2026-08-20,2026-08-17,End of Week,monthly,2026-09-18,20-45_day,21,1,call,-1,60.0,2.63,2.5,2.63,160.0,28256.0,0.2221757470703124,0.7142293594023214,0.0877485261779689,-0.0269088438207793,0.0592736202358177,0.0329188316278602
BAC,2026-08-20,2026-08-17,End of Week,monthly,2026-09-18,20-45_day,21,1,put,-1,60.0,0.77,0.71,0.83,901.0,11138.0,0.2321854125976562,-0.2931683064981438,0.0849796532580306,-0.0220966270247194,0.0599894470825426,-0.015023371577555
BAC,2026-08-20,2026-08-17,End of Week,monthly,2026-09-18,20-45_day,21,1,call,0,62.5,1.08,1.05,1.13,2641.0,10308.0,0.2041095214843749,0.4605697920966487,0.1115465456402548,-0.0271280036527492,0.0692220351503107,0.0216765557856292
BAC,2026-08-20,2026-08-17,End of Week,monthly,2026-09-18,20-45_day,21,1,put,0,62.5,1.74,1.76,1.88,729.0,13208.0,0.2202226416015624,-0.5348149513345319,0.1034969770168566,-0.0227750689088264,0.0692970275161611,-0.0276969292689593
BAC,2026-08-20,2026-08-17,End of Week,monthly,2026-09-18,20-45_day,21,1,call,1,65.0,0.35,0.32,0.36,7571.0,51961.0,0.19727365234375,0.2090501480040665,0.0835614881409548,-0.0183185404519757,0.0501187492438611,0.0099600969717015
BAC,2026-08-20,2026-08-17,End of Week,monthly,2026-09-18,20-45_day,21,1,put,1,65.0,3.61,3.45,3.7,195.0,2599.0,0.2363357617187499,-0.7472267672755954,0.0775643961181223,-0.0176601941101235,0.0557335660626664,-0.0395479656915938
BAC,2026-08-20,2026-08-17,End of Week,monthly,2026-09-18,20-45_day,21,1,call,2,67.5,0.09,0.08,0.1,1632.0,6486.0,0.2021564160156249,0.0733731243246419,0.0394913478925552,-0.0089091010209792,0.0242724972112436,0.0035165752110821
BAC,2026-08-20,2026-08-17,End of Week,monthly,2026-09-18,20-45_day,21,1,put,2,67.5,4.6,5.75,6.0,6.0,86.0,0.2836985693359374,-0.8447922449397237,0.0482132167066873,-0.0144481353881554,0.0415861031934844,-0.0461517635944768
SPY,2026-08-22,2026-08-17,End of Week,aligned,2026-08-24,2-4_day,1,1,call,-2,764.0,2.75,2.69,2.74,12332.0,1790.0,0.0631197204589843,0.7009496236394308,0.0970437949116406,-0.3648338731559767,0.1967931228564033,0.0292699191504197
SPY,2026-08-22,2026-08-17,End of Week,aligned,2026-08-24,2-4_day,1,1,put,-2,764.0,1.12,1.1,1.12,58435.0,1344.0,0.0670259313964843,-0.3097025900047724,0.0928234002828849,-0.3107534507918335,0.1998837139754695,-0.0130357689834971
SPY,2026-08-22,2026-08-17,End of Week,aligned,2026-08-24,2-4_day,1,1,call,-1,765.0,2.04,2.03,2.09,39407.0,1978.0,0.0615938568115234,0.5999382311246704,0.1106659891250576,-0.3837175675271768,0.2189922009690827,0.0250691160731914
SPY,2026-08-22,2026-08-17,End of Week,aligned,2026-08-24,2-4_day,1,1,put,-1,765.0,1.45,1.45,1.46,108031.0,14178.0,0.0649507568359375,-0.405031940113304,0.1052794936330644,-0.3250886829770291,0.2196873664978801,-0.0170527410948776
SPY,2026-08-22,2026-08-17,End of Week,aligned,2026-08-24,2-4_day,1,1,call,0,766.0,1.5,1.5,1.51,83802.0,2307.0,0.0593966131591796,0.4861485685181556,0.1184262471124001,-0.3732810750534218,0.2259887021685657,0.0203272165172112
SPY,2026-08-22,2026-08-17,End of Week,aligned,2026-08-24,2-4_day,1,1,put,0,766.0,1.88,1.89,1.9,83663.0,5534.0,0.0634248931884765,-0.5128568904443385,0.110913950113156,-0.3182944451136188,0.2260075755201405,-0.0216001147726028
SPY,2026-08-22,2026-08-17,End of Week,aligned,2026-08-24,2-4_day,1,1,call,1,767.0,1.05,1.04,1.05,71821.0,2084.0,0.058053853149414,0.3672213544731911,0.1144598163227647,-0.3383332487533028,0.2134819563265746,0.0153622613986395
SPY,2026-08-22,2026-08-17,End of Week,aligned,2026-08-24,2-4_day,1,1,put,1,767.0,2.42,2.4,2.47,33210.0,1662.0,0.0633638586425781,-0.6218783447426818,0.1058536364084233,-0.2927436886170353,0.2154886883935305,-0.0262054882178924
SPY,2026-08-22,2026-08-17,End of Week,aligned,2026-08-24,2-4_day,1,1,call,2,768.0,0.69,0.69,0.7,52719.0,4337.0,0.0571383349609375,0.2569495791167217,0.0995435774883726,-0.2809748036469007,0.1827333873041405,0.0107535127404453
SPY,2026-08-22,2026-08-17,End of Week,aligned,2026-08-24,2-4_day,1,1,put,2,768.0,3.09,3.04,3.11,10740.0,1722.0,0.0626314440917968,-0.7241242120382679,0.0941386614278814,-0.2399629984316297,0.1894250992030277,-0.0305316381369073
SPY,2026-08-22,2026-08-17,End of Week,weekly,2026-08-28,5-9_day,5,1,call,-2,764.0,5.88,5.74,6.0,1143.0,1712.0,0.1205227108764648,0.5764106562119463,0.0330961127704568,-0.4303925859712016,0.3844538490234849,0.0715861208992827
SPY,2026-08-22,2026-08-17,End of Week,weekly,2026-08-28,5-9_day,5,1,put,-2,764.0,3.85,3.84,3.86,3080.0,4433.0,0.1105435626220703,-0.4173101079969791,0.0359676628267368,-0.320200680300609,0.3832163317600659,-0.053073003923913
SPY,2026-08-22,2026-08-17,End of Week,weekly,2026-08-28,5-9_day,5,1,call,-1,765.0,5.26,5.24,5.27,6850.0,2666.0,0.1159146026611328,0.5444945851129467,0.0348385714348826,-0.4178249735873225,0.3892215010781964,0.0676892336143815
SPY,2026-08-22,2026-08-17,End of Week,weekly,2026-08-28,5-9_day,5,1,put,-1,765.0,4.2,4.23,4.26,9758.0,6098.0,0.1090787335205078,-0.4530877686925373,0.0369959536796678,-0.3179101106178745,0.3889489898384711,-0.0576394864897696
SPY,2026-08-22,2026-08-17,End of Week,weekly,2026-08-28,5-9_day,5,1,call,0,766.0,4.69,4.67,4.69,6034.0,1191.0,0.1140835662841796,0.5095777908913878,0.0356092335498377,-0.4114395775386875,0.39154713360333,0.0633915887663408
SPY,2026-08-22,2026-08-17,End of Week,weekly,2026-08-28,5-9_day,5,1,put,0,766.0,4.63,4.66,4.69,4650.0,1763.0,0.1075223526000976,-0.4901836095278905,0.0377816256546242,-0.3122589113629974,0.3915414392683309,-0.0623771870540363
SPY,2026-08-22,2026-08-17,End of Week,weekly,2026-08-28,5-9_day,5,1,call,1,767.0,4.15,4.13,4.15,6694.0,3468.0,0.1124966680908203,0.4735662610460066,0.0360426316450834,-0.4028140895308694,0.3907999389377585,0.0589487827242063
SPY,2026-08-22,2026-08-17,End of Week,weekly,2026-08-28,5-9_day,5,1,put,1,767.0,5.14,5.13,5.14,3698.0,2882.0,0.1055997644042968,-0.528520762614757,0.0383827621323529,-0.3021805575798251,0.3906587066311884,-0.0672749382996645
SPY,2026-08-22,2026-08-17,End of Week,weekly,2026-08-28,5-9_day,5,1,call,2,768.0,3.65,3.63,3.65,3043.0,6807.0,0.1109708044433593,0.4368370844678902,0.0361587100842238,-0.3912841950291161,0.3867408055761326,0.0544092325623545
SPY,2026-08-22,2026-08-17,End of Week,weekly,2026-08-28,5-9_day,5,1,put,2,768.0,5.66,5.56,5.78,1233.0,2998.0,0.1074002835083007,-0.5654274167294341,0.0373260418770346,-0.3012778092923922,0.3863809454060434,-0.0720227211425648
SPY,2026-08-22,2026-08-17,End of Week,monthly,2026-09-18,20-45_day,20,1,call,-2,764.0,12.61,12.26,12.31,327.0,1613.0,0.135201519165039,0.5612629761741518,0.0140010849414369,-0.2479018991368563,0.8210207052387765,0.3081371790374403
SPY,2026-08-22,2026-08-17,End of Week,monthly,2026-09-18,20-45_day,20,1,put,-2,764.0,9.51,9.48,9.52,2621.0,1866.0,0.1225978854370117,-0.4339141731793662,0.0154101835340181,-0.1514110849493724,0.8194107146831956,-0.2519681247937031
SPY,2026-08-22,2026-08-17,End of Week,monthly,2026-09-18,20-45_day,20,1,call,-1,765.0,11.62,11.62,11.68,2626.0,17961.0,0.1337824659729004,0.5475486268332298,0.0142169379466868,-0.2457116096116422,0.8249281286494157,0.300853768997638
SPY,2026-08-22,2026-08-17,End of Week,monthly,2026-09-18,20-45_day,20,1,put,-1,765.0,9.92,9.87,9.91,4152.0,23837.0,0.1214382290649414,-0.4490402540460397,0.0156453997926318,-0.1494807677674722,0.8240488134865877,-0.2608007247906633
SPY,2026-08-22,2026-08-17,End of Week,monthly,2026-09-18,20-45_day,20,1,call,0,766.0,11.14,11.01,11.06,935.0,2059.0,0.1323176368713379,0.5335086498491517,0.0144261794467677,-0.2431759255312364,0.8279038722372587,0.2933789168729533
SPY,2026-08-22,2026-08-17,End of Week,monthly,2026-09-18,20-45_day,20,1,put,0,766.0,10.32,10.28,10.31,1284.0,1363.0,0.1202175381469726,-0.4645011322755621,0.01587131505414,-0.1471555955314655,0.8275449458721498,-0.2698301119388699
SPY,2026-08-22,2026-08-17,End of Week,monthly,2026-09-18,20-45_day,20,1,call,1,767.0,10.39,10.41,10.46,653.0,1488.0,0.1309291009521484,0.5191292116377973,0.0146139901868948,-0.240470917307275,0.8298810445792948,0.2856969819940987
SPY,2026-08-22,2026-08-17,End of Week,monthly,2026-09-18,20-45_day,20,1,put,1,767.0,10.74,10.7,10.74,1511.0,2065.0,0.1191646922302246,-0.4803216977809734,0.0160556644152179,-0.1447737051731395,0.8298254033710448,-0.2790847411201135
SPY,2026-08-22,2026-08-17,End of Week,monthly,2026-09-18,20-45_day,20,1,call,2,768.0,9.9,9.83,9.88,691.0,1864.0,0.1295863409423828,0.5044401637348593,0.0147815002460449,-0.237542763730998,0.8307848913578536,0.2778263884298512
SPY,2026-08-22,2026-08-17,End of Week,monthly,2026-09-18,20-45_day,20,1,put,2,768.0,11.25,11.15,11.18,792.0,1958.0,0.1180508117675781,-0.4964387089572682,0.0162262573457065,-0.141979955706384,0.8308032469185562,-0.2885151134273352
QQQ,2026-08-22,2026-08-17,End of Week,aligned,2026-08-24,2-4_day,1,1,call,-2,711.0,4.02,3.97,4.04,14972.0,1178.0,0.1025480371093749,0.6850585306737235,0.0655889775200181,-0.5302283855015635,0.1875902476386056,0.0265784868407572
QQQ,2026-08-22,2026-08-17,End of Week,aligned,2026-08-24,2-4_day,1,1,put,-2,711.0,1.83,1.83,1.87,20545.0,1691.0,0.1137783935546875,-0.3317386133314579,0.0603965846756014,-0.5209693418417105,0.1916567955253332,-0.0130408170497825
QQQ,2026-08-22,2026-08-17,End of Week,aligned,2026-08-24,2-4_day,1,1,call,-1,712.0,3.35,3.34,3.36,28357.0,1243.0,0.0999235516357422,0.6195641441450395,0.0721778399519978,-0.5471198214648089,0.2011517369593665,0.0240565615304604
QQQ,2026-08-22,2026-08-17,End of Week,aligned,2026-08-24,2-4_day,1,1,put,-1,712.0,2.22,2.19,2.22,27632.0,1281.0,0.1118252880859374,-0.3925113892940296,0.0650858218283408,-0.5388594619799513,0.2029917851508586,-0.015434452326144
QQQ,2026-08-22,2026-08-17,End of Week,aligned,2026-08-24,2-4_day,1,1,call,0,713.0,2.76,2.76,2.78,48853.0,1218.0,0.0990080334472656,0.5460069312519938,0.0757901632235484,-0.5573707622303814,0.2092836596205049,0.0212138396409336
QQQ,2026-08-22,2026-08-17,End of Week,aligned,2026-08-24,2-4_day,1,1,put,0,713.0,2.6,2.6,2.64,42608.0,792.0,0.1106656317138671,-0.4584968316509418,0.0678910619333928,-0.5462788284437626,0.2095450535514198,-0.0180361532651347
QQQ,2026-08-22,2026-08-17,End of Week,aligned,2026-08-24,2-4_day,1,1,call,1,714.0,2.24,2.24,2.27,35280.0,820.0,0.0983976879882812,0.4696417709268779,0.0765489568754381,-0.5506410935137034,0.2100758915235215,0.018256896207921
QQQ,2026-08-22,2026-08-17,End of Week,aligned,2026-08-24,2-4_day,1,1,put,1,714.0,3.1,3.07,3.1,36988.0,971.0,0.1088956298828125,-0.5271420671415754,0.0692096915277992,-0.5337605813230596,0.2101984015324411,-0.020744798739705
QQQ,2026-08-22,2026-08-17,End of Week,aligned,2026-08-24,2-4_day,1,1,call,2,715.0,1.79,1.76,1.81,40823.0,1705.0,0.0972990661621093,0.3930287773959126,0.0748301795079988,-0.5223102991240529,0.2030661352130015,0.015286612236195
QQQ,2026-08-22,2026-08-17,End of Week,aligned,2026-08-24,2-4_day,1,1,put,2,715.0,3.63,3.6,3.66,14631.0,1994.0,0.108834595336914,-0.5955538723670549,0.0674085933893691,-0.5132258153461944,0.204613496059123,-0.0234500594653256
QQQ,2026-08-22,2026-08-17,End of Week,weekly,2026-08-28,5-9_day,5,1,call,-2,712.0,7.7,7.71,7.85,5602.0,1831.0,0.1804891522216797,0.5498311707273353,0.0239754422321032,-0.5836828534233396,0.3620687398548615,0.063240733964637
QQQ,2026-08-22,2026-08-17,End of Week,weekly,2026-08-28,5-9_day,5,1,put,-2,712.0,6.2,6.17,6.26,2528.0,970.0,0.1767050103759765,-0.4493014809957254,0.0244820978660111,-0.4998681341538307,0.3619685119877921,-0.0536047645178267
QQQ,2026-08-22,2026-08-17,End of Week,weekly,2026-08-28,5-9_day,5,1,call,-1,712.5,7.39,7.43,7.57,1145.0,213.0,0.1800008758544922,0.5378797683256943,0.0241204374318959,-0.5831782563085655,0.3632729802521567,0.0618859311341345
QQQ,2026-08-22,2026-08-17,End of Week,weekly,2026-08-28,5-9_day,5,1,put,-1,712.5,6.35,6.36,6.47,1291.0,200.0,0.1759725958251953,-0.461463230496463,0.0246686757441421,-0.4985844485130995,0.3632153347122681,-0.0550648440599986
QQQ,2026-08-22,2026-08-17,End of Week,weekly,2026-08-28,5-9_day,5,1,call,0,713.0,7.2,7.15,7.26,3211.0,530.0,0.1785970812988281,0.5259227843246125,0.0243686190140841,-0.579396349363142,0.3641485409943395,0.0605349770428142
QQQ,2026-08-22,2026-08-17,End of Week,weekly,2026-08-28,5-9_day,5,1,put,0,713.0,6.65,6.58,6.7,2615.0,418.0,0.1756063885498047,-0.4737903106479058,0.0247824648316026,-0.4978997722674539,0.3641313815804849,-0.0565474954415505
QQQ,2026-08-22,2026-08-17,End of Week,weekly,2026-08-28,5-9_day,5,1,call,1,714.0,6.55,6.6,6.72,3981.0,759.0,0.1774374249267578,0.5014733520760316,0.0245796236257333,-0.5752957072518237,0.3649167123561892,0.0577574538131105
QQQ,2026-08-22,2026-08-17,End of Week,weekly,2026-08-28,5-9_day,5,1,put,1,714.0,7.07,7.07,7.14,4028.0,460.0,0.1738974212646484,-0.4986795656307238,0.0250800209901341,-0.4920039513308872,0.3649172021332725,-0.0595375501476623
QQQ,2026-08-22,2026-08-17,End of Week,weekly,2026-08-28,5-9_day,5,1,call,2,715.0,6.11,6.1,6.18,18400.0,2181.0,0.1756674230957031,0.4766199845637915,0.0247848062523199,-0.5672522279770852,0.3642923554203904,0.0549321830886293
QQQ,2026-08-22,2026-08-17,End of Week,weekly,2026-08-28,5-9_day,5,1,put,2,715.0,7.55,7.5,7.61,7119.0,2232.0,0.1723715576171875,-0.5239964178021501,0.025256386506421,-0.4845350902097877,0.3642588566606243,-0.0625829599127509
QQQ,2026-08-22,2026-08-17,End of Week,monthly,2026-09-18,20-45_day,20,1,call,-2,711.0,17.68,17.39,17.58,371.0,1011.0,0.2075121974182128,0.5547005376266909,0.0098144353661793,-0.3330407120718877,0.7668223479403785,0.2792047689393753
QQQ,2026-08-22,2026-08-17,End of Week,monthly,2026-09-18,20-45_day,20,1,put,-2,711.0,13.25,13.25,13.38,152.0,727.0,0.1851582949829101,-0.4412876421673762,0.0109833926908991,-0.229310881196609,0.7657120769510841,-0.2419146440074202
QQQ,2026-08-22,2026-08-17,End of Week,monthly,2026-09-18,20-45_day,20,1,call,-1,712.0,17.22,16.79,16.97,341.0,923.0,0.206215213317871,0.5449840566096013,0.0099065808214772,-0.3314598382127505,0.7691841057044028,0.2745397302813853
QQQ,2026-08-22,2026-08-17,End of Week,monthly,2026-09-18,20-45_day,20,1,put,-1,712.0,13.61,13.63,13.78,671.0,1184.0,0.184029155883789,-0.4521531622749291,0.0110915428446014,-0.227845846242194,0.768536340188905,-0.247929067264705
QQQ,2026-08-22,2026-08-17,End of Week,monthly,2026-09-18,20-45_day,20,1,call,0,713.0,16.3,16.21,16.34,502.0,1105.0,0.204536763305664,0.5351561372965963,0.0100127896843187,-0.3291487237587525,0.7711028102399468,0.2698306959768402
QQQ,2026-08-22,2026-08-17,End of Week,monthly,2026-09-18,20-45_day,20,1,put,0,713.0,14.11,14.04,14.19,524.0,1502.0,0.1829000167846679,-0.4631729254843074,0.0111930314948465,-0.2261702167457429,0.770809899742342,-0.2540327003254692
QQQ,2026-08-22,2026-08-17,End of Week,monthly,2026-09-18,20-45_day,20,1,call,1,714.0,15.7,15.63,15.8,466.0,773.0,0.2038653833007812,0.5251439527569679,0.0100649111053038,-0.3280755760434645,0.7725724982910316,0.264959870209962
QQQ,2026-08-22,2026-08-17,End of Week,monthly,2026-09-18,20-45_day,20,1,put,1,714.0,14.6,14.46,14.61,260.0,934.0,0.1817403604125976,-0.4743408262436754,0.0112892798129547,-0.2242363882834325,0.7725087995808184,-0.2602207248805241
QQQ,2026-08-22,2026-08-17,End of Week,monthly,2026-09-18,20-45_day,20,1,call,2,715.0,15.13,15.05,15.19,2576.0,12581.0,0.2022021919250488,0.5150299983913466,0.0101606839002779,-0.3253963651711981,0.7735610824996975,0.2600847779604536
QQQ,2026-08-22,2026-08-17,End of Week,monthly,2026-09-18,20-45_day,20,1,put,2,715.0,14.97,14.88,15.04,1499.0,11821.0,0.1805807040405273,-0.4856559866150374,0.0113779749982935,-0.2220836284197174,0.7736100974903701,-0.2664945620984553
TSLA,2026-08-22,2026-08-17,End of Week,aligned,2026-08-24,2-4_day,1,1,call,-2,357.5,7.4,7.1,7.95,13256.0,1222.0,0.3686586572265625,0.7144470592650356,0.0343170073823876,-0.8668443169237178,0.0912744308746454,0.013809481685275
TSLA,2026-08-22,2026-08-17,End of Week,aligned,2026-08-24,2-4_day,1,1,put,-2,357.5,1.99,1.86,1.95,15400.0,52.0,0.313483427734375,-0.2540899879555013,0.0380643111360027,-0.6651837341362803,0.0860890370557625,-0.0051231409330486
TSLA,2026-08-22,2026-08-17,End of Week,aligned,2026-08-24,2-4_day,1,1,call,-1,360.0,5.51,5.35,5.75,39551.0,8956.0,0.3186103295898437,0.6390527525473234,0.0437555683597809,-0.824194746777012,0.1005792678478884,0.0124285199821745
TSLA,2026-08-22,2026-08-17,End of Week,aligned,2026-08-24,2-4_day,1,1,put,-1,360.0,2.79,2.74,2.84,31097.0,56.0,0.3147041186523437,-0.359403024990429,0.0442332777414827,-0.7766810130208116,0.1004307804612315,-0.0072606431839216
TSLA,2026-08-22,2026-08-17,End of Week,aligned,2026-08-24,2-4_day,1,1,call,0,362.5,4.19,4.15,4.45,26111.0,830.0,0.3253241296386718,0.524598898454992,0.0455679514468572,-0.8888279006648885,0.1069525318790425,0.0102274484176657
TSLA,2026-08-22,2026-08-17,End of Week,aligned,2026-08-24,2-4_day,1,1,put,0,362.5,3.9,3.75,4.0,24436.0,14.0,0.3184882604980468,-0.4750774498508512,0.046543648969446,-0.8336880414257165,0.1069471328217433,-0.0096210867019086
TSLA,2026-08-22,2026-08-17,End of Week,aligned,2026-08-24,2-4_day,1,1,call,1,365.0,3.15,3.05,3.2,41489.0,1062.0,0.3178779150390625,0.4092408208483094,0.0455098113933198,-0.8442740394979276,0.1043712007987873,0.0080008338783166
TSLA,2026-08-22,2026-08-17,End of Week,aligned,2026-08-24,2-4_day,1,1,put,1,365.0,5.3,5.1,5.45,22541.0,63.0,0.3264227514648437,-0.5881802705292016,0.0443850196598237,-0.830842056195121,0.1045278761779014,-0.0119487154965778
TSLA,2026-08-22,2026-08-17,End of Week,aligned,2026-08-24,2-4_day,1,1,call,2,367.5,2.27,2.13,2.28,16828.0,1520.0,0.3178779150390625,0.3016747226052989,0.0408242327500182,-0.7549982362504708,0.0936253977627781,0.0059094772233886
TSLA,2026-08-22,2026-08-17,End of Week,aligned,2026-08-24,2-4_day,1,1,put,2,367.5,6.8,5.9,7.1,4018.0,31.0,0.3328924133300781,-0.6897240766682748,0.0394709262726585,-0.7628519409056164,0.0947974170897613,-0.0140601523654574
TSLA,2026-08-22,2026-08-17,End of Week,weekly,2026-08-28,5-9_day,5,1,call,-2,355.0,12.8,12.65,12.95,6051.0,3701.0,0.4259090612792969,0.6698530951160803,0.0182801290401263,-0.6215268518989343,0.1685127167406074,0.0378993153415235
TSLA,2026-08-22,2026-08-17,End of Week,weekly,2026-08-28,5-9_day,5,1,put,-2,355.0,4.84,4.7,4.85,3191.0,343.0,0.412969737548828,-0.3257809620200181,0.0187516417087184,-0.5643636780563488,0.1676077388959,-0.0201251018986014
TSLA,2026-08-22,2026-08-17,End of Week,weekly,2026-08-28,5-9_day,5,1,call,-1,360.0,9.85,9.75,9.95,15302.0,6675.0,0.422857333984375,0.573115474196424,0.019937526265206,-0.6631823144703669,0.1824742902935085,0.0326318840612391
TSLA,2026-08-22,2026-08-17,End of Week,weekly,2026-08-28,5-9_day,5,1,put,-1,360.0,6.75,6.7,6.9,7426.0,928.0,0.4133359448242187,-0.425703915619444,0.0203853883407189,-0.6118440892713188,0.1823722292740612,-0.0264111450671803
TSLA,2026-08-22,2026-08-17,End of Week,weekly,2026-08-28,5-9_day,5,1,call,0,365.0,7.42,7.3,7.5,23105.0,3400.0,0.4242000939941406,0.4722116560011355,0.0201658143957325,-0.6712121707874377,0.1851497241782347,0.027020620949879
TSLA,2026-08-22,2026-08-17,End of Week,weekly,2026-08-28,5-9_day,5,1,put,0,365.0,9.41,9.2,9.45,4088.0,215.0,0.4146787048339844,-0.5289166505041221,0.0206246792857009,-0.6192913785328862,0.1851123868837758,-0.0329811238892543
TSLA,2026-08-22,2026-08-17,End of Week,weekly,2026-08-28,5-9_day,5,1,call,1,370.0,5.45,5.35,5.5,21571.0,6186.0,0.4250545776367188,0.3748178065062524,0.019172703915784,-0.6380994972668297,0.1763862010048069,0.0215387801420914
TSLA,2026-08-22,2026-08-17,End of Week,weekly,2026-08-28,5-9_day,5,1,put,1,370.0,12.43,11.85,12.65,2372.0,1275.0,0.4255428540039063,-0.6250196343174859,0.0191533233288973,-0.6013225639171358,0.1764103190317869,-0.0392377754249849
TSLA,2026-08-22,2026-08-17,End of Week,weekly,2026-08-28,5-9_day,5,1,call,2,375.0,3.9,3.85,4.0,9672.0,5646.0,0.4300594104003906,0.2883509987918745,0.0170628259944664,-0.5794761776514529,0.158823938131232,0.0166228047884955
TSLA,2026-08-22,2026-08-17,End of Week,weekly,2026-08-28,5-9_day,5,1,put,2,375.0,15.95,15.0,16.05,418.0,238.0,0.4250545776367188,-0.7141081988023885,0.0171938660580193,-0.5323995121429832,0.1581811688054488,-0.0451170944083958
TSLA,2026-08-22,2026-08-17,End of Week,monthly,2026-09-18,20-45_day,20,1,call,-2,355.0,20.75,20.75,21.25,2321.0,2424.0,0.429693203125,0.6061513075949039,0.0090725375546313,-0.3223072093817017,0.3796962568528957,0.1468058238870812
TSLA,2026-08-22,2026-08-17,End of Week,monthly,2026-09-18,20-45_day,20,1,put,-2,355.0,11.92,11.95,12.1,1086.0,1412.0,0.3965514447021484,-0.3888114168410805,0.0097952680233091,-0.2623256076542228,0.3783248925649795,-0.1127958826696898
TSLA,2026-08-22,2026-08-17,End of Week,monthly,2026-09-18,20-45_day,20,1,call,-1,360.0,18.14,18.0,18.45,6281.0,5582.0,0.4254207849121094,0.5596021856238611,0.0093957960294966,-0.3254531726642773,0.3893151836099118,0.1364143146240321
TSLA,2026-08-22,2026-08-17,End of Week,monthly,2026-09-18,20-45_day,20,1,put,-1,360.0,14.37,14.2,14.4,5389.0,7974.0,0.3955748919677735,-0.439257711441299,0.0101002816695492,-0.2674794938703841,0.3891448259844292,-0.1279918559427381
TSLA,2026-08-22,2026-08-17,End of Week,monthly,2026-09-18,20-45_day,20,1,call,0,365.0,15.81,15.6,16.0,4182.0,2535.0,0.4242000939941406,0.512168301336543,0.0095249497747123,-0.3263910721959996,0.3935342282966385,0.1255245587159904
TSLA,2026-08-22,2026-08-17,End of Week,monthly,2026-09-18,20-45_day,20,1,put,0,365.0,16.95,16.65,16.95,1263.0,1924.0,0.3945678219604492,-0.4902527437438425,0.0102419869685209,-0.2678749296251455,0.3935998647572674,-0.1435226314572066
TSLA,2026-08-22,2026-08-17,End of Week,monthly,2026-09-18,20-45_day,20,1,call,1,370.0,13.41,13.45,13.8,8854.0,9334.0,0.4234066448974609,0.4650175562458983,0.009510511810392,-0.3232573733330666,0.3922027331671931,0.1145247728105812
TSLA,2026-08-22,2026-08-17,End of Week,monthly,2026-09-18,20-45_day,20,1,put,1,370.0,19.65,19.45,19.8,617.0,5184.0,0.3948424774169922,-0.5407019522669159,0.0101845887823743,-0.2645167863967771,0.3916664969714296,-0.1591307979753015
TSLA,2026-08-22,2026-08-17,End of Week,monthly,2026-09-18,20-45_day,20,1,call,2,375.0,11.68,11.4,11.8,2710.0,3709.0,0.4220028503417968,0.4186200646318213,0.0093790028436557,-0.315492864180511,0.3854970943786358,0.1035751206494528
TSLA,2026-08-22,2026-08-17,End of Week,monthly,2026-09-18,20-45_day,20,1,put,2,375.0,21.92,22.25,23.0,379.0,2784.0,0.3979552392578125,-0.5888455919420376,0.0099048883362942,-0.2589650094783779,0.3839130436049367,-0.1743814268279117
NVDA,2026-08-22,2026-08-17,End of Week,aligned,2026-08-24,2-4_day,1,1,call,-2,210.0,5.19,5.05,5.8,7322.0,708.0,0.3693910717773437,0.7978587605143688,0.0479894198415696,-0.4304225274934755,0.0447830869872945,0.0090893341384049
NVDA,2026-08-22,2026-08-17,End of Week,aligned,2026-08-24,2-4_day,1,1,put,-2,210.0,0.38,0.36,0.39,18804.0,8573.0,0.2446364599609375,-0.1060681741397568,0.047108134453359,-0.1757223821657207,0.0291138220150889,-0.0012588553384757
NVDA,2026-08-22,2026-08-17,End of Week,aligned,2026-08-24,2-4_day,1,1,call,-1,212.5,3.06,3.05,3.3,4940.0,267.0,0.2583081982421875,0.7135306238199105,0.0828940896508774,-0.3645862649552277,0.0540933514424337,0.008230383341689
NVDA,2026-08-22,2026-08-17,End of Week,aligned,2026-08-24,2-4_day,1,1,put,-1,212.5,0.86,0.84,0.89,22696.0,7662.0,0.2309647216796875,-0.2648959687359424,0.089206326700902,-0.2947027556975427,0.052050324217937,-0.0031493047982328
NVDA,2026-08-22,2026-08-17,End of Week,aligned,2026-08-24,2-4_day,1,1,call,0,215.0,1.64,1.6,1.64,43542.0,3666.0,0.22852333984375,0.4774470878915126,0.1096588604223643,-0.3719666809088726,0.0633076837350416,0.0055442575097224
NVDA,2026-08-22,2026-08-17,End of Week,aligned,2026-08-24,2-4_day,1,1,put,0,215.0,1.84,1.81,1.88,45974.0,10632.0,0.2233964379882812,-0.5232228081153799,0.1121646786128306,-0.3419579346632151,0.0633015717527743,-0.0062402730099707
NVDA,2026-08-22,2026-08-17,End of Week,aligned,2026-08-24,2-4_day,1,1,call,1,217.5,0.7,0.7,0.73,80637.0,8447.0,0.22852333984375,0.2296545695612032,0.0835282631440954,-0.2804602403053869,0.0482221030356911,0.0026756545844815
NVDA,2026-08-22,2026-08-17,End of Week,aligned,2026-08-24,2-4_day,1,1,put,1,217.5,3.4,3.0,3.5,12079.0,5039.0,0.2270585107421874,-0.7718241170945901,0.0837629380458293,-0.2555692314411311,0.0480476133808011,-0.0092567422406136
NVDA,2026-08-22,2026-08-17,End of Week,aligned,2026-08-24,2-4_day,1,1,call,2,220.0,0.28,0.28,0.3,75706.0,15902.0,0.2368240380859375,0.0860673302215525,0.0417278168120734,-0.1496718754029731,0.0249651154205271,0.0010045225091884
NVDA,2026-08-22,2026-08-17,End of Week,aligned,2026-08-24,2-4_day,1,1,put,2,220.0,5.55,5.3,5.6,6286.0,5746.0,0.241218525390625,-0.909906614306954,0.0423880938756852,-0.1353642892102077,0.0258307299358451,-0.0110010647990106
NVDA,2026-08-22,2026-08-17,End of Week,weekly,2026-08-28,5-9_day,5,1,call,-2,210.0,9.15,9.15,9.25,4947.0,8747.0,0.5603071313476562,0.6382618975624603,0.0242939627243813,-0.4947301334732216,0.1031639348803267,0.021079886649213
NVDA,2026-08-22,2026-08-17,End of Week,weekly,2026-08-28,5-9_day,5,1,put,-2,210.0,4.32,4.25,4.35,8387.0,13078.0,0.5443160803222657,-0.3586270985374142,0.0249333582827908,-0.4583444247352549,0.1028573497795305,-0.0132827289213722
NVDA,2026-08-22,2026-08-17,End of Week,weekly,2026-08-28,5-9_day,5,1,call,-1,212.5,7.75,7.7,7.85,2321.0,1765.0,0.5598188549804688,0.5750246571404788,0.0254266556317289,-0.515078048486886,0.1078798044747091,0.0190864850042584
NVDA,2026-08-22,2026-08-17,End of Week,weekly,2026-08-28,5-9_day,5,1,put,-1,212.5,5.5,5.3,5.4,2646.0,4876.0,0.5423629748535157,-0.4234810296504001,0.0262258849086133,-0.4774955484587594,0.1078011944722599,-0.0157400363837933
NVDA,2026-08-22,2026-08-17,End of Week,weekly,2026-08-28,5-9_day,5,1,call,0,215.0,6.55,6.5,6.55,18658.0,14499.0,0.561527822265625,0.5105178481259687,0.0257980050419751,-0.5242714444801196,0.109789495757007,0.0170177475007761
NVDA,2026-08-22,2026-08-17,End of Week,weekly,2026-08-28,5-9_day,5,1,put,0,215.0,6.7,6.55,6.65,9570.0,10922.0,0.5441940112304688,-0.4900476412611775,0.0266206983943805,-0.4865975400509692,0.1097934901980017,-0.0182918466006988
NVDA,2026-08-22,2026-08-17,End of Week,weekly,2026-08-28,5-9_day,5,1,call,1,217.5,5.4,5.35,5.45,9116.0,4354.0,0.5611616149902343,0.4465644979877417,0.0255918192149712,-0.5182197560020289,0.1088409950190388,0.014945851304755
NVDA,2026-08-22,2026-08-17,End of Week,weekly,2026-08-28,5-9_day,5,1,put,1,217.5,7.93,7.95,8.05,1765.0,8348.0,0.5459029785156251,-0.5557035023733319,0.0262864334548153,-0.4818636201695719,0.1087553215336744,-0.0208385379839646
NVDA,2026-08-22,2026-08-17,End of Week,weekly,2026-08-28,5-9_day,5,1,call,2,220.0,4.4,4.4,4.45,47082.0,25446.0,0.5612836840820312,0.3847176026608034,0.0247325902712525,-0.500093658734537,0.1052096094971836,0.0129218573972338
NVDA,2026-08-22,2026-08-17,End of Week,weekly,2026-08-28,5-9_day,5,1,put,2,220.0,9.5,9.45,9.7,4030.0,9128.0,0.5499312585449221,-0.6181536358865432,0.0251868510883564,-0.4666665107959069,0.1049749480507217,-0.0233022100260675
NVDA,2026-08-22,2026-08-17,End of Week,monthly,2026-09-18,20-45_day,20,1,call,-2,205.0,15.4,15.25,15.6,243.0,20281.0,0.4314021704101562,0.6832739440410724,0.0141331402985815,-0.1794288915293881,0.2079394531649943,0.0968473038099918
NVDA,2026-08-22,2026-08-17,End of Week,monthly,2026-09-18,20-45_day,20,1,put,-2,205.0,5.25,5.2,5.35,4245.0,15007.0,0.406683179321289,-0.3089137986952314,0.0148316973524119,-0.1476765284077055,0.205713582084158,-0.0527618357296671
NVDA,2026-08-22,2026-08-17,End of Week,monthly,2026-09-18,20-45_day,20,1,call,-1,210.0,12.35,12.2,12.4,10267.0,60188.0,0.4204159521484375,0.6085579950463751,0.0156434991679172,-0.1866347547159089,0.2242998542879558,0.0873791195781554
NVDA,2026-08-22,2026-08-17,End of Week,monthly,2026-09-18,20-45_day,20,1,put,-1,210.0,7.2,7.1,7.25,3195.0,44716.0,0.401800415649414,-0.3885312274345077,0.0163336138319116,-0.1573682984312622,0.2238249864349379,-0.0667667301679506
NVDA,2026-08-22,2026-08-17,End of Week,monthly,2026-09-18,20-45_day,20,1,call,0,215.0,9.6,9.55,9.75,12291.0,27783.0,0.4167538793945312,0.5276600404939028,0.0163522279879262,-0.1898882313841223,0.2324194592291738,0.0765220162871582
NVDA,2026-08-22,2026-08-17,End of Week,monthly,2026-09-18,20-45_day,20,1,put,0,215.0,9.5,9.35,9.6,1719.0,17483.0,0.3986876538085938,-0.4730884748700583,0.0170954171917776,-0.1603673162357503,0.2324493800916624,-0.0818914710003172
NVDA,2026-08-22,2026-08-17,End of Week,monthly,2026-09-18,20-45_day,20,1,call,1,220.0,7.3,7.3,7.45,16437.0,47348.0,0.4110166320800781,0.4455681088402778,0.0164655034303241,-0.1846380180753308,0.230807709755216,0.0652118893425987
NVDA,2026-08-22,2026-08-17,End of Week,monthly,2026-09-18,20-45_day,20,1,put,1,220.0,12.16,12.1,12.35,3422.0,16695.0,0.3948424774169922,-0.5584191127777677,0.0171154498518515,-0.1551337525127815,0.230477263142728,-0.097439179734778
NVDA,2026-08-22,2026-08-17,End of Week,monthly,2026-09-18,20-45_day,20,1,call,2,225.0,5.51,5.45,5.6,7357.0,43794.0,0.4079038702392578,0.3664290203646582,0.0157995916345955,-0.1734534956764715,0.2197959013596339,0.0540335417351678
NVDA,2026-08-22,2026-08-17,End of Week,monthly,2026-09-18,20-45_day,20,1,put,2,225.0,15.42,15.3,15.6,1022.0,10073.0,0.3953917883300781,-0.6389240249201836,0.0162187858661833,-0.144666984272281,0.2187065989315574,-0.1125959794905926
IBIT,2026-08-22,2026-08-17,End of Week,aligned+weekly,2026-08-28,5-9_day,5,1,call,-2,42.0,2.11,2.21,2.27,3142.0,11920.0,0.51562984375,0.7374632998944304,0.1128887835156918,-0.0814982323145022,0.018256288497542,0.0049366669613388
IBIT,2026-08-22,2026-08-17,End of Week,aligned+weekly,2026-08-28,5-9_day,5,1,put,-2,42.0,0.45,0.41,0.44,8321.0,370.0,0.456060126953125,-0.2387213403221328,0.1213618387418934,-0.0648759836239481,0.0173591278993702,-0.0017747713929178
IBIT,2026-08-22,2026-08-17,End of Week,aligned+weekly,2026-08-28,5-9_day,5,1,call,-1,43.0,1.58,1.54,1.61,6187.0,14777.0,0.5029346582031251,0.6121874694390275,0.1360021606350903,-0.0924759246351645,0.0214526537924092,0.0041486233210143
IBIT,2026-08-22,2026-08-17,End of Week,aligned+weekly,2026-08-28,5-9_day,5,1,put,-1,43.0,0.76,0.74,0.77,17303.0,128.0,0.4492242578124999,-0.377594281292143,0.1510509443406995,-0.0779237755894476,0.0212818949909866,-0.0028233208798086
IBIT,2026-08-22,2026-08-17,End of Week,aligned+weekly,2026-08-28,5-9_day,5,1,call,0,44.0,1.06,1.06,1.08,76525.0,3402.0,0.5048877636718749,0.4717096778348629,0.1407374222487211,-0.0957587641291623,0.0222857928300736,0.0032240915014706
IBIT,2026-08-22,2026-08-17,End of Week,aligned+weekly,2026-08-28,5-9_day,5,1,call,1,45.0,0.71,0.71,0.72,28348.0,4689.0,0.51758294921875,0.3422710842677304,0.1267291375726314,-0.0901864227651622,0.0205721693923075,0.0023526499208393
IBIT,2026-08-22,2026-08-17,End of Week,aligned+weekly,2026-08-28,5-9_day,5,1,put,1,45.0,2.0,1.87,1.91,771.0,19.0,0.460942890625,-0.678641443689226,0.1387777029145336,-0.0738672461092425,0.0200627502569537,-0.0051713283055689
IBIT,2026-08-22,2026-08-17,End of Week,aligned+weekly,2026-08-28,5-9_day,5,1,call,2,46.0,0.45,0.45,0.47,14679.0,2372.0,0.5273484765625001,0.2349687854707096,0.1040454338633365,-0.076627482897749,0.0172085537491828,0.0016225517926755
IBIT,2026-08-22,2026-08-17,End of Week,monthly,2026-09-18,20-45_day,20,1,call,-2,42.0,3.02,2.98,3.05,10598.0,43226.0,0.4448297705078124,0.6581267350754206,0.0694808238894117,-0.0385416173816109,0.0436209349418497,0.0189835969281313
IBIT,2026-08-22,2026-08-17,End of Week,monthly,2026-09-18,20-45_day,20,1,put,-2,42.0,1.14,1.11,1.15,4556.0,3386.0,0.395513857421875,-0.3285576622163648,0.076938220670809,-0.0298882936932308,0.0429477095829263,-0.0114115320960468
IBIT,2026-08-22,2026-08-17,End of Week,monthly,2026-09-18,20-45_day,20,1,call,-1,43.0,2.39,2.39,2.49,10027.0,22823.0,0.4458063232421875,0.5842050880673644,0.0736419287954224,-0.0405906040341102,0.0463348268182015,0.0170157329319623
IBIT,2026-08-22,2026-08-17,End of Week,monthly,2026-09-18,20-45_day,20,1,put,-1,43.0,1.56,1.53,1.57,11932.0,4434.0,0.3950255810546875,-0.4108722022511342,0.0828789348827327,-0.0318267028085869,0.0462067631719115,-0.0143724251083349
IBIT,2026-08-22,2026-08-17,End of Week,monthly,2026-09-18,20-45_day,20,1,call,0,44.0,1.98,1.93,1.98,10696.0,36544.0,0.4414118359375,0.5088107629538333,0.0760575052393306,-0.0407882229150034,0.0473829630307098,0.0149627986407254
IBIT,2026-08-22,2026-08-17,End of Week,monthly,2026-09-18,20-45_day,20,1,put,0,44.0,2.12,2.03,2.07,6740.0,1018.0,0.393560751953125,-0.4956249324413773,0.0853206361113879,-0.0321391008995156,0.0473916720495996,-0.0174715308502443
IBIT,2026-08-22,2026-08-17,End of Week,monthly,2026-09-18,20-45_day,20,1,call,1,45.0,1.56,1.53,1.56,32688.0,63650.0,0.4404352832031249,0.4341834492530799,0.075204770122419,-0.0398968133662352,0.0467480668288706,0.0128676705522571
IBIT,2026-08-22,2026-08-17,End of Week,monthly,2026-09-18,20-45_day,20,1,put,1,45.0,2.76,2.62,2.66,3879.0,24873.0,0.3940490283203125,-0.5787127557451603,0.0835558537503419,-0.0310807755731198,0.046468997910653,-0.0205855073924695
IBIT,2026-08-22,2026-08-17,End of Week,monthly,2026-09-18,20-45_day,20,1,call,2,46.0,1.17,1.19,1.23,15756.0,22570.0,0.4438532177734374,0.3648224383343412,0.0712716788025383,-0.0381920423471225,0.0446470251104876,0.0108757021542761
IBIT,2026-08-22,2026-08-17,End of Week,monthly,2026-09-18,20-45_day,20,1,put,2,46.0,3.35,3.25,3.35,108.0,1292.0,0.399420068359375,-0.6542428160516761,0.0777091359725221,-0.0291691190901327,0.0438064567469084,-0.0235290245526853
AAPL,2026-08-22,2026-08-17,End of Week,aligned,2026-08-24,2-4_day,1,1,call,-2,305.0,4.7,4.65,5.3,3350.0,1068.0,0.2302323071289062,0.8027270823749089,0.0526645144988011,-0.3906881293435265,0.0635801780049368,0.0133330740407759
AAPL,2026-08-22,2026-08-17,End of Week,aligned,2026-08-24,2-4_day,1,1,put,-2,305.0,0.48,0.42,0.5,10000.0,1423.0,0.1755453540039062,-0.1330781392292583,0.0534823244509191,-0.2118440277312581,0.049230812486884,-0.0022706104437644
AAPL,2026-08-22,2026-08-17,End of Week,aligned,2026-08-24,2-4_day,1,1,call,-1,307.5,2.8,2.63,3.35,6983.0,499.0,0.2067950415039062,0.6601163401869833,0.0773663294821578,-0.4541724449186456,0.0838937298317338,0.0110254777070506
AAPL,2026-08-22,2026-08-17,End of Week,aligned,2026-08-24,2-4_day,1,1,put,-1,307.5,1.04,0.89,1.09,17806.0,578.0,0.1677329321289062,-0.3065399642133087,0.0913998299591428,-0.3273848111740982,0.0803898310150683,-0.0052375959372615
AAPL,2026-08-22,2026-08-17,End of Week,aligned,2026-08-24,2-4_day,1,1,call,0,310.0,1.5,1.43,1.52,27823.0,1743.0,0.163094306640625,0.4399943283269505,0.1056093748902887,-0.3819738303638476,0.0903189046174179,0.007391564471645
AAPL,2026-08-22,2026-08-17,End of Week,aligned,2026-08-24,2-4_day,1,1,put,0,310.0,2.05,1.97,2.23,12278.0,2270.0,0.1684653466796875,-0.557951941357979,0.1023213129244152,-0.3629518447325765,0.0903886860378001,-0.009559131168239
AAPL,2026-08-22,2026-08-17,End of Week,aligned,2026-08-24,2-4_day,1,1,call,1,312.5,0.69,0.61,0.7,21170.0,941.0,0.16602396484375,0.2113700018915783,0.0760962410325861,-0.2815681809036213,0.0662477868605904,0.0035580457777812
AAPL,2026-08-22,2026-08-17,End of Week,aligned,2026-08-24,2-4_day,1,1,put,1,312.5,3.3,3.35,4.0,2012.0,547.0,0.1823812231445312,-0.7668829426192242,0.0732538683723014,-0.2949398831107718,0.0700564420058774,-0.0131992486210883
AAPL,2026-08-22,2026-08-17,End of Week,aligned,2026-08-24,2-4_day,1,1,call,2,315.0,0.26,0.25,0.3,19060.0,2581.0,0.172859833984375,0.0819305834783353,0.0382398889309031,-0.1523510415805249,0.0346615598288652,0.001380730249467
AAPL,2026-08-22,2026-08-17,End of Week,aligned,2026-08-24,2-4_day,1,1,put,2,315.0,5.55,5.4,6.15,556.0,679.0,0.2038653833007812,-0.8806702320716948,0.042681548794585,-0.2042568830539987,0.0456269089018833,-0.0152489479557723
AAPL,2026-08-22,2026-08-17,End of Week,weekly,2026-08-28,5-9_day,5,1,call,-2,305.0,7.0,6.6,7.0,1999.0,2834.0,0.2647778601074219,0.6744002507229104,0.034297786307131,-0.335727860411577,0.1428586039792354,0.0331744981741715
AAPL,2026-08-22,2026-08-17,End of Week,weekly,2026-08-28,5-9_day,5,1,put,-2,305.0,2.05,2.04,2.21,4701.0,2264.0,0.2367019689941406,-0.3078662100749293,0.0374651100127359,-0.265302826187719,0.1395042782601138,-0.0159649352098229
AAPL,2026-08-22,2026-08-17,End of Week,weekly,2026-08-28,5-9_day,5,1,call,-1,307.5,5.38,4.95,5.25,2052.0,858.0,0.2501295690917968,0.5878780891908072,0.039233327660517,-0.339754624853928,0.1543756588251749,0.0290652013489637
AAPL,2026-08-22,2026-08-17,End of Week,weekly,2026-08-28,5-9_day,5,1,put,-1,307.5,3.11,2.95,3.15,2472.0,1144.0,0.2352371398925781,-0.4074225123870489,0.0416022109013159,-0.2886971792365295,0.1539504439162677,-0.0211752100743481
AAPL,2026-08-22,2026-08-17,End of Week,weekly,2026-08-28,5-9_day,5,1,call,0,310.0,3.65,3.65,3.85,19278.0,5084.0,0.2435378381347656,0.4872050787804364,0.0412801112196892,-0.3359106414999738,0.1581488175143478,0.0241786501419969
AAPL,2026-08-22,2026-08-17,End of Week,weekly,2026-08-28,5-9_day,5,1,put,0,310.0,4.26,4.1,4.3,8019.0,4530.0,0.2318192053222656,-0.5140556593325964,0.0433622362519294,-0.288922877468246,0.1581319868988122,-0.0267828331845061
AAPL,2026-08-22,2026-08-17,End of Week,weekly,2026-08-28,5-9_day,5,1,call,1,312.5,2.59,2.59,2.75,6459.0,813.0,0.2407302490234374,0.3847407293457845,0.040026851524528,-0.3159222522937629,0.1515795938676898,0.0191492841240069
AAPL,2026-08-22,2026-08-17,End of Week,weekly,2026-08-28,5-9_day,5,1,put,1,312.5,5.35,5.25,5.8,808.0,747.0,0.2346267944335937,-0.6184716648370028,0.04096547415659,-0.2756361163681733,0.1512008514876336,-0.0323374273762944
AAPL,2026-08-22,2026-08-17,End of Week,weekly,2026-08-28,5-9_day,5,1,call,2,315.0,1.85,1.77,1.9,14786.0,6765.0,0.2391433508300781,0.289419651682693,0.0360550536124552,-0.2792370917061894,0.135638537884343,0.0144393065009722
AAPL,2026-08-22,2026-08-17,End of Week,weekly,2026-08-28,5-9_day,5,1,put,2,315.0,7.25,6.85,7.75,735.0,1438.0,0.2525709509277344,-0.6998242040551935,0.0347174503053314,-0.2675796244531443,0.137939886929657,-0.0367931731838186
AAPL,2026-08-22,2026-08-17,End of Week,monthly,2026-09-18,20-45_day,20,1,call,-2,300.0,14.82,14.25,14.8,7689.0,27400.0,0.2790599438476562,0.6838440302719396,0.0151535223295622,-0.1746584056000948,0.2993520615323258,0.1452610435489876
AAPL,2026-08-22,2026-08-17,End of Week,monthly,2026-09-18,20-45_day,20,1,put,-2,300.0,4.2,4.1,4.35,2071.0,24750.0,0.2433547344970703,-0.2952008053963526,0.0168567299097934,-0.1211834400201862,0.290391757909757,-0.0704737396441869
AAPL,2026-08-22,2026-08-17,End of Week,monthly,2026-09-18,20-45_day,20,1,call,-1,305.0,11.5,11.05,11.65,812.0,18260.0,0.274421318359375,0.6040437075872768,0.0166875307668964,-0.182520130276315,0.3241761673390438,0.1293803103589078
AAPL,2026-08-22,2026-08-17,End of Week,monthly,2026-09-18,20-45_day,20,1,put,-1,305.0,5.83,5.8,6.05,1283.0,7019.0,0.2368850726318359,-0.3841438322258123,0.019166322444906,-0.1283470854114787,0.3214013097259199,-0.0920181456332745
AAPL,2026-08-22,2026-08-17,End of Week,monthly,2026-09-18,20-45_day,20,1,call,0,310.0,8.5,8.3,8.55,4466.0,19873.0,0.2592847509765625,0.5177121673290057,0.0182691859569075,-0.1763935132741882,0.335326078272008,0.111961703260602
AAPL,2026-08-22,2026-08-17,End of Week,monthly,2026-09-18,20-45_day,20,1,put,0,310.0,7.99,8.0,8.3,1877.0,6824.0,0.2330398962402343,-0.483299519724742,0.0203288800594138,-0.1287463963563324,0.335362801819305,-0.1163053695101301
AAPL,2026-08-22,2026-08-17,End of Week,monthly,2026-09-18,20-45_day,20,1,call,1,315.0,6.2,6.05,6.25,2455.0,9804.0,0.2547681945800781,0.4258488817575558,0.018288989106452,-0.1683534697263123,0.3298420858894834,0.0926900385835713
AAPL,2026-08-22,2026-08-17,End of Week,monthly,2026-09-18,20-45_day,20,1,put,1,315.0,10.5,10.5,11.05,374.0,6528.0,0.2293167889404297,-0.5851196660868725,0.0202045976988541,-0.1198298343779439,0.3279874428452886,-0.1415756945277752
AAPL,2026-08-22,2026-08-17,End of Week,monthly,2026-09-18,20-45_day,20,1,call,2,320.0,4.3,4.3,4.45,4546.0,32999.0,0.2521437091064453,0.3375136930149596,0.0172229186503415,-0.1536898000230273,0.3074157010057827,0.0738484752956437
AAPL,2026-08-22,2026-08-17,End of Week,monthly,2026-09-18,20-45_day,20,1,put,2,320.0,13.65,13.9,14.65,678.0,4507.0,0.2375564526367187,-0.6733174447645368,0.0180452359117494,-0.1109128190761934,0.3034593708809436,-0.1643640059205272
AMZN,2026-08-22,2026-08-17,End of Week,aligned,2026-08-24,2-4_day,1,1,call,-2,252.5,6.57,6.15,6.75,13947.0,70.0,0.2834544311523437,0.8776655807817155,0.0373656572825789,-0.2974998059334731,0.0388195792504536,0.012081003694221
AMZN,2026-08-22,2026-08-17,End of Week,aligned,2026-08-24,2-4_day,1,1,put,-2,252.5,0.22,0.22,0.25,2215.0,215.0,0.2119219433593749,-0.0605825175581287,0.0295839645058987,-0.1201393283610761,0.0229787948493578,-0.0008643898305902
AMZN,2026-08-22,2026-08-17,End of Week,aligned,2026-08-24,2-4_day,1,1,call,-1,255.0,4.35,4.05,4.3,7505.0,181.0,0.21289849609375,0.8206113581716923,0.064241460967549,-0.2879635193585444,0.0501282969098157,0.0114056838517409
AMZN,2026-08-22,2026-08-17,End of Week,aligned,2026-08-24,2-4_day,1,1,put,-1,255.0,0.57,0.5,0.56,5442.0,666.0,0.1970295141601562,-0.1609922862297926,0.064764720749424,-0.2261104216961087,0.0467697158084862,-0.0022991578646383
AMZN,2026-08-22,2026-08-17,End of Week,aligned,2026-08-24,2-4_day,1,1,call,0,257.5,2.36,2.34,2.55,4274.0,237.0,0.2070391796874999,0.6204416252479508,0.0960266988598571,-0.3932482601118429,0.0728684421287065,0.0086699179841729
AMZN,2026-08-22,2026-08-17,End of Week,aligned,2026-08-24,2-4_day,1,1,put,0,257.5,1.26,1.22,1.3,8648.0,707.0,0.1938557177734375,-0.3720285726039787,0.1019148958574017,-0.34105996874208,0.0724121141400271,-0.0053248464738721
AMZN,2026-08-22,2026-08-17,End of Week,aligned,2026-08-24,2-4_day,1,1,call,1,260.0,1.19,1.15,1.25,22331.0,601.0,0.1977619287109375,0.3670453730317731,0.0994634647181257,-0.3659907257131924,0.0720943481752468,0.0051497531038284
AMZN,2026-08-22,2026-08-17,End of Week,aligned,2026-08-24,2-4_day,1,1,put,1,260.0,2.54,2.32,2.59,5204.0,616.0,0.1944660632324218,-0.635212970389077,0.1009413257547637,-0.3328510987188713,0.0719461856621526,-0.0091246298462446
AMZN,2026-08-22,2026-08-17,End of Week,aligned,2026-08-24,2-4_day,1,1,call,2,262.5,0.51,0.5,0.55,13920.0,968.0,0.2002033105468749,0.1632738231057389,0.0643247842201711,-0.2405000363439698,0.0472002761932264,0.0022958207465826
AMZN,2026-08-22,2026-08-17,End of Week,aligned,2026-08-24,2-4_day,1,1,put,2,262.5,4.25,4.25,4.5,2620.0,487.0,0.2119219433593749,-0.8227761359948091,0.0640456251636705,-0.2415016549239458,0.0497462495718388,-0.0118902382489917
AMZN,2026-08-22,2026-08-17,End of Week,weekly,2026-08-28,5-9_day,5,1,call,-2,252.5,8.47,7.75,8.05,179.0,79.0,0.3051827294921875,0.7415701377611901,0.031952623206909,-0.2913773414806969,0.1072216961341766,0.0302300682966302
AMZN,2026-08-22,2026-08-17,End of Week,weekly,2026-08-28,5-9_day,5,1,put,-2,252.5,1.6,1.55,1.62,2924.0,1548.0,0.2799144274902343,-0.2409278252649329,0.0335631332065059,-0.2344916881761914,0.1033008707215076,-0.0104636320502351
AMZN,2026-08-22,2026-08-17,End of Week,weekly,2026-08-28,5-9_day,5,1,call,-1,255.0,6.19,6.05,6.25,1066.0,772.0,0.2951730639648437,0.6585595719210675,0.0374958465217152,-0.3160411277724438,0.1216959396048594,0.027002317342927
AMZN,2026-08-22,2026-08-17,End of Week,weekly,2026-08-28,5-9_day,5,1,put,-1,255.0,2.27,2.24,2.38,3774.0,2574.0,0.2771068383789062,-0.3325879901248554,0.0395351798468062,-0.2692198473185195,0.1204611941388937,-0.0144776140958032
AMZN,2026-08-22,2026-08-17,End of Week,weekly,2026-08-28,5-9_day,5,1,call,0,257.5,4.59,4.55,4.7,2417.0,339.0,0.2883371948242186,0.5609694270763235,0.0412372455819117,-0.3284331619046076,0.1307394097903224,0.0231124627898108
AMZN,2026-08-22,2026-08-17,End of Week,weekly,2026-08-28,5-9_day,5,1,put,0,257.5,3.3,3.25,3.4,2325.0,805.0,0.2763744238281249,-0.4370307770574008,0.0429881520908671,-0.2890727164849733,0.130635986400795,-0.0190797773582881
AMZN,2026-08-22,2026-08-17,End of Week,weekly,2026-08-28,5-9_day,5,1,call,1,260.0,3.47,3.3,3.45,7784.0,2279.0,0.2861399511718749,0.4565851954860878,0.0417966643531811,-0.3252449243257925,0.1315032009690672,0.0188823638875313
AMZN,2026-08-22,2026-08-17,End of Week,weekly,2026-08-28,5-9_day,5,1,put,1,260.0,4.5,4.45,4.65,3153.0,5668.0,0.2741771801757812,-0.5459222116136877,0.0435893721154605,-0.285461035916411,0.1314099108727601,-0.0239120550138993
AMZN,2026-08-22,2026-08-17,End of Week,weekly,2026-08-28,5-9_day,5,1,call,2,262.5,2.35,2.33,2.41,8772.0,5283.0,0.2816233947753905,0.3533100279029336,0.0397986725393649,-0.298294198412794,0.1232405188178778,0.014661597236903
AMZN,2026-08-22,2026-08-17,End of Week,weekly,2026-08-28,5-9_day,5,1,put,2,262.5,6.18,5.75,6.15,813.0,379.0,0.2719799365234374,-0.6521026558742634,0.0409795159445583,-0.2600339894094785,0.1225518563748454,-0.0286734146448298
AMZN,2026-08-22,2026-08-17,End of Week,monthly,2026-09-18,20-45_day,20,1,call,-2,250.0,13.69,13.55,13.95,1172.0,15653.0,0.3197699859619139,0.6791269633195421,0.0159167007820953,-0.1655352049043045,0.2518369585124732,0.119395011711706
AMZN,2026-08-22,2026-08-17,End of Week,monthly,2026-09-18,20-45_day,20,1,put,-2,250.0,4.25,4.2,4.35,1988.0,12139.0,0.2822947747802734,-0.3028734446628525,0.0175849690259642,-0.1200375229739313,0.2456253366373812,-0.0608960462802623
AMZN,2026-08-22,2026-08-17,End of Week,monthly,2026-09-18,20-45_day,20,1,call,-1,255.0,10.61,10.4,10.7,799.0,8078.0,0.3089668713378906,0.5959519295413338,0.0178227134324032,-0.1704504127861273,0.27246734199377,0.1059277712415915
AMZN,2026-08-22,2026-08-17,End of Week,monthly,2026-09-18,20-45_day,20,1,put,-1,255.0,6.05,6.0,6.2,771.0,6857.0,0.2779002874755859,-0.3970026480589502,0.0197243001600191,-0.1285554015050753,0.2712185030843204,-0.0802127102680951
AMZN,2026-08-22,2026-08-17,End of Week,monthly,2026-09-18,20-45_day,20,1,call,0,260.0,7.8,7.75,7.95,3174.0,21658.0,0.3007882421875,0.5039378718538682,0.0188544424562633,-0.1687258785064875,0.280610078873123,0.0904011045847744
AMZN,2026-08-22,2026-08-17,End of Week,monthly,2026-09-18,20-45_day,20,1,put,0,260.0,8.3,8.3,8.55,2277.0,7134.0,0.2739330419921875,-0.4987327361432775,0.0207037538918943,-0.1284282601176239,0.2806223340727547,-0.1013540307635265
AMZN,2026-08-22,2026-08-17,End of Week,monthly,2026-09-18,20-45_day,20,1,call,1,265.0,5.65,5.6,5.8,3611.0,9391.0,0.2977975494384764,0.4105907064794796,0.0185644057032672,-0.161046231109712,0.273546326044542,0.0741716871791496
AMZN,2026-08-22,2026-08-17,End of Week,monthly,2026-09-18,20-45_day,20,1,put,1,265.0,10.91,11.2,11.45,119.0,2961.0,0.2717357983398437,-0.6006892924904448,0.0202029257940444,-0.1197975834947555,0.2716375722472841,-0.1229509079884183
AMZN,2026-08-22,2026-08-17,End of Week,monthly,2026-09-18,20-45_day,20,1,call,2,270.0,4.05,3.95,4.05,4797.0,23806.0,0.2932199584960936,0.3208962388019727,0.0173584249366883,-0.1447677348363057,0.251844551391559,0.0583386504123445
AMZN,2026-08-22,2026-08-17,End of Week,monthly,2026-09-18,20-45_day,20,1,put,2,270.0,14.7,14.35,14.95,194.0,6209.0,0.2746044219970703,-0.692153721744824,0.0182084914778304,-0.1061642796142495,0.2474059895374632,-0.1429928255358319
TLT,2026-08-22,2026-08-17,End of Week,weekly,2026-08-28,5-9_day,5,5,call,-2,81.0,1.14,1.18,1.23,236.0,990.0,0.12305564453125,0.8059012052282011,0.2123817417258447,-0.0362539972890934,0.0289223985626183,0.0106659739897711
TLT,2026-08-22,2026-08-17,End of Week,weekly,2026-08-28,5-9_day,5,5,put,-2,81.0,0.12,0.12,0.13,4480.0,6726.0,0.10743080078125,-0.1620073429295205,0.2170503103937847,-0.0217411417704682,0.0258050564347738,-0.0022010897959247
TLT,2026-08-22,2026-08-17,End of Week,weekly,2026-08-28,5-9_day,5,5,call,-1,81.5,0.83,0.81,0.82,1720.0,1673.0,0.1098721826171875,0.7011766552409406,0.3002797276853216,-0.0391943203043126,0.0365114729990187,0.0093224151001937
TLT,2026-08-22,2026-08-17,End of Week,weekly,2026-08-28,5-9_day,5,5,put,-1,81.5,0.24,0.23,0.25,1285.0,12066.0,0.1049894189453125,-0.2905793367907946,0.3102163413155032,-0.0290907924765414,0.0360434034111952,-0.0039525725168778
TLT,2026-08-22,2026-08-17,End of Week,weekly,2026-08-28,5-9_day,5,5,call,0,82.0,0.5,0.5,0.54,3649.0,3197.0,0.1135342553710937,0.5362749119715396,0.3326404418354367,-0.0439612318615707,0.0417943479272373,0.0071463294783957
TLT,2026-08-22,2026-08-17,End of Week,weekly,2026-08-28,5-9_day,5,5,put,0,82.0,0.44,0.42,0.43,4904.0,16281.0,0.1001066552734375,-0.459604721799596,0.3768819318948473,-0.0309601350857008,0.0417526319861504,-0.0062601094600549
TLT,2026-08-22,2026-08-17,End of Week,weekly,2026-08-28,5-9_day,5,5,call,1,82.5,0.28,0.28,0.32,65673.0,14162.0,0.1132901171875,0.3717205684575073,0.3172841017192584,-0.0406241950624199,0.0397791891503961,0.0049638059734663
TLT,2026-08-22,2026-08-17,End of Week,weekly,2026-08-28,5-9_day,5,5,put,1,82.5,0.73,0.7,0.72,1224.0,4783.0,0.1013273461914062,-0.6434013202152983,0.3498147202567247,-0.0276901753862299,0.0392265703059934,-0.0087857576313523
TLT,2026-08-22,2026-08-17,End of Week,weekly,2026-08-28,5-9_day,5,5,call,2,83.0,0.16,0.15,0.16,13333.0,20707.0,0.1088956298828125,0.2195069974287696,0.2581376829940356,-0.0300458321402334,0.0311083837629721,0.0029370998663352
TLT,2026-08-22,2026-08-17,End of Week,weekly,2026-08-28,5-9_day,5,5,put,2,83.0,1.07,1.06,1.11,698.0,2950.0,0.1088956298828125,-0.7804930025712303,0.2581376829940356,-0.0216145372005748,0.0311083837629721,-0.01069841741609
TLT,2026-08-22,2026-08-17,End of Week,monthly,2026-09-18,20-45_day,20,5,call,-2,80.0,2.3,2.27,2.32,338.0,3509.0,0.1081632153320312,0.8334996167052313,0.1034445327665804,-0.0178595673926868,0.0557205294070152,0.0487500638031233
TLT,2026-08-22,2026-08-17,End of Week,monthly,2026-09-18,20-45_day,20,5,put,-2,80.0,0.34,0.33,0.34,67329.0,66397.0,0.1191494335937499,-0.1889763671831562,0.1017195794474361,-0.0117129661572682,0.0603565824503399,-0.0116772355630538
TLT,2026-08-22,2026-08-17,End of Week,monthly,2026-09-18,20-45_day,20,5,call,-1,81.0,1.54,1.53,1.54,2865.0,8951.0,0.1023038989257812,0.7175012426843178,0.1480815638432454,-0.0201061392620089,0.075443404872145,0.0423067480128118
TLT,2026-08-22,2026-08-17,End of Week,monthly,2026-09-18,20-45_day,20,5,put,-1,81.0,0.61,0.59,0.6,67707.0,133796.0,0.1157314990234375,-0.3042868173937473,0.1354864935530436,-0.0141457768744684,0.0780864509333978,-0.018845586163763
TLT,2026-08-22,2026-08-17,End of Week,monthly,2026-09-18,20-45_day,20,5,call,0,82.0,0.94,0.93,0.94,1595.0,75341.0,0.1008390698242187,0.5540913107714583,0.1756509635703776,-0.0209871722043902,0.0882078974587118,0.0328607902212042
TLT,2026-08-22,2026-08-17,End of Week,monthly,2026-09-18,20-45_day,20,5,put,0,82.0,1.0,1.01,1.02,26016.0,129809.0,0.11524322265625,-0.4511808084787371,0.1539616462079262,-0.0150036891936174,0.0883600683658466,-0.0280445666665363
TLT,2026-08-22,2026-08-17,End of Week,monthly,2026-09-18,20-45_day,20,5,call,1,83.0,0.53,0.52,0.53,17606.0,76105.0,0.1018156225585937,0.3810362477959869,0.1677169841798798,-0.0191513188475951,0.0850392788068268,0.0226871300099942
TLT,2026-08-22,2026-08-17,End of Week,monthly,2026-09-18,20-45_day,20,5,put,1,83.0,1.61,1.62,1.64,30207.0,78096.0,0.1206142626953125,-0.5990382368660641,0.1436257392950792,-0.0141230743743713,0.0862698506796432,-0.0374516744181401
TLT,2026-08-22,2026-08-17,End of Week,monthly,2026-09-18,20-45_day,20,5,call,2,84.0,0.28,0.28,0.29,14429.0,55736.0,0.1054776953125,0.2392436667244825,0.1318440014492586,-0.0154895056621322,0.069254677307676,0.0142791010058321
TLT,2026-08-22,2026-08-17,End of Week,monthly,2026-09-18,20-45_day,20,5,put,2,84.0,2.41,2.38,2.43,157.0,13426.0,0.1323328955078125,-0.7116958639068461,0.1155932670619143,-0.0125047917315539,0.0761778053240973,-0.044855013244036
INTC,2026-08-22,2026-08-17,End of Week,weekly,2026-08-28,5-9_day,5,5,call,-2,88.0,4.04,3.95,4.2,209.0,391.0,0.594730615234375,0.637220618961114,0.0546162209571399,-0.2201213741877812,0.0433172273762355,0.0087935796241093
INTC,2026-08-22,2026-08-17,End of Week,weekly,2026-08-28,5-9_day,5,5,put,-2,88.0,1.96,1.91,1.97,1499.0,1870.0,0.5810588769531251,-0.3603492042319726,0.0557729775635017,-0.2057938181796326,0.0432178024239611,-0.0056176489893136
INTC,2026-08-22,2026-08-17,End of Week,weekly,2026-08-28,5-9_day,5,5,call,-1,89.0,3.5,3.4,3.6,72.0,232.0,0.5932657861328126,0.5804968320991813,0.0570411753106192,-0.2280904071771682,0.0451290796782998,0.0080499989531219
INTC,2026-08-22,2026-08-17,End of Week,weekly,2026-08-28,5-9_day,5,5,put,-1,89.0,2.36,2.33,2.44,1016.0,908.0,0.5839885351562499,-0.4187105791228354,0.0579233359688486,-0.2154812360204154,0.0451103914522851,-0.0065526023867379
INTC,2026-08-22,2026-08-17,End of Week,weekly,2026-08-28,5-9_day,5,5,call,0,90.0,2.96,2.95,3.05,4042.0,3198.0,0.5961954443359375,0.5224761548871223,0.0578524926544799,-0.233024632411486,0.0459969926181419,0.0072743723953967
INTC,2026-08-22,2026-08-17,End of Week,weekly,2026-08-28,5-9_day,5,5,put,0,90.0,2.88,2.83,2.91,3165.0,4916.0,0.5839885351562499,-0.4776844313124889,0.0590631006407169,-0.2192125611920335,0.0459980342244334,-0.0075042759841593
INTC,2026-08-22,2026-08-17,End of Week,weekly,2026-08-28,5-9_day,5,5,call,1,91.0,2.54,2.5,2.61,3194.0,1092.0,0.5993692407226563,0.4652107225077917,0.057418357403877,-0.2332522851499512,0.0458948467660295,0.0065001988382355
INTC,2026-08-22,2026-08-17,End of Week,weekly,2026-08-28,5-9_day,5,5,put,1,91.0,3.43,3.35,3.5,603.0,1452.0,0.5874064697265625,-0.5361115477163064,0.0585703612581226,-0.2193600557671453,0.0458812600730979,-0.0084601389168835
INTC,2026-08-22,2026-08-17,End of Week,weekly,2026-08-28,5-9_day,5,5,call,2,92.0,2.14,2.11,2.18,4595.0,996.0,0.5991251025390626,0.4091783435639753,0.0561603924201264,-0.2275759363745204,0.0448710630439672,0.0057376295594526
INTC,2026-08-22,2026-08-17,End of Week,weekly,2026-08-28,5-9_day,5,5,put,2,92.0,4.0,3.95,4.15,452.0,833.0,0.5939982006835938,-0.5918480703851521,0.056610560234617,-0.2161707436828907,0.0448436847385488,-0.0093878544152434
INTC,2026-08-22,2026-08-17,End of Week,monthly,2026-09-18,20-45_day,20,5,call,-2,85.0,8.76,8.65,8.85,109.0,2859.0,0.6076699389648439,0.6735681256428923,0.0242212150838619,-0.1046689467797563,0.0883272890180392,0.0383745674564541
INTC,2026-08-22,2026-08-17,End of Week,monthly,2026-09-18,20-45_day,20,5,put,-2,85.0,3.45,3.35,3.55,1078.0,21453.0,0.5824016369628906,-0.3219400876949593,0.0251285131686765,-0.091442335222797,0.0878254940983118,-0.0238659095877748
INTC,2026-08-22,2026-08-17,End of Week,monthly,2026-09-18,20-45_day,20,5,call,-1,87.5,7.29,7.2,7.45,101.0,806.0,0.6074258007812501,0.6081267232726412,0.0258194079901053,-0.1106898147638274,0.0941175768497138,0.0350816099753831
INTC,2026-08-22,2026-08-17,End of Week,monthly,2026-09-18,20-45_day,20,5,put,-1,87.5,4.49,4.45,4.55,369.0,4702.0,0.5810588769531251,-0.3899078008203804,0.0269527766952117,-0.0971245034407131,0.0939842057919619,-0.0291526305738814
INTC,2026-08-22,2026-08-17,End of Week,monthly,2026-09-18,20-45_day,20,5,call,0,90.0,6.05,6.0,6.15,2807.0,6235.0,0.6077920080566408,0.5413987895780855,0.0266497222390176,-0.1137440426522795,0.0972028266398396,0.0315725312120398
INTC,2026-08-22,2026-08-17,End of Week,monthly,2026-09-18,20-45_day,20,5,put,0,90.0,5.73,5.65,5.8,2836.0,29382.0,0.5795940478515625,-0.4597116406225544,0.0279542848218035,-0.0995930298546777,0.0972307251818229,-0.0346915557369552
INTC,2026-08-22,2026-08-17,End of Week,monthly,2026-09-18,20-45_day,20,5,call,1,92.5,4.9,4.9,5.05,1771.0,3844.0,0.6068154553222658,0.475220401363963,0.0267854517885173,-0.1134554368265483,0.0975409164661968,0.0279865259703198
INTC,2026-08-22,2026-08-17,End of Week,monthly,2026-09-18,20-45_day,20,5,put,1,92.5,7.2,7.1,7.25,1704.0,7185.0,0.5837443969726561,-0.5283045177772882,0.0278276688936162,-0.0998402398857052,0.0974834239267613,-0.0403190423977797
INTC,2026-08-22,2026-08-17,End of Week,monthly,2026-09-18,20-45_day,20,5,call,2,95.0,4.05,4.0,4.15,2066.0,11828.0,0.6103554589843752,0.4123589419649716,0.0260351276474386,-0.1111487984113678,0.0953616521804577,0.0244723199104595
INTC,2026-08-22,2026-08-17,End of Week,monthly,2026-09-18,20-45_day,20,5,put,2,95.0,8.73,8.65,8.85,196.0,25884.0,0.5839885351562499,-0.5943750963601537,0.0271022760044025,-0.0964160913158162,0.0949819993463075,-0.0458720932469492
IWM,2026-08-22,2026-08-17,End of Week,aligned,2026-08-24,2-4_day,1,1,call,-2,298.0,2.31,2.29,2.39,1888.0,1371.0,0.1066983862304687,0.8050241735918472,0.116366604461,-0.1875985447098729,0.0612138942884016,0.013106712169007
IWM,2026-08-22,2026-08-17,End of Week,aligned,2026-08-24,2-4_day,1,1,put,-2,298.0,0.39,0.38,0.4,11504.0,1221.0,0.1032804516601562,-0.1872976241787769,0.1172921515202834,-0.1484741966149785,0.0597242737686656,-0.0030914030046483
IWM,2026-08-22,2026-08-17,End of Week,aligned,2026-08-24,2-4_day,1,1,call,-1,299.0,1.58,1.56,1.62,3417.0,579.0,0.0990080334472656,0.6803880772509898,0.1625877196273712,-0.2170352089435563,0.0793637116676738,0.0111019316708888
IWM,2026-08-22,2026-08-17,End of Week,aligned,2026-08-24,2-4_day,1,1,put,-1,299.0,0.64,0.62,0.65,8612.0,815.0,0.0980314807128906,-0.3179705224542039,0.1638521240913364,-0.1843423662042849,0.0791920224768673,-0.0052508971951253
IWM,2026-08-22,2026-08-17,End of Week,aligned,2026-08-24,2-4_day,1,1,call,0,300.0,0.96,0.96,0.99,9533.0,3623.0,0.0930266479492187,0.505423994444248,0.1931215121972143,-0.2213165428534859,0.0885730953049833,0.0082615034114167
IWM,2026-08-22,2026-08-17,End of Week,aligned,2026-08-24,2-4_day,1,1,put,0,300.0,1.03,0.99,1.03,6605.0,2879.0,0.0930266479492187,-0.494576005555752,0.1931215121972143,-0.190829590106701,0.0885730953049833,-0.0081735113774306
IWM,2026-08-22,2026-08-17,End of Week,aligned,2026-08-24,2-4_day,1,1,call,1,301.0,0.52,0.51,0.53,5023.0,1811.0,0.0885100915527343,0.3106630378731486,0.1796799745980236,-0.1829279241139132,0.0784072575508891,0.0050846821623882
IWM,2026-08-22,2026-08-17,End of Week,aligned,2026-08-24,2-4_day,1,1,put,1,301.0,1.57,1.52,1.62,1337.0,477.0,0.0935149243164062,-0.6798124279720383,0.1722679354733048,-0.1648120179124927,0.0794235275373176,-0.0112507337130853
IWM,2026-08-22,2026-08-17,End of Week,aligned,2026-08-24,2-4_day,1,1,call,2,302.0,0.26,0.25,0.26,3956.0,1401.0,0.0874114697265625,0.1555637250436334,0.1230670941151316,-0.120626780135979,0.0530364155668384,0.0025482502664274
IWM,2026-08-22,2026-08-17,End of Week,aligned,2026-08-24,2-4_day,1,1,put,2,302.0,2.35,2.25,2.35,356.0,1823.0,0.0940032006835937,-0.8267408676932746,0.1227176169047558,-0.1082309573373115,0.0568739445582979,-0.0137074733157794
IWM,2026-08-22,2026-08-17,End of Week,weekly,2026-08-28,5-9_day,5,1,call,-2,298.0,3.87,3.74,3.83,161.0,762.0,0.1657798266601562,0.6359850653287276,0.0589015355725554,-0.2185330287245743,0.1444253236020306,0.030743373469164
IWM,2026-08-22,2026-08-17,End of Week,weekly,2026-08-28,5-9_day,5,1,put,-2,298.0,1.65,1.65,1.69,1958.0,2395.0,0.1544274011230469,-0.3550199948536184,0.0626866976808741,-0.1732877657998419,0.1431808069345188,-0.0177426953649709
IWM,2026-08-22,2026-08-17,End of Week,weekly,2026-08-28,5-9_day,5,1,call,-1,299.0,3.14,3.09,3.17,629.0,1113.0,0.1608970629882812,0.5774083317624681,0.0632542496897455,-0.2191237626326604,0.1505299357240137,0.0279653227058603
IWM,2026-08-22,2026-08-17,End of Week,weekly,2026-08-28,5-9_day,5,1,put,-1,299.0,1.98,2.0,2.04,4735.0,10297.0,0.1505211901855469,-0.417867490746249,0.0674502688262387,-0.1754362451031,0.1501641906263839,-0.0208968095420168
IWM,2026-08-22,2026-08-17,End of Week,weekly,2026-08-28,5-9_day,5,1,call,0,300.0,2.55,2.52,2.57,1943.0,1254.0,0.1562584375,0.5134820902584193,0.0663477149749655,-0.215076444299728,0.1533396609380929,0.0249131734770072
IWM,2026-08-22,2026-08-17,End of Week,weekly,2026-08-28,5-9_day,5,1,put,0,300.0,2.45,2.4,2.45,6054.0,12623.0,0.1466149792480468,-0.4861406684574688,0.0707093786097737,-0.1722996355528807,0.1533346884035174,-0.0243289201264186
IWM,2026-08-22,2026-08-17,End of Week,weekly,2026-08-28,5-9_day,5,1,call,1,301.0,2.0,1.99,2.04,1941.0,1453.0,0.1521080883789062,0.4457313673883889,0.0675650407138562,-0.206070650477544,0.1520055349808101,0.021660467544955
IWM,2026-08-22,2026-08-17,End of Week,weekly,2026-08-28,5-9_day,5,1,put,1,301.0,2.91,2.87,2.93,135.0,1068.0,0.1430749755859375,-0.5581432481027261,0.0717312561936971,-0.1636968193013701,0.151794895667533,-0.0279573133990307
IWM,2026-08-22,2026-08-17,End of Week,weekly,2026-08-28,5-9_day,5,1,call,2,302.0,1.57,1.53,1.58,1157.0,2001.0,0.1483239465332031,0.3764428171811956,0.0665552263878467,-0.191799049107765,0.1460086174028217,0.0183195622360113
IWM,2026-08-22,2026-08-17,End of Week,weekly,2026-08-28,5-9_day,5,1,put,2,302.0,3.31,3.39,3.5,1891.0,1983.0,0.1407556628417968,-0.6303428713132163,0.0697279489740203,-0.1507258739193936,0.1451636294436457,-0.0316104850190999
IWM,2026-08-22,2026-08-17,End of Week,monthly,2026-09-18,20-45_day,20,1,call,-2,298.0,6.97,6.8,6.98,95.0,2285.0,0.1800619104003906,0.5848773030797152,0.0265404919527354,-0.1231489251349032,0.3180741586118139,0.1243582052470334
IWM,2026-08-22,2026-08-17,End of Week,monthly,2026-09-18,20-45_day,20,1,put,-2,298.0,4.76,4.81,4.87,369.0,6939.0,0.1755453540039062,-0.4134580242732788,0.0271981770106988,-0.0902514615720597,0.3177801023780691,-0.0950004211046349
IWM,2026-08-22,2026-08-17,End of Week,monthly,2026-09-18,20-45_day,20,1,call,-1,299.0,6.39,6.2,6.3,135.0,940.0,0.1754843194580078,0.5590364992711703,0.0275602181514771,-0.1209783919018979,0.3218981876311488,0.119140797101205
IWM,2026-08-22,2026-08-17,End of Week,monthly,2026-09-18,20-45_day,20,1,put,-1,299.0,5.13,5.21,5.28,339.0,1707.0,0.1737143176269531,-0.4405573233712061,0.0278367618598488,-0.089617351526925,0.3218487995725956,-0.1012988503366989
IWM,2026-08-22,2026-08-17,End of Week,monthly,2026-09-18,20-45_day,20,1,call,0,300.0,5.67,5.62,5.76,889.0,27204.0,0.1743856976318359,0.5313903514462953,0.0279545975625575,-0.1203649788397282,0.3244603799283133,0.1134210078063396
IWM,2026-08-22,2026-08-17,End of Week,monthly,2026-09-18,20-45_day,20,1,put,0,300.0,5.63,5.63,5.71,784.0,22903.0,0.1717001776123047,-0.4684124569068383,0.0283907162184554,-0.0883526234557609,0.3244476687129012,-0.1077803988620289
IWM,2026-08-22,2026-08-17,End of Week,monthly,2026-09-18,20-45_day,20,1,call,1,301.0,5.31,5.09,5.18,92.0,1536.0,0.1712119012451172,0.5031477517910622,0.0285603690147911,-0.1179743280308556,0.3254582832342065,0.107598458302838
IWM,2026-08-22,2026-08-17,End of Week,monthly,2026-09-18,20-45_day,20,1,put,1,301.0,6.0,6.09,6.17,349.0,2754.0,0.1697470721435547,-0.4969847060264161,0.0288069040527012,-0.0865815983246727,0.3254591179449996,-0.1144429810101243
IWM,2026-08-22,2026-08-17,End of Week,monthly,2026-09-18,20-45_day,20,1,call,2,302.0,4.73,4.57,4.65,5135.0,3177.0,0.1687094848632813,0.4741022796736139,0.0289238046796749,-0.1154253296491027,0.3247823981661203,0.1015607391612329
IWM,2026-08-22,2026-08-17,End of Week,monthly,2026-09-18,20-45_day,20,1,put,2,302.0,6.63,6.58,6.66,13.0,4645.0,0.1678550012207031,-0.5261221208576934,0.0290699752441817,-0.084291356279499,0.3247704538949956,-0.1212535370829407
MU,2026-08-22,2026-08-17,End of Week,weekly,2026-08-28,5-9_day,5,5,call,-2,955.0,39.5,37.25,40.0,120.0,288.0,0.6103859762573244,0.5806581170866031,0.0051647494571904,-2.5170597882086705,0.4843591773848114,0.086268533315366
MU,2026-08-22,2026-08-17,End of Week,weekly,2026-08-28,5-9_day,5,5,put,-2,955.0,25.57,25.75,27.25,159.0,243.0,0.6038552798461917,-0.4188105819029164,0.0052191563679492,-2.3930965363107704,0.4842246610431,-0.0704856306137437
MU,2026-08-22,2026-08-17,End of Week,weekly,2026-08-28,5-9_day,5,5,call,-1,960.0,36.68,34.75,37.6,840.0,468.0,0.6140480490112306,0.5542881085922389,0.0051928375501808,-2.557934113568225,0.489915093552282,0.0824890321875956
MU,2026-08-22,2026-08-17,End of Week,weekly,2026-08-28,5-9_day,5,5,put,-1,960.0,29.0,28.05,29.6,457.0,282.0,0.6033059689331056,-0.4453004905185712,0.0052845440774594,-2.4163022483226224,0.4898452194057248,-0.0750710898225221
MU,2026-08-22,2026-08-17,End of Week,weekly,2026-08-28,5-9_day,5,5,call,0,965.0,32.75,32.1,33.9,626.0,365.0,0.6017495880126955,0.5280492833403684,0.005335341076567,-2.522329709049792,0.4932779663951309,0.0788376276525114
MU,2026-08-22,2026-08-17,End of Week,weekly,2026-08-28,5-9_day,5,5,put,0,965.0,31.25,30.0,31.8,607.0,279.0,0.5957682025146485,-0.4719762912676642,0.0053889311196243,-2.399754373453187,0.4932801960491519,-0.0796513593143535
MU,2026-08-22,2026-08-17,End of Week,weekly,2026-08-28,5-9_day,5,5,call,1,970.0,30.5,29.9,32.0,1338.0,1117.0,0.6082802844238282,0.5016671960293655,0.0052910963436227,-2.552971845397104,0.4944964032302587,0.0749893340563104
MU,2026-08-22,2026-08-17,End of Week,weekly,2026-08-28,5-9_day,5,5,put,1,970.0,33.9,33.05,34.4,471.0,395.0,0.5999795861816408,-0.4987372470215889,0.0053643184613667,-2.420243071717694,0.4944982441516182,-0.0843623075896119
MU,2026-08-22,2026-08-17,End of Week,weekly,2026-08-28,5-9_day,5,5,call,2,975.0,29.0,27.65,28.5,550.0,509.0,0.5970499279785157,0.4743415840667095,0.0053795143222889,-2.499228276263758,0.4934776019338171,0.0711135633935238
MU,2026-08-22,2026-08-17,End of Week,weekly,2026-08-28,5-9_day,5,5,put,2,975.0,35.4,33.2,37.15,79.0,186.0,0.5760845614624023,-0.5276801881970434,0.005573396097031,-2.313071408877957,0.4933099475140132,-0.0892139574829017
MU,2026-08-22,2026-08-17,End of Week,monthly,2026-09-18,20-45_day,20,5,call,-2,950.0,75.85,73.95,75.75,469.0,1614.0,0.6251563363647462,0.5808747044566327,0.00237689412625,-1.238835511280196,1.0273648807461278,0.3599394994560653
MU,2026-08-22,2026-08-17,End of Week,monthly,2026-09-18,20-45_day,20,5,put,-2,950.0,55.5,54.85,56.9,153.0,1753.0,0.6043130389404299,-0.4186275951754495,0.0024582339647863,-1.1028502041705557,1.0270969055767245,-0.3389345254002082
MU,2026-08-22,2026-08-17,End of Week,monthly,2026-09-18,20-45_day,20,5,call,-1,960.0,70.46,68.9,71.4,233.0,940.0,0.6273840972900393,0.5567147741001129,0.0023938393776421,-1.2539776645662295,1.0383762679881423,0.3461884240229447
MU,2026-08-22,2026-08-17,End of Week,monthly,2026-09-18,20-45_day,20,5,put,-1,960.0,61.0,59.75,61.95,100.0,1324.0,0.6036721762084963,-0.4436694075079628,0.0024882121807402,-1.1114439728130203,1.0385198742002122,-0.360455618600798
MU,2026-08-22,2026-08-17,End of Week,monthly,2026-09-18,20-45_day,20,5,call,0,970.0,65.28,64.1,66.1,279.0,926.0,0.624072973175049,0.5324564421938507,0.0024230988309062,-1.2540023074323017,1.04552096059843,0.332612821592777
MU,2026-08-22,2026-08-17,End of Week,monthly,2026-09-18,20-45_day,20,5,put,0,970.0,68.79,64.95,67.3,81.0,739.0,0.6035501071166994,-0.4686996686505758,0.0025060756094555,-1.1163189550375012,1.0457641317105617,-0.3821943086370619
MU,2026-08-22,2026-08-17,End of Week,monthly,2026-09-18,20-45_day,20,5,call,1,980.0,61.1,59.6,61.6,343.0,1033.0,0.6237220245361328,0.5083516103889332,0.0024319838527996,-1.2551633511724336,1.0487645715693,0.3187418807137408
MU,2026-08-22,2026-08-17,End of Week,monthly,2026-09-18,20-45_day,20,5,put,1,980.0,73.49,70.5,72.95,139.0,708.0,0.6041757112121584,-0.4935330104153954,0.0025108838161345,-1.1179895421601107,1.0488566122003826,-0.404034185458598
MU,2026-08-22,2026-08-17,End of Week,monthly,2026-09-18,20-45_day,20,5,call,2,990.0,57.9,55.4,57.6,290.0,1838.0,0.6249274568176271,0.484641206577268,0.0024260253454732,-1.2549629153772544,1.0482169570010675,0.3048573711501407
MU,2026-08-22,2026-08-17,End of Week,monthly,2026-09-18,20-45_day,20,5,put,2,990.0,79.68,76.25,78.6,56.0,707.0,0.603489072570801,-0.5182694070563492,0.0025114343293558,-1.11257811023413,1.0478943001818903,-0.4258838209925047
MSTR,2026-08-22,2026-08-17,End of Week,weekly,2026-08-28,5-9_day,5,5,call,-2,116.0,7.15,6.9,7.15,639.0,4838.0,0.8068866967773438,0.6273030474399457,0.0306770380936355,-0.3959976968326574,0.0578630260682284,0.0111970032566319
MSTR,2026-08-22,2026-08-17,End of Week,weekly,2026-08-28,5-9_day,5,5,put,-2,116.0,3.75,3.55,3.75,495.0,21.0,0.78711150390625,-0.3705829882782024,0.0313902292136822,-0.3740216709384532,0.0577571703595203,-0.0077996321359373
MSTR,2026-08-22,2026-08-17,End of Week,weekly,2026-08-28,5-9_day,5,5,call,-1,117.0,6.45,6.35,6.65,941.0,20428.0,0.8125018749999999,0.5951421792756207,0.0311966278623888,-0.4077785051952892,0.0592525691197637,0.0106549475327556
MSTR,2026-08-22,2026-08-17,End of Week,weekly,2026-08-28,5-9_day,5,5,put,-1,117.0,4.1,4.05,4.2,871.0,3.0,0.7929708203125,-0.4035423328830991,0.0319386970484643,-0.3859549647479303,0.059203797264937,-0.0085214003576697
MSTR,2026-08-22,2026-08-17,End of Week,weekly,2026-08-28,5-9_day,5,5,call,0,120.0,5.07,5.05,5.1,21378.0,17092.0,0.8237322314453124,0.4996874123365298,0.0316764345531044,-0.4242778674617957,0.0609954603195064,0.0090217985378888
MSTR,2026-08-22,2026-08-17,End of Week,weekly,2026-08-28,5-9_day,5,5,put,0,120.0,5.7,5.7,5.8,1839.0,438.0,0.8125018749999999,-0.5008953016390509,0.0321141934859015,-0.4063786900743652,0.0609953254448681,-0.0106923648667001
MSTR,2026-08-22,2026-08-17,End of Week,weekly,2026-08-28,5-9_day,5,5,call,1,125.0,3.35,3.3,3.4,8118.0,2458.0,0.8566908862304687,0.3563379158381405,0.0284609283719882,-0.4109195020454074,0.0569965239856028,0.006495115838426
MSTR,2026-08-22,2026-08-17,End of Week,weekly,2026-08-28,5-9_day,5,5,put,1,125.0,9.0,8.95,9.15,3189.0,174.0,0.848634326171875,-0.6453508826876747,0.0286828964194932,-0.3937027335734611,0.0569008508283498,-0.0140658647139666
MSTR,2026-08-22,2026-08-17,End of Week,weekly,2026-08-28,5-9_day,5,5,call,2,130.0,2.25,2.19,2.25,29772.0,9671.0,0.8957529956054686,0.2454707497318716,0.0229776742463126,-0.361934249642183,0.0481137822917654,0.0045019587044344
MSTR,2026-08-22,2026-08-17,End of Week,weekly,2026-08-28,5-9_day,5,5,put,2,130.0,12.9,12.65,13.05,90.0,106.0,0.8735364208984374,-0.7609045560890739,0.0232284042471328,-0.3347946841475083,0.0474324495945646,-0.0169624008441944
MSTR,2026-08-22,2026-08-17,End of Week,monthly,2026-09-18,20-45_day,20,5,call,-2,110.0,15.02,14.9,15.4,1161.0,4321.0,0.7788108056640625,0.6914789820668397,0.0139375763406309,-0.1715212823388142,0.1141844338296988,0.0497765703474466
MSTR,2026-08-22,2026-08-17,End of Week,monthly,2026-09-18,20-45_day,20,5,put,-2,110.0,5.47,5.3,5.7,883.0,2924.0,0.7447535290527343,-0.3038220619849945,0.0144763588922463,-0.1522008419530197,0.1134121507203843,-0.0306690674991581
MSTR,2026-08-22,2026-08-17,End of Week,monthly,2026-09-18,20-45_day,20,5,call,-1,115.0,12.4,12.15,12.65,1040.0,7180.0,0.7846701220703125,0.6139432959491261,0.0150319705473715,-0.1864776741261246,0.1240768352188094,0.0449940506272014
MSTR,2026-08-22,2026-08-17,End of Week,monthly,2026-09-18,20-45_day,20,5,put,-1,115.0,7.69,7.5,7.85,564.0,3147.0,0.747194910888672,-0.3844978413767336,0.0157671316099187,-0.1660720129960871,0.1239293789003576,-0.0393600293264802
MSTR,2026-08-22,2026-08-17,End of Week,monthly,2026-09-18,20-45_day,20,5,call,0,120.0,9.85,9.85,10.05,4575.0,5579.0,0.782228740234375,0.5357789442893602,0.0156614214847047,-0.1921645868644615,0.1288702352254688,0.0399309315662843
MSTR,2026-08-22,2026-08-17,End of Week,monthly,2026-09-18,20-45_day,20,5,put,0,120.0,10.4,10.25,10.6,1200.0,2435.0,0.7614769946289064,-0.4655219586156792,0.0160928701700387,-0.1751122561782014,0.128907435894338,-0.0485098180175219
MSTR,2026-08-22,2026-08-17,End of Week,monthly,2026-09-18,20-45_day,20,5,call,1,125.0,8.07,7.95,8.15,11125.0,4379.0,0.7930928894042968,0.461069369373569,0.0154353947381075,-0.1939061912495113,0.1287743812198116,0.0347614173227006
MSTR,2026-08-22,2026-08-17,End of Week,monthly,2026-09-18,20-45_day,20,5,put,1,125.0,13.72,13.3,13.7,256.0,1452.0,0.7702659692382813,-0.5425805167768689,0.0158778730653961,-0.1756047917383701,0.128653235197458,-0.0575555434282931
MSTR,2026-08-22,2026-08-17,End of Week,monthly,2026-09-18,20-45_day,20,5,call,2,130.0,6.5,6.5,6.7,3076.0,10544.0,0.8127460131835937,0.3945324149536894,0.0146022645680664,-0.1920176243410823,0.1248425801579225,0.0299758466632064
MSTR,2026-08-22,2026-08-17,End of Week,monthly,2026-09-18,20-45_day,20,5,put,2,130.0,16.88,16.7,17.2,223.0,1470.0,0.7812521875,-0.6129622012294184,0.0151088984552291,-0.1705329840572359,0.1241685826731117,-0.0662960295236651
MSFT,2026-08-22,2026-08-17,End of Week,aligned,2026-08-24,2-4_day,1,1,call,-2,477.5,7.2,6.1,7.8,520.0,37.0,0.2497633618164062,0.7474711544269526,0.0357579753452433,-0.7495472522121428,0.1142784962261349,0.0193976910097506
MSFT,2026-08-22,2026-08-17,End of Week,aligned,2026-08-24,2-4_day,1,1,put,-2,477.5,0.92,0.83,1.0,1048.0,269.0,0.1754232849121093,-0.1730059960529057,0.0407810448743562,-0.3928965548823226,0.0915394825297445,-0.0046131337696764
MSFT,2026-08-22,2026-08-17,End of Week,aligned,2026-08-24,2-4_day,1,1,call,-1,480.0,4.97,4.8,5.4,681.0,135.0,0.2036212451171875,0.6798739647263279,0.0491052402672841,-0.6841934886494287,0.1279421940572725,0.0177357233892075
MSFT,2026-08-22,2026-08-17,End of Week,aligned,2026-08-24,2-4_day,1,1,put,-1,480.0,1.46,1.35,1.64,3334.0,481.0,0.1713950048828125,-0.2902657238673898,0.0558558747749508,-0.5105181226924219,0.122498249737373,-0.0077474824564057
MSFT,2026-08-22,2026-08-17,End of Week,aligned,2026-08-24,2-4_day,1,1,call,0,482.5,3.54,3.2,3.7,3051.0,352.0,0.1899495068359375,0.5519062009361181,0.0582161647068171,-0.6987168624584067,0.1414961508891369,0.0144413801447899
MSFT,2026-08-22,2026-08-17,End of Week,aligned,2026-08-24,2-4_day,1,1,put,0,482.5,2.41,2.22,2.6,1079.0,219.0,0.1691977612304687,-0.4424140705363319,0.065227066725114,-0.5754021044406213,0.141216461777198,-0.0118251347027393
MSFT,2026-08-22,2026-08-17,End of Week,aligned,2026-08-24,2-4_day,1,1,call,1,485.0,2.18,2.04,2.39,12461.0,457.0,0.1823812231445312,0.402269164290539,0.0593060842373079,-0.650617690395444,0.1384019595462181,0.0105497161742557
MSFT,2026-08-22,2026-08-17,End of Week,aligned,2026-08-24,2-4_day,1,1,put,1,485.0,3.72,3.4,3.9,786.0,307.0,0.1677329321289062,-0.6065053251868032,0.0641068149425676,-0.5468294484505305,0.1375895353431187,-0.0162414857539434
MSFT,2026-08-22,2026-08-17,End of Week,aligned,2026-08-24,2-4_day,1,1,call,2,487.5,1.29,1.11,1.43,2007.0,237.0,0.1770101831054687,0.258564344224995,0.0510812967584797,-0.5245903307690613,0.1156972483324246,0.0067927508552374
MSFT,2026-08-22,2026-08-17,End of Week,aligned,2026-08-24,2-4_day,1,1,put,2,487.5,5.3,4.95,5.55,88.0,236.0,0.1676108630371094,-0.7532710187279585,0.0526307198622296,-0.4354729067997334,0.1128767086497947,-0.0202216477919572
MSFT,2026-08-22,2026-08-17,End of Week,weekly,2026-08-28,5-9_day,5,1,call,-2,477.5,10.22,10.15,10.95,152.0,101.0,0.2917551293945311,0.6384989636791192,0.0207261357340271,-0.594649049649917,0.2321244874886376,0.0489808091338806
MSFT,2026-08-22,2026-08-17,End of Week,weekly,2026-08-28,5-9_day,5,1,put,-2,477.5,4.35,3.95,4.4,336.0,201.0,0.25977302734375,-0.3468884250544647,0.0229382481101622,-0.4777402844758354,0.2287380535787713,-0.0281825133190367
MSFT,2026-08-22,2026-08-17,End of Week,weekly,2026-08-28,5-9_day,5,1,call,-1,480.0,8.8,8.55,9.0,505.0,1096.0,0.2730785583496093,0.5898143531037836,0.0229791718901708,-0.5762591471288735,0.2408829687101707,0.0454329352352394
MSFT,2026-08-22,2026-08-17,End of Week,weekly,2026-08-28,5-9_day,5,1,put,-1,480.0,4.95,4.85,5.35,786.0,1153.0,0.2573926800537109,-0.4056175923583068,0.0243128286001831,-0.4948612541290207,0.2402236713459664,-0.0329981679167391
MSFT,2026-08-22,2026-08-17,End of Week,weekly,2026-08-28,5-9_day,5,1,call,0,482.5,7.35,7.2,7.6,1174.0,540.0,0.2707592456054687,0.5315116859355598,0.023707026122906,-0.581337485643496,0.2464021501978251,0.0410355517895326
MSFT,2026-08-22,2026-08-17,End of Week,weekly,2026-08-28,5-9_day,5,1,put,0,482.5,6.2,5.9,6.45,177.0,448.0,0.255439574584961,-0.4674070607349714,0.0251233305891141,-0.500844348273316,0.2463482690309347,-0.0380832239777678
MSFT,2026-08-22,2026-08-17,End of Week,weekly,2026-08-28,5-9_day,5,1,call,1,485.0,6.18,5.95,6.4,1897.0,1634.0,0.2708813146972656,0.472195283672738,0.0237127784375883,-0.579184017756573,0.2465730525447274,0.0365235776373284
MSFT,2026-08-22,2026-08-17,End of Week,weekly,2026-08-28,5-9_day,5,1,put,1,485.0,7.51,7.1,7.7,401.0,1123.0,0.2536695727539063,-0.5305955545617937,0.0253087060626319,-0.4941888129952404,0.246446377593092,-0.0433057913520076
MSFT,2026-08-22,2026-08-17,End of Week,weekly,2026-08-28,5-9_day,5,1,call,2,487.5,5.2,4.7,5.2,797.0,1081.0,0.2658154473876953,0.4119246295118045,0.0236307921603421,-0.5538681462791182,0.2411252082468673,0.031932242891369
MSFT,2026-08-22,2026-08-17,End of Week,weekly,2026-08-28,5-9_day,5,1,put,2,487.5,8.7,8.5,9.05,227.0,210.0,0.2501295690917968,-0.5943038829785887,0.0250200194421942,-0.4707056230225904,0.240235286047576,-0.0485885954170316
MSFT,2026-08-22,2026-08-17,End of Week,monthly,2026-09-18,20-45_day,20,1,call,-2,475.0,19.1,18.5,19.5,275.0,1942.0,0.2837901211547851,0.6167559062436118,0.010234433231202,-0.2919325751815478,0.5017157143996179,0.2056823054768942
MSFT,2026-08-22,2026-08-17,End of Week,monthly,2026-09-18,20-45_day,20,1,put,-2,475.0,9.29,9.05,9.8,1006.0,2640.0,0.2555006091308594,-0.3738275808865267,0.0112808668080415,-0.2162950515754648,0.4978872958480919,-0.1403123909690435
MSFT,2026-08-22,2026-08-17,End of Week,monthly,2026-09-18,20-45_day,20,1,call,-1,480.0,16.1,15.5,16.5,588.0,16507.0,0.2785716674804687,0.5646997310266084,0.0107525829012969,-0.2929419701916288,0.517423771097755,0.1893404454217016
MSFT,2026-08-22,2026-08-17,End of Week,monthly,2026-09-18,20-45_day,20,1,put,-1,480.0,11.4,11.1,11.65,2843.0,4224.0,0.2482374981689453,-0.4309142854021606,0.0120438812788323,-0.2151490685342776,0.5164526199482605,-0.1620270777173389
MSFT,2026-08-22,2026-08-17,End of Week,monthly,2026-09-18,20-45_day,20,1,call,0,485.0,13.52,13.2,13.8,393.0,1962.0,0.2741466629028321,0.510104100014275,0.0110685176649219,-0.289724086889321,0.5241662566794892,0.1718676107029311
MSFT,2026-08-22,2026-08-17,End of Week,monthly,2026-09-18,20-45_day,20,1,put,0,485.0,13.67,13.05,14.35,313.0,2084.0,0.2515638809204101,-0.491548616995423,0.0120632963429911,-0.2187039956605212,0.5242167772771187,-0.1856313899880773
MSFT,2026-08-22,2026-08-17,End of Week,monthly,2026-09-18,20-45_day,20,1,call,1,490.0,11.18,10.75,11.45,454.0,6808.0,0.271217004699707,0.454523839692275,0.0111188763829238,-0.2827670513206363,0.5209241007240042,0.1537834679455955
MSFT,2026-08-22,2026-08-17,End of Week,monthly,2026-09-18,20-45_day,20,1,put,1,490.0,16.5,15.55,16.8,209.0,2895.0,0.2445449081420898,-0.5534369445478952,0.0123008084432156,-0.2065293012032727,0.5196236549551353,-0.209508034499344
MSFT,2026-08-22,2026-08-17,End of Week,monthly,2026-09-18,20-45_day,20,1,call,2,495.0,9.2,8.7,9.35,421.0,4235.0,0.2678906219482422,0.3990108399051243,0.0109656271551132,-0.2703630160807967,0.5074434127890085,0.135535001679772
MSFT,2026-08-22,2026-08-17,End of Week,monthly,2026-09-18,20-45_day,20,1,put,2,495.0,18.3,18.85,19.8,23.0,1957.0,0.2422561126708984,-0.6142174555738826,0.0120125041435847,-0.1934500248859252,0.5026954195343016,-0.2333965576466206
GLD,2026-08-22,2026-08-17,End of Week,weekly,2026-08-28,5-9_day,5,5,call,-2,419.0,9.28,8.2,8.55,95.0,139.0,0.2631909619140625,0.633719550739921,0.0263416583702328,-0.4744332867038942,0.2042641190027918,0.0427429165361686
GLD,2026-08-22,2026-08-17,End of Week,weekly,2026-08-28,5-9_day,5,5,put,-2,419.0,3.62,3.55,3.7,32.0,93.0,0.241218525390625,-0.3557275112450766,0.0284543448067115,-0.3908718032728681,0.2022261198493178,-0.0252839624459021
GLD,2026-08-22,2026-08-17,End of Week,weekly,2026-08-28,5-9_day,5,5,call,-1,420.0,7.77,7.6,7.95,2725.0,12475.0,0.2628247546386719,0.606961702755804,0.0269531253800177,-0.4824690371799853,0.2087148740274093,0.0409817907632942
GLD,2026-08-22,2026-08-17,End of Week,weekly,2026-08-28,5-9_day,5,5,put,-1,420.0,4.04,3.9,4.1,1035.0,83.0,0.2413405944824218,-0.3848785799964578,0.0291768172288605,-0.4003217157583259,0.2074656943674759,-0.027375850424122
GLD,2026-08-22,2026-08-17,End of Week,weekly,2026-08-28,5-9_day,5,5,call,0,425.0,5.25,5.2,5.35,15723.0,59582.0,0.2617871673583984,0.4680234321795481,0.0279849567155517,-0.4905188191057315,0.2158494738177767,0.0317471151200819
GLD,2026-08-22,2026-08-17,End of Week,weekly,2026-08-28,5-9_day,5,5,put,0,425.0,6.5,6.4,6.6,1497.0,6.0,0.245124736328125,-0.5350229629288115,0.0298679941242312,-0.416996532520421,0.2157104563615041,-0.0382262103398705
GLD,2026-08-22,2026-08-17,End of Week,weekly,2026-08-28,5-9_day,5,5,call,1,430.0,3.45,3.3,3.5,8141.0,6405.0,0.2659375164794921,0.3366995590085135,0.0252880227001194,-0.4532749274258731,0.1981401476331012,0.0229122978058923
GLD,2026-08-22,2026-08-17,End of Week,weekly,2026-08-28,5-9_day,5,5,put,1,430.0,9.61,9.55,9.9,85.0,23.0,0.2547681945800781,-0.6705489347306339,0.0261705322101501,-0.3872588608040735,0.1964426413520425,-0.048197759333435
GLD,2026-08-22,2026-08-17,End of Week,weekly,2026-08-28,5-9_day,5,5,call,2,435.0,2.15,2.13,2.26,2752.0,3175.0,0.2735668347167969,0.230143251613077,0.0204559382601824,-0.3855796138161732,0.1648772938160765,0.0156953404316824
GLD,2026-08-22,2026-08-17,End of Week,weekly,2026-08-28,5-9_day,5,5,put,2,435.0,13.92,13.3,13.7,114.0,115.0,0.2625806164550781,-0.7795595046943341,0.0207981869043717,-0.3172025340891969,0.1609037408665089,-0.0564137376403254
GLD,2026-08-22,2026-08-17,End of Week,monthly,2026-09-18,20-45_day,20,5,call,-2,415.0,17.08,16.9,17.35,5430.0,72463.0,0.2750011465454102,0.6333519844483881,0.0118882532604019,-0.2461858508532816,0.4334540524822589,0.1851751740177766
GLD,2026-08-22,2026-08-17,End of Week,monthly,2026-09-18,20-45_day,20,5,put,-2,415.0,7.31,7.3,7.55,2212.0,4200.0,0.2427443890380859,-0.3532103006364141,0.013295573595541,-0.1764518153691335,0.4279044402965215,-0.115733443919589
GLD,2026-08-22,2026-08-17,End of Week,monthly,2026-09-18,20-45_day,20,5,call,-1,420.0,14.1,14.1,14.45,5019.0,136185.0,0.2725902819824218,0.572036794235165,0.0125024816785434,-0.2512016411606819,0.4518529378939061,0.1681693577274873
GLD,2026-08-22,2026-08-17,End of Week,monthly,2026-09-18,20-45_day,20,5,put,-1,420.0,9.59,9.45,9.7,1518.0,8358.0,0.242622319946289,-0.422565726286191,0.0140103414770718,-0.183395620239718,0.4506817648769446,-0.1389733196287911
GLD,2026-08-22,2026-08-17,End of Week,monthly,2026-09-18,20-45_day,20,5,call,0,425.0,11.75,11.65,11.95,4704.0,54238.0,0.2721325228881835,0.5087157057819566,0.0127286018272447,-0.2520839444789338,0.459252642438433,0.1502392139375361
GLD,2026-08-22,2026-08-17,End of Week,monthly,2026-09-18,20-45_day,20,5,put,0,425.0,12.15,12.0,12.25,269.0,341.0,0.2435378381347656,-0.493545239561227,0.0142246474588315,-0.1847433650267726,0.459302144232382,-0.1630193263906413
GLD,2026-08-22,2026-08-17,End of Week,monthly,2026-09-18,20-45_day,20,5,call,1,430.0,9.7,9.55,9.8,9250.0,16977.0,0.2725597647094726,0.445971662963934,0.0125949318123343,-0.2478980987015872,0.455143223397486,0.1322269989170647
GLD,2026-08-22,2026-08-17,End of Week,monthly,2026-09-18,20-45_day,20,5,put,1,430.0,14.7,14.9,15.15,71.0,1062.0,0.244575425415039,-0.5633371829568488,0.0139872444740113,-0.1797361720381007,0.4535607846828399,-0.1869580703796833
GLD,2026-08-22,2026-08-17,End of Week,monthly,2026-09-18,20-45_day,20,5,call,2,435.0,7.84,7.75,8.0,3090.0,7285.0,0.2741771801757812,0.3860466491827576,0.0121176108464087,-0.2394328976694044,0.4404928073259859,0.1148340815837521
GLD,2026-08-22,2026-08-17,End of Week,monthly,2026-09-18,20-45_day,20,5,put,2,435.0,18.13,18.1,18.4,129.0,51.0,0.2461623236083984,-0.6295469001366807,0.0133260713735507,-0.16940199599981,0.4349248600210537,-0.2100409182977644
VIX,2026-08-22,2026-08-17,End of Week,weekly,2026-08-26,5-9_day,3,5,call,-2,14.0,2.15,0.0,0.0,47.0,156.0,1.0000000000000004e-05,1.0,0.0,-0.0014224352685667,0.0,0.0015336229153002
VIX,2026-08-22,2026-08-17,End of Week,weekly,2026-08-26,5-9_day,3,5,put,-2,14.0,0.02,0.0,0.04,3.0,268.0,0.5117236328125,-0.0689881096097582,0.1638115179968433,-0.013342833912669,0.0021029303973314,-0.0001171491829026
VIX,2026-08-22,2026-08-17,End of Week,weekly,2026-08-26,5-9_day,3,5,call,-1,14.5,1.55,0.0,0.0,17.0,365.0,1.0000000000000004e-05,1.0,0.0,-0.0014732365281584,0.0,0.0015883951622752
VIX,2026-08-22,2026-08-17,End of Week,weekly,2026-08-26,5-9_day,3,5,put,-1,14.5,0.03,0.0,0.0,986.0,17025.0,0.12500875,-0.0005052448385732,0.0090628805403231,-4.363248404966978e-05,2.8421805137043486e-05,-8.406416214345501e-07
VIX,2026-08-22,2026-08-17,End of Week,weekly,2026-08-26,5-9_day,3,5,call,0,15.0,1.16,0.95,2.75,226.0,3377.0,2.5468786328125,0.5663938086189975,0.097523383372893,-0.1990736210589131,0.0062310609473089,0.0007565188366894
VIX,2026-08-22,2026-08-17,End of Week,weekly,2026-08-26,5-9_day,3,5,put,0,15.0,0.06,0.02,0.09,1654.0,28823.0,0.2070391796874999,-0.3344199749888824,1.1102104866679174,-0.0144015689731201,0.0057663746133047,-0.0005625330381489
VIX,2026-08-22,2026-08-17,End of Week,weekly,2026-08-26,5-9_day,3,5,call,1,16.0,0.6,0.01,1.01,1606.0,7909.0,1.2070352148437498,0.3534327954964603,0.1944271686190419,-0.0893285819067957,0.0058873774745669,0.0005392805559579
VIX,2026-08-22,2026-08-17,End of Week,weekly,2026-08-26,5-9_day,3,5,put,1,16.0,0.4,0.0,0.0,1074.0,8551.0,1.0000000000000004e-05,-1.0,0.0,0.0016256403069334,0.0,-0.0017527119032002
VIX,2026-08-22,2026-08-17,End of Week,weekly,2026-08-26,5-9_day,3,5,call,2,17.0,0.3,0.3,0.38,2296.0,2439.0,1.3515657421874998,0.2266242071591119,0.1406700593663937,-0.0809025363438614,0.004769620612112,0.0003469957504332
VIX,2026-08-22,2026-08-17,End of Week,weekly,2026-08-26,5-9_day,3,5,put,2,17.0,1.15,0.94,1.32,30.0,1100.0,1.0000000000000004e-05,-1.0,0.0,0.0017272428261167,0.0,-0.0018622563971502
VIX,2026-08-22,2026-08-17,End of Week,monthly,2026-09-23,20-45_day,23,5,call,-2,14.0,4.15,0.0,0.0,1.0,1363.0,1.0000000000000004e-05,1.0,0.0,-0.0014183927340906,0.0,0.0122341151008639
VIX,2026-08-22,2026-08-17,End of Week,monthly,2026-09-23,20-45_day,23,5,put,-2,14.0,0.04,0.0,0.12,2.0,5.0,0.2812571874999999,-0.1555832311422618,0.1895863511256487,-0.0044528545671822,0.0107015250914099,-0.0021570609774707
VIX,2026-08-22,2026-08-17,End of Week,monthly,2026-09-23,20-45_day,23,5,call,-1,14.5,3.75,0.0,0.0,12.0,974.0,1.0000000000000004e-05,1.0,0.0,-0.0014690496174509,0.0,0.0126710477830376
VIX,2026-08-22,2026-08-17,End of Week,monthly,2026-09-23,20-45_day,23,5,put,-1,14.5,0.21,0.0,0.23,0.0,6.0,0.270515107421875,-0.2703865427837673,0.2730325066195224,-0.0058283803359289,0.01482316206255,-0.0037698902939605
VIX,2026-08-22,2026-08-17,End of Week,monthly,2026-09-23,20-45_day,23,5,call,0,15.0,3.38,0.0,0.0,83.0,423.0,1.0000000000000004e-05,1.0,0.0,-0.0015197065008113,0.0,0.0131079804652113
VIX,2026-08-22,2026-08-17,End of Week,monthly,2026-09-23,20-45_day,23,5,put,0,15.0,0.13,0.0,0.0,30.0,28.0,0.01563484375,-0.0051002735712852,0.2101253597003063,-8.252139167956178e-06,0.0006593363077677,-6.775270931897827e-05
VIX,2026-08-22,2026-08-17,End of Week,monthly,2026-09-23,20-45_day,23,5,call,1,16.0,2.8,2.5,3.15,76.0,422.0,1.7568371533203124,0.5631134512389521,0.0500530448468936,-0.0490267837811553,0.0176480605655824,0.0050185058011897
VIX,2026-08-22,2026-08-17,End of Week,monthly,2026-09-23,20-45_day,23,5,put,1,16.0,0.41,0.02,1.2,10.0,19.0,0.3632876171875,-0.6684872993583958,0.2229268518450586,-0.0080807919620921,0.0162535396289776,-0.0098787441967389
VIX,2026-08-22,2026-08-17,End of Week,monthly,2026-09-23,20-45_day,23,5,call,2,17.0,2.06,0.0,5.69,560.0,468.0,1.952148676757813,0.5370589253833871,0.0454203515857336,-0.05481946928138,0.0177950150167441,0.0046623358315865
VIX,2026-08-22,2026-08-17,End of Week,monthly,2026-09-23,20-45_day,23,5,put,2,17.0,0.79,0.45,2.29,13.0,79.0,0.5800823242187501,-0.7169005533550553,0.1302246617295499,-0.0124116650483834,0.0151606508718947,-0.0114684630016515
ETHA,2026-08-22,2026-08-17,End of Week,weekly,2026-08-28,5-9_day,5,5,call,-2,17.0,1.37,1.25,1.49,8477.0,17698.0,0.5507857421875001,0.8510430382074594,0.1801741138812905,-0.0263509385570696,0.0054272912388895,0.0023293529918018
ETHA,2026-08-22,2026-08-17,End of Week,weekly,2026-08-28,5-9_day,5,5,put,-2,17.0,0.14,0.13,0.14,7967.0,8905.0,0.5585981640625001,-0.1521269165098622,0.1801636441001173,-0.0253279300982556,0.0055039528465366,-0.000473670390969
ETHA,2026-08-22,2026-08-17,End of Week,weekly,2026-08-28,5-9_day,5,5,call,-1,17.5,0.98,0.97,1.01,22515.0,14570.0,0.5488326367187502,0.736444719847323,0.2544873362524595,-0.036203390495856,0.0076386066751526,0.0020497333633076
ETHA,2026-08-22,2026-08-17,End of Week,weekly,2026-08-28,5-9_day,5,5,put,-1,17.5,0.26,0.25,0.26,1842.0,941.0,0.5546919531250001,-0.2654968673099892,0.2527412780070486,-0.0349267405851453,0.0076671875329763,-0.0008317837842354
ETHA,2026-08-22,2026-08-17,End of Week,weekly,2026-08-28,5-9_day,5,5,call,0,18.0,0.69,0.67,0.7,67102.0,6140.0,0.5566450585937501,0.5908834946225598,0.2984755392998661,-0.0431788205449407,0.0090864689469805,0.0016646957509505
ETHA,2026-08-22,2026-08-17,End of Week,weekly,2026-08-28,5-9_day,5,5,put,0,18.0,0.44,0.44,0.46,2067.0,35.0,0.56055126953125,-0.4095448966317021,0.2964705300838714,-0.0416557017053517,0.0090887658157581,-0.0012942723836359
ETHA,2026-08-22,2026-08-17,End of Week,weekly,2026-08-28,5-9_day,5,5,call,1,18.5,0.48,0.46,0.48,6003.0,4658.0,0.5820354296875,0.4426779258087849,0.2900630414930039,-0.0455603887120394,0.0092331493683002,0.0012564229722192
ETHA,2026-08-22,2026-08-17,End of Week,weekly,2026-08-28,5-9_day,5,5,call,2,19.0,0.31,0.31,0.33,15560.0,24706.0,0.6113320117187502,0.3178036108767548,0.2494147343550246,-0.0430423056787694,0.0083388716034645,0.0009064356866636
ETHA,2026-08-22,2026-08-17,End of Week,monthly,2026-09-18,20-45_day,20,5,call,-2,16.0,2.54,2.52,2.6,22969.0,76668.0,0.5800823242187501,0.8229797064251594,0.090229313007638,-0.0151008831495153,0.0128812449757138,0.009195341905386
ETHA,2026-08-22,2026-08-17,End of Week,monthly,2026-09-18,20-45_day,20,5,put,-2,16.0,0.27,0.27,0.29,21177.0,52094.0,0.5498091894531252,-0.1661853886563178,0.0914319206793997,-0.0122621017759125,0.0123717288786175,-0.0024333593805561
ETHA,2026-08-22,2026-08-17,End of Week,monthly,2026-09-18,20-45_day,20,5,call,-1,17.0,1.82,1.78,1.93,1774.0,28568.0,0.5800823242187501,0.7062703263542104,0.1196595362773309,-0.019470454165404,0.0170827389579939,0.0081489262038503
ETHA,2026-08-22,2026-08-17,End of Week,monthly,2026-09-18,20-45_day,20,5,put,-1,17.0,0.53,0.52,0.54,766.0,4194.0,0.5312546875,-0.281465251184689,0.1280493804991377,-0.0158982639397106,0.0167417485004126,-0.0041653616869087
ETHA,2026-08-22,2026-08-17,End of Week,monthly,2026-09-18,20-45_day,20,5,call,0,18.0,1.23,1.22,1.26,6316.0,29801.0,0.5576216113281252,0.5719183598349726,0.1418651608744392,-0.0210377955339023,0.0194686531876551,0.006796062294253
ETHA,2026-08-22,2026-08-17,End of Week,monthly,2026-09-18,20-45_day,20,5,put,0,18.0,0.97,0.94,0.98,3306.0,11986.0,0.5380905566406251,-0.4276222353467466,0.1469831402437649,-0.018509652925382,0.0194645088158263,-0.0064481913587389
ETHA,2026-08-22,2026-08-17,End of Week,monthly,2026-09-18,20-45_day,20,5,call,1,19.0,0.84,0.81,0.85,5315.0,14301.0,0.569340244140625,0.4331036481430499,0.1392560972427835,-0.0212911986395986,0.0195122189046614,0.0052312100604702
ETHA,2026-08-22,2026-08-17,End of Week,monthly,2026-09-18,20-45_day,20,5,put,1,19.0,1.53,1.48,1.59,2860.0,2142.0,0.5419967675781252,-0.5732293983200554,0.145865695784851,-0.0183152421415924,0.019456755488637,-0.0088311026846591
ETHA,2026-08-22,2026-08-17,End of Week,monthly,2026-09-18,20-45_day,20,5,call,2,20.0,0.56,0.56,0.57,8318.0,16853.0,0.5937540625000001,0.3182226016481556,0.1211233396835265,-0.0199942747293758,0.0176992550607677,0.0038801045195163
ETHA,2026-08-22,2026-08-17,End of Week,monthly,2026-09-18,20-45_day,20,5,put,2,20.0,2.28,2.02,2.45,2768.0,2336.0,0.543949873046875,-0.7019852356058052,0.1284596953315826,-0.0157997573620327,0.0171967478809172,-0.0110822081225248
META,2026-08-22,2026-08-17,End of Week,aligned,2026-08-24,2-4_day,1,1,call,-2,545.0,7.5,7.0,7.75,565.0,329.0,0.2482985327148437,0.6940044862902804,0.0347068111305677,-0.9244333192141126,0.1427885800225461,0.0205274642165638
META,2026-08-22,2026-08-17,End of Week,aligned,2026-08-24,2-4_day,1,1,put,-2,545.0,2.56,2.5,2.72,1042.0,729.0,0.241218525390625,-0.3009780923328161,0.0354626333310448,-0.8377301802669416,0.1417379832464244,-0.0091727775319093
META,2026-08-22,2026-08-17,End of Week,aligned,2026-08-24,2-4_day,1,1,put,-1,547.5,3.58,3.35,3.7,814.0,156.0,0.2421340435791015,-0.3957584209488588,0.039086649229021,-0.9268545454241228,0.1568154704240153,-0.0120779261906496
META,2026-08-22,2026-08-17,End of Week,aligned,2026-08-24,2-4_day,1,1,put,0,550.0,4.75,4.4,4.9,5278.0,197.0,0.2438430108642578,-0.4959244687734216,0.0401906274208308,-0.9617759908414972,0.1623826809528835,-0.015159598255196
META,2026-08-22,2026-08-17,End of Week,aligned,2026-08-24,2-4_day,1,1,call,1,552.5,3.38,3.3,3.65,4806.0,128.0,0.2427443890380859,0.4043085085652403,0.0392075234935394,-0.979311731182458,0.1576969234359485,0.0120273033083163
META,2026-08-22,2026-08-17,End of Week,aligned,2026-08-24,2-4_day,1,1,put,1,552.5,6.22,5.8,6.4,532.0,105.0,0.2504957763671874,-0.5925659836374545,0.0380672869269443,-0.9557840904487852,0.1579999473622097,-0.0181530437826197
META,2026-08-22,2026-08-17,End of Week,aligned,2026-08-24,2-4_day,1,1,call,2,555.0,2.6,2.43,2.73,3811.0,338.0,0.2432936999511718,0.3112509439172425,0.035685979027785,-0.8921892046223314,0.1438576919297042,0.0092708630971237
META,2026-08-22,2026-08-17,End of Week,aligned,2026-08-24,2-4_day,1,1,put,2,555.0,7.45,7.15,8.6,985.0,241.0,0.2847971911621093,-0.6619223488191012,0.0315379089384517,-1.0218512248605471,0.1488240797294747,-0.0203589066615327
META,2026-08-22,2026-08-17,End of Week,weekly,2026-08-28,5-9_day,5,1,call,-2,540.0,16.5,15.3,16.65,210.0,385.0,0.3653627917480468,0.6643148144040804,0.0141542084900312,-0.8181648292182853,0.2570607494364647,0.0574035902890412
META,2026-08-22,2026-08-17,End of Week,weekly,2026-08-28,5-9_day,5,1,put,-2,540.0,5.8,5.55,6.0,503.0,1684.0,0.3386296606445312,-0.3248427826518594,0.0150721553633116,-0.6972448071633045,0.2537033614199004,-0.0302170660289407
META,2026-08-22,2026-08-17,End of Week,weekly,2026-08-28,5-9_day,5,1,call,-1,545.0,13.6,12.35,13.55,227.0,474.0,0.3612734771728515,0.5907845996888939,0.0152551858662596,-0.8564784080319389,0.2739551356772537,0.0512760710138867
META,2026-08-22,2026-08-17,End of Week,weekly,2026-08-28,5-9_day,5,1,put,-1,545.0,7.8,7.45,7.9,870.0,814.0,0.3360662097167969,-0.4038363514550279,0.0163457402467783,-0.741428087565652,0.2730582514803704,-0.0376587745322698
META,2026-08-22,2026-08-17,End of Week,weekly,2026-08-28,5-9_day,5,1,call,0,550.0,10.21,10.05,10.5,4235.0,1182.0,0.3472355316162109,0.5127142268286421,0.016287421918608,-0.8411301943806996,0.2811268778835972,0.0447221347445709
META,2026-08-22,2026-08-17,End of Week,weekly,2026-08-28,5-9_day,5,1,put,0,550.0,10.07,9.85,10.3,580.0,1440.0,0.3374089697265625,-0.4874252966891456,0.0167619561103367,-0.7622682942902683,0.2811299962236984,-0.0456009034426893
META,2026-08-22,2026-08-17,End of Week,weekly,2026-08-28,5-9_day,5,1,call,1,555.0,8.05,7.9,8.3,623.0,615.0,0.3491886370849609,0.43242920491026,0.015971555810964,-0.8300910757552844,0.2772255094227487,0.0378292622811192
META,2026-08-22,2026-08-17,End of Week,weekly,2026-08-28,5-9_day,5,1,put,1,555.0,12.8,12.25,13.35,138.0,634.0,0.347540704345703,-0.5679713544542291,0.0160444975539941,-0.7697487003902441,0.2771773014104609,-0.0533766910145594
META,2026-08-22,2026-08-17,End of Week,weekly,2026-08-28,5-9_day,5,1,call,2,560.0,6.29,6.1,6.4,4707.0,1374.0,0.3490055334472656,0.3554165415957775,0.0151362657261535,-0.7829873937694554,0.2625892362240268,0.0311777730818247
META,2026-08-22,2026-08-17,End of Week,weekly,2026-08-28,5-9_day,5,1,put,2,560.0,16.12,15.3,16.7,171.0,737.0,0.3560855407714843,-0.6414986155982211,0.0148803593681484,-0.7441138122313737,0.2633865675855912,-0.0605726527854751
META,2026-08-22,2026-08-17,End of Week,monthly,2026-09-18,20-45_day,20,1,call,-2,540.0,27.35,26.2,27.0,104.0,1538.0,0.3603579589843749,0.6034813448308721,0.0071516942193486,-0.4156412817228591,0.5764762682316089,0.2251816783783324
META,2026-08-22,2026-08-17,End of Week,monthly,2026-09-18,20-45_day,20,1,put,-2,540.0,15.2,15.15,15.55,453.0,6521.0,0.3342046560668945,-0.3914626710143352,0.007684149299155,-0.3321610898536049,0.5744426382452874,-0.170005602348723
META,2026-08-22,2026-08-17,End of Week,monthly,2026-09-18,20-45_day,20,1,call,-1,545.0,24.13,23.65,24.45,211.0,1750.0,0.3623720989990234,0.5666852080658645,0.0072579112840434,-0.4239396332016517,0.5883080412990411,0.212142614332914
META,2026-08-22,2026-08-17,End of Week,monthly,2026-09-18,20-45_day,20,1,put,-1,545.0,17.45,17.4,17.85,271.0,2041.0,0.3341741387939453,-0.4308858275274917,0.007862029453963,-0.3378948327646967,0.5876867262174048,-0.1876886223477514
META,2026-08-22,2026-08-17,End of Week,monthly,2026-09-18,20-45_day,20,1,call,0,550.0,21.6,21.05,21.65,1209.0,2661.0,0.3572146798706054,0.5298742721074344,0.0074463188631268,-0.420972420411709,0.5949895048244289,0.1992738730196842
META,2026-08-22,2026-08-17,End of Week,monthly,2026-09-18,20-45_day,20,1,put,0,550.0,20.05,19.8,20.3,866.0,12307.0,0.3333806896972656,-0.4706649960681641,0.0079794730345101,-0.3391114502821358,0.5950494111779698,-0.2056307249760954
META,2026-08-22,2026-08-17,End of Week,monthly,2026-09-18,20-45_day,20,1,call,1,555.0,19.2,18.8,19.35,1090.0,789.0,0.3573367489624023,0.4927574863718186,0.0074634842426823,-0.4203135629709711,0.5965648759774614,0.1859133495355657
META,2026-08-22,2026-08-17,End of Week,monthly,2026-09-18,20-45_day,20,1,put,1,555.0,22.22,22.45,23.05,43.0,2425.0,0.3343267251586914,-0.5103228475772785,0.0079758019387943,-0.3385400648635791,0.5964634451008204,-0.2237471035092998
META,2026-08-22,2026-08-17,End of Week,monthly,2026-09-18,20-45_day,20,1,call,2,560.0,17.05,16.7,17.15,272.0,1645.0,0.3561160580444336,0.4557495052675103,0.0074441773395957,-0.4147665512859749,0.5929890114546664,0.1725205975728077
META,2026-08-22,2026-08-17,End of Week,monthly,2026-09-18,20-45_day,20,1,put,2,560.0,25.19,25.15,26.05,275.0,3766.0,0.3362493133544921,-0.549056490960198,0.0078728030497099,-0.335512196732076,0.5921465056900904,-0.2416747914265568
SLV,2026-08-22,2026-08-17,End of Week,weekly,2026-08-28,5-9_day,5,5,call,-2,61.0,2.44,2.33,2.45,1028.0,2838.0,0.4179745703124999,0.7112554131746378,0.101634626376727,-0.0999742928707677,0.0274702149139031,0.0069415615116634
SLV,2026-08-22,2026-08-17,End of Week,weekly,2026-08-28,5-9_day,5,5,put,-2,61.0,0.7,0.69,0.73,1102.0,891.0,0.4179745703124999,-0.2887445868253622,0.101634626376727,-0.0937777989994524,0.0274702149139031,-0.0030797222742153
SLV,2026-08-22,2026-08-17,End of Week,weekly,2026-08-28,5-9_day,5,5,call,-1,62.0,1.84,1.73,1.83,2770.0,5126.0,0.4184628466796875,0.6000184252529311,0.1148087845864507,-0.1119849323713327,0.0310672295701801,0.0058990640925924
SLV,2026-08-22,2026-08-17,End of Week,weekly,2026-08-28,5-9_day,5,5,put,-1,62.0,1.12,1.09,1.16,1495.0,482.0,0.4331111376953125,-0.4025814119481192,0.1111124673046221,-0.1096466679363458,0.0311195025133975,-0.0043207949114788
SLV,2026-08-22,2026-08-17,End of Week,weekly,2026-08-28,5-9_day,5,5,call,0,63.0,1.33,1.3,1.33,7806.0,7870.0,0.42188078125,0.4824402655263259,0.1174800448367801,-0.1156260889881505,0.0320497279460108,0.004770436795492
SLV,2026-08-22,2026-08-17,End of Week,weekly,2026-08-28,5-9_day,5,5,put,0,63.0,1.63,1.59,1.69,1435.0,66.0,0.445318046875,-0.5154698030660583,0.1113211899166981,-0.115517594065684,0.032056687065738,-0.0055702153809396
SLV,2026-08-22,2026-08-17,End of Week,weekly,2026-08-28,5-9_day,5,5,call,1,64.0,0.97,0.93,0.99,27176.0,1636.0,0.4419001123046875,0.3754372571138421,0.1067487433368478,-0.1146335681336961,0.0305040416509924,0.0037235679498956
SLV,2026-08-22,2026-08-17,End of Week,weekly,2026-08-28,5-9_day,5,5,put,1,64.0,2.28,2.23,2.36,477.0,1596.0,0.4687553125,-0.6163670063631117,0.1012999154479476,-0.1157924344244436,0.0307061797407568,-0.0067195787601047
SLV,2026-08-22,2026-08-17,End of Week,weekly,2026-08-28,5-9_day,5,5,call,2,65.0,0.7,0.68,0.71,23361.0,7149.0,0.45313046875,0.2826240464542966,0.09279857109753,-0.1044165408035041,0.0271916183850001,0.0028117804502566
SLV,2026-08-22,2026-08-17,End of Week,weekly,2026-08-28,5-9_day,5,5,put,2,65.0,2.99,2.96,3.1,205.0,119.0,0.4892629199218751,-0.7012966267124857,0.088199219249401,-0.1090010225848363,0.0279047120750584,-0.0077172263255277
SLV,2026-08-22,2026-08-17,End of Week,monthly,2026-09-18,20-45_day,20,5,call,-2,61.5,3.7,3.6,3.75,474.0,1685.0,0.452153916015625,0.5962049696971269,0.0502115105081047,-0.0587339185378858,0.0660651763954764,0.0248610211861615
SLV,2026-08-22,2026-08-17,End of Week,monthly,2026-09-18,20-45_day,20,5,put,-2,61.5,2.3,2.33,2.42,337.0,1124.0,0.4360407958984374,-0.4020392615396293,0.052008967226965,-0.050491188656478,0.0659915561284613,-0.0203472879623828
SLV,2026-08-22,2026-08-17,End of Week,monthly,2026-09-18,20-45_day,20,5,call,-1,62.0,3.4,3.35,3.45,1484.0,10839.0,0.4467828759765625,0.5707795244690612,0.0515186122067378,-0.0587022042258725,0.0669797760248048,0.0239053005270156
SLV,2026-08-22,2026-08-17,End of Week,monthly,2026-09-18,20-45_day,20,5,put,-1,62.0,2.58,2.58,2.67,270.0,8185.0,0.4379939013671875,-0.4287632345342019,0.0525414560929117,-0.0513249800852162,0.0669658188492523,-0.0217672640621096
SLV,2026-08-22,2026-08-17,End of Week,monthly,2026-09-18,20-45_day,20,5,call,0,62.5,3.2,3.1,3.25,9521.0,10349.0,0.454107021484375,0.5447566033358265,0.0511759314832321,-0.0600081108379304,0.067624955029332,0.0228492308445433
SLV,2026-08-22,2026-08-17,End of Week,monthly,2026-09-18,20-45_day,20,5,put,0,62.5,2.85,2.85,2.94,65.0,1564.0,0.4409235595703125,-0.4553535164045003,0.05270771806769,-0.0520318803862744,0.0676270642935083,-0.0231960981846182
SLV,2026-08-22,2026-08-17,End of Week,monthly,2026-09-18,20-45_day,20,5,call,1,63.0,2.97,2.91,2.99,1911.0,64098.0,0.4506890869140625,0.5188785259724975,0.0518328263064366,-0.0597361348680918,0.0679774624215617,0.0218438321104499
SLV,2026-08-22,2026-08-17,End of Week,monthly,2026-09-18,20-45_day,20,5,put,1,63.0,3.15,3.1,3.25,310.0,4444.0,0.4477594287109374,-0.4813166099129674,0.0521731679629415,-0.0529834053669943,0.0679790300633912,-0.0246255087404713
SLV,2026-08-22,2026-08-17,End of Week,monthly,2026-09-18,20-45_day,20,5,call,2,63.5,2.78,2.72,2.8,687.0,1323.0,0.4555718505859375,0.4937579358509951,0.0513284927251725,-0.0602677136875586,0.068045343184606,0.0208224050812564
SLV,2026-08-22,2026-08-17,End of Week,monthly,2026-09-18,20-45_day,20,5,put,2,63.5,3.4,3.4,3.55,41.0,410.0,0.45117736328125,-0.5067819339476443,0.051827289447021,-0.05327561178604,0.0680438398552992,-0.0260243917672358
NFLX,2026-08-22,2026-08-17,End of Week,weekly,2026-08-28,5-9_day,5,5,call,-2,78.0,2.3,2.24,2.32,826.0,1974.0,0.317389638671875,0.7023699767151492,0.1069669841372712,-0.0989560801457723,0.0353523144579468,0.008817672489799
NFLX,2026-08-22,2026-08-17,End of Week,weekly,2026-08-28,5-9_day,5,5,put,-2,78.0,0.62,0.61,0.63,3472.0,2168.0,0.2915109912109374,-0.2826715967686644,0.1136821576883352,-0.0814884648587736,0.0345082231234922,-0.0037858563573611
NFLX,2026-08-22,2026-08-17,End of Week,weekly,2026-08-28,5-9_day,5,5,call,-1,79.0,1.66,1.62,1.68,1671.0,1855.0,0.3115303222656249,0.5876577379762019,0.1224520419764664,-0.107714886032951,0.0397229699201219,0.0074242142550751
NFLX,2026-08-22,2026-08-17,End of Week,weekly,2026-08-28,5-9_day,5,5,put,-1,79.0,0.97,0.96,1.0,2400.0,1278.0,0.2905344384765624,-0.4072039304131525,0.1309058279387066,-0.0925001874663587,0.0396033529257206,-0.0054732534221637
NFLX,2026-08-22,2026-08-17,End of Week,weekly,2026-08-28,5-9_day,5,5,call,0,80.0,1.13,1.12,1.14,5475.0,7126.0,0.30274134765625,0.4612610292368078,0.1285276763492261,-0.1058430981475382,0.0405176035987193,0.0058600789212355
NFLX,2026-08-22,2026-08-17,End of Week,weekly,2026-08-28,5-9_day,5,5,put,0,80.0,1.46,1.45,1.49,2536.0,3253.0,0.2890696093749999,-0.5412770383418415,0.1345200445807166,-0.0930227548911086,0.040491586531284,-0.0073066914968287
NFLX,2026-08-22,2026-08-17,End of Week,weekly,2026-08-28,5-9_day,5,5,call,1,81.0,0.74,0.74,0.77,6954.0,3507.0,0.30664755859375,0.3403576480947219,0.1171426720941044,-0.0982675843026017,0.037405028763695,0.0043389402087032
NFLX,2026-08-22,2026-08-17,End of Week,weekly,2026-08-28,5-9_day,5,5,put,1,81.0,2.08,2.05,2.12,588.0,1893.0,0.2919992675781249,-0.6678757132202806,0.1218510544074693,-0.0845481166319644,0.0370498461640036,-0.0090667647037483
NFLX,2026-08-22,2026-08-17,End of Week,weekly,2026-08-28,5-9_day,5,5,call,2,82.0,0.49,0.47,0.49,4575.0,5252.0,0.3071358349609374,0.2350354039112134,0.0980578571037465,-0.0821255008293944,0.0313608802488799,0.0030055250253988
NFLX,2026-08-22,2026-08-17,End of Week,weekly,2026-08-28,5-9_day,5,5,put,2,82.0,2.87,2.57,3.1,206.0,1131.0,0.362311064453125,-0.7276834571379024,0.0898138672280102,-0.0961178612285395,0.0338844428495321,-0.0100076172797184
NFLX,2026-08-22,2026-08-17,End of Week,monthly,2026-09-18,20-45_day,20,5,call,-2,78.0,3.7,3.7,3.75,1529.0,3767.0,0.3315496533203125,0.617646316633859,0.0531514052930465,-0.0553078879638856,0.0825754974777273,0.0335361443857052
NFLX,2026-08-22,2026-08-17,End of Week,monthly,2026-09-18,20-45_day,20,5,put,-2,78.0,1.85,1.84,1.88,1004.0,12664.0,0.2985909985351562,-0.3733916853312831,0.0585869630256867,-0.0421278093958977,0.0819720065972072,-0.0232760944777289
NFLX,2026-08-22,2026-08-17,End of Week,monthly,2026-09-18,20-45_day,20,5,call,-1,79.0,3.2,3.05,3.2,444.0,4603.0,0.3305731005859375,0.5628642241074696,0.0550568819879526,-0.0564304813815489,0.0852838883486564,0.0307264221179755
NFLX,2026-08-22,2026-08-17,End of Week,monthly,2026-09-18,20-45_day,20,5,put,-1,79.0,2.29,2.28,2.32,783.0,2924.0,0.2973703076171874,-0.4339336090627397,0.0611235046615292,-0.0431715205269147,0.0851713868296159,-0.0271539136988495
NFLX,2026-08-22,2026-08-17,End of Week,monthly,2026-09-18,20-45_day,20,5,call,0,80.0,2.66,2.63,2.68,2976.0,21858.0,0.3266668896484375,0.5069730515008727,0.0564085149571918,-0.0560574129664703,0.0863450912793611,0.0278291182752389
NFLX,2026-08-22,2026-08-17,End of Week,monthly,2026-09-18,20-45_day,20,5,put,0,80.0,2.79,2.78,2.82,973.0,13688.0,0.2961496166992187,-0.4957899352469741,0.0622272734545594,-0.0430775610016777,0.0863534744943302,-0.0311545203162625
NFLX,2026-08-22,2026-08-17,End of Week,monthly,2026-09-18,20-45_day,20,5,call,1,81.0,2.17,2.19,2.24,1913.0,3134.0,0.3259344750976562,0.451126976601752,0.0561190757829879,-0.0551504757480863,0.0857094441892903,0.0248732369574347
NFLX,2026-08-22,2026-08-17,End of Week,monthly,2026-09-18,20-45_day,20,5,put,1,81.0,3.4,3.1,3.5,169.0,1269.0,0.3086006640625,-0.5535200218151637,0.0591817135242545,-0.0440921646676545,0.0855799957943637,-0.0350441318778522
NFLX,2026-08-22,2026-08-17,End of Week,monthly,2026-09-18,20-45_day,20,5,call,2,82.0,1.85,1.82,1.85,344.0,5500.0,0.3247137841796874,0.3964510839910202,0.054833706430453,-0.0531858582493384,0.0834326804921576,0.0219490839761947
NFLX,2026-08-22,2026-08-17,End of Week,monthly,2026-09-18,20-45_day,20,5,put,2,82.0,3.95,3.7,4.3,135.0,2671.0,0.3293524096679687,-0.6016396598153895,0.0541310702175188,-0.0456676620723188,0.0835401648536476,-0.0384584508115167
PFE,2026-08-22,2026-08-17,End of Week,weekly,2026-08-28,5-9_day,5,5,call,-2,27.0,1.12,1.03,1.19,2074.0,4509.0,0.3125068749999999,0.8426089582382628,0.214018193716836,-0.024843669361962,0.0086627039425459,0.0036938784701079
PFE,2026-08-22,2026-08-17,End of Week,weekly,2026-08-28,5-9_day,5,5,put,-2,27.0,0.05,0.05,0.07,1012.0,1158.0,0.25977302734375,-0.1147100326070151,0.2072456251868369,-0.0147624094098946,0.0069730475864414,-0.00053801282674
PFE,2026-08-22,2026-08-17,End of Week,weekly,2026-08-28,5-9_day,5,5,call,-1,27.5,0.7,0.62,0.78,531.0,4564.0,0.2851633984374999,0.7244398304768624,0.3254537201407169,-0.0305545414213516,0.0120206021583591,0.0032171051935969
PFE,2026-08-22,2026-08-17,End of Week,weekly,2026-08-28,5-9_day,5,5,put,-1,27.5,0.13,0.11,0.14,1719.0,1312.0,0.2304764453125,-0.232794164186496,0.3685504008703213,-0.0204547894132011,0.0110018732383015,-0.0010929636836182
PFE,2026-08-22,2026-08-17,End of Week,weekly,2026-08-28,5-9_day,5,5,call,0,28.0,0.37,0.35,0.4,3658.0,4183.0,0.23438265625,0.5471279501396262,0.4696436681877435,-0.0293694655479013,0.0142572953045051,0.0024619018795054
PFE,2026-08-22,2026-08-17,End of Week,weekly,2026-08-28,5-9_day,5,5,put,0,28.0,0.31,0.26,0.35,13285.0,972.0,0.24805439453125,-0.4547826924955844,0.444007101527651,-0.0281585780721172,0.0142652715604236,-0.0021500529575514
PFE,2026-08-22,2026-08-17,End of Week,weekly,2026-08-28,5-9_day,5,5,call,1,28.5,0.16,0.15,0.17,6538.0,1172.0,0.2187578124999999,0.3063341378885132,0.4457777571860028,-0.0238839868256804,0.0126306345187838,0.0013885234529129
PFE,2026-08-22,2026-08-17,End of Week,weekly,2026-08-28,5-9_day,5,5,put,1,28.5,0.54,0.51,0.67,440.0,236.0,0.2695385546875,-0.6572577883959165,0.3788799709913255,-0.0277708639680025,0.0132271337323689,-0.0031363723763859
PFE,2026-08-22,2026-08-17,End of Week,weekly,2026-08-28,5-9_day,5,5,call,2,29.0,0.08,0.07,0.08,2454.0,3351.0,0.2382888671874999,0.1511226179922109,0.2732330664514634,-0.0171701085791628,0.0084329633055713,0.0006864118040094
PFE,2026-08-22,2026-08-17,End of Week,weekly,2026-08-28,5-9_day,5,5,put,2,29.0,1.1,0.88,1.14,152.0,20.0,0.352545537109375,-0.7533323187167835,0.2486728058669576,-0.0310990126183937,0.0113549889972747,-0.0036559188398757
PFE,2026-08-22,2026-08-17,End of Week,monthly,2026-09-18,20-45_day,20,5,call,-2,26.0,2.22,2.15,2.27,666.0,34506.0,0.2910227148437499,0.8513096312229667,0.1043288596120202,-0.011730457978746,0.0176964870883511,0.0159618272330951
PFE,2026-08-22,2026-08-17,End of Week,monthly,2026-09-18,20-45_day,20,5,put,-2,26.0,0.1,0.09,0.11,308.0,10939.0,0.2392654199218749,-0.1053059656109943,0.0997552745898351,-0.005853860044807,0.0139114218461155,-0.0022565736361692
PFE,2026-08-22,2026-08-17,End of Week,monthly,2026-09-18,20-45_day,20,5,call,-1,27.0,1.35,1.35,1.43,1452.0,34812.0,0.256843369140625,0.7358378344035141,0.1667720156530442,-0.0138246990792581,0.0249659014273012,0.0141915263578349
PFE,2026-08-22,2026-08-17,End of Week,monthly,2026-09-18,20-45_day,20,5,put,-1,27.0,0.22,0.22,0.26,25058.0,53028.0,0.2177812597656249,-0.2320568306702142,0.1835398611151593,-0.0087101559079815,0.0232973551353781,-0.0049897999524643
PFE,2026-08-22,2026-08-17,End of Week,monthly,2026-09-18,20-45_day,20,5,call,0,28.0,0.72,0.69,0.83,2418.0,76443.0,0.2563550927734375,0.5438087496146352,0.2026101311971411,-0.015836407337326,0.0302732343531428,0.0106598672893702
PFE,2026-08-22,2026-08-17,End of Week,monthly,2026-09-18,20-45_day,20,5,put,0,28.0,0.66,0.54,0.68,922.0,6945.0,0.2304764453125,-0.4542402960430105,0.2252351272598564,-0.0115537588592943,0.0302564789207463,-0.0098972495654482
PFE,2026-08-22,2026-08-17,End of Week,monthly,2026-09-18,20-45_day,20,5,call,1,29.0,0.34,0.33,0.37,1668.0,30477.0,0.2363357617187499,0.3327805156197404,0.2013869381537843,-0.0130515077787397,0.0277406387922123,0.0066268085706391
PFE,2026-08-22,2026-08-17,End of Week,monthly,2026-09-18,20-45_day,20,5,put,1,29.0,1.29,1.12,1.37,14.0,271.0,0.260749580078125,-0.6500471921733131,0.1860574267568109,-0.0116669050881871,0.0282765449870596,-0.0144604915469338
PFE,2026-08-22,2026-08-17,End of Week,monthly,2026-09-18,20-45_day,20,5,call,2,30.0,0.17,0.16,0.18,14157.0,34736.0,0.2500075,0.1831118611724287,0.1389606854705867,-0.0098784396603087,0.0202488657300082,0.0036656214929248
PFE,2026-08-22,2026-08-17,End of Week,monthly,2026-09-18,20-45_day,20,5,put,2,30.0,1.84,1.96,2.21,55.0,22.0,0.295905478515625,-0.7739448346680307,0.1331109412858049,-0.0101551616415408,0.0229573880930305,-0.01764729931592
SOFI,2026-08-22,2026-08-17,End of Week,weekly,2026-08-28,5-9_day,5,5,call,-2,18.0,1.1,1.06,1.13,4252.0,8288.0,0.507817421875,0.7879747616445696,0.2354025096002809,-0.0311416676754548,0.0070268409151561,0.0022728825048537
SOFI,2026-08-22,2026-08-17,End of Week,weekly,2026-08-28,5-9_day,5,5,put,-2,18.0,0.17,0.16,0.17,8757.0,11416.0,0.4882863671875,-0.2035987319126322,0.2390239721104227,-0.0275103500952337,0.0068605272696325,-0.0006557941448961
SOFI,2026-08-22,2026-08-17,End of Week,weekly,2026-08-28,5-9_day,5,5,call,-1,18.5,0.75,0.72,0.76,8886.0,11813.0,0.5136767382812499,0.6461776646704653,0.2985792744224873,-0.0397599861492149,0.0090155244223732,0.0018885870254082
SOFI,2026-08-22,2026-08-17,End of Week,weekly,2026-08-28,5-9_day,5,5,put,-1,18.5,0.32,0.31,0.32,9633.0,4352.0,0.48242705078125,-0.3463560388007508,0.3154618772160912,-0.0352699133212608,0.0089458162143058,-0.0011228319904407
SOFI,2026-08-22,2026-08-17,End of Week,weekly,2026-08-28,5-9_day,5,5,call,0,19.0,0.46,0.46,0.48,19387.0,15510.0,0.500005,0.4870370460775663,0.3289164938928549,-0.0411712294501831,0.0096672163050323,0.0014405801121992
SOFI,2026-08-22,2026-08-17,End of Week,weekly,2026-08-28,5-9_day,5,5,put,0,19.0,0.54,0.53,0.56,9430.0,4672.0,0.49023947265625,-0.5137252678231923,0.3354470248070073,-0.0384514300316943,0.00966659798231,-0.0016816211878885
SOFI,2026-08-22,2026-08-17,End of Week,weekly,2026-08-28,5-9_day,5,5,call,1,19.5,0.28,0.27,0.29,20072.0,18202.0,0.5039112109375,0.3322173502309892,0.2972160742887798,-0.037581517686425,0.0088037510011744,0.0009902061161925
SOFI,2026-08-22,2026-08-17,End of Week,weekly,2026-08-28,5-9_day,5,5,put,1,19.5,0.85,0.82,0.88,713.0,990.0,0.5039112109375,-0.6677826497690108,0.2972160742887798,-0.035600671284939,0.0088037510011744,-0.0022133190284736
SOFI,2026-08-22,2026-08-17,End of Week,weekly,2026-08-28,5-9_day,5,5,call,2,20.0,0.15,0.15,0.17,29735.0,25700.0,0.500005,0.2025288111334913,0.2326887716431027,-0.0288717410295185,0.0068389780658397,0.0006076239254504
SOFI,2026-08-22,2026-08-17,End of Week,weekly,2026-08-28,5-9_day,5,5,put,2,20.0,1.21,1.2,1.32,388.0,279.0,0.5136767382812499,-0.7906654547547277,0.2309801776112261,-0.0282110348139627,0.0069743870748092,-0.0026584396818754
SOFI,2026-08-22,2026-08-17,End of Week,monthly,2026-09-18,20-45_day,20,5,call,-2,17.0,2.28,2.2,2.33,1067.0,14475.0,0.5273484765625001,0.797641265872631,0.1039507584100978,-0.0154613982362109,0.0145003774874899,0.0094663485542139
SOFI,2026-08-22,2026-08-17,End of Week,monthly,2026-09-18,20-45_day,20,5,put,-2,17.0,0.31,0.3,0.31,3792.0,18960.0,0.4960987890625,-0.190258441071032,0.1064441725054298,-0.012438029051095,0.0139683145884273,-0.0028723485549881
SOFI,2026-08-22,2026-08-17,End of Week,monthly,2026-09-18,20-45_day,20,5,call,-1,18.0,1.55,1.55,1.6,3307.0,17485.0,0.5195360546875,0.6697071146525755,0.1355809356609637,-0.0190521764280802,0.0186323772650271,0.0081938475901708
SOFI,2026-08-22,2026-08-17,End of Week,monthly,2026-09-18,20-45_day,20,5,put,-1,18.0,0.6,0.58,0.6,4419.0,16614.0,0.485356708984375,-0.3226133472221756,0.1437451076533191,-0.0159098107133855,0.0184547454814521,-0.0049304143265781
SOFI,2026-08-22,2026-08-17,End of Week,monthly,2026-09-18,20-45_day,20,5,call,0,19.0,1.02,1.01,1.03,18939.0,13269.0,0.508793974609375,0.5218156238058014,0.1522268101630861,-0.0202022220921336,0.020487409916114,0.0065408248529742
SOFI,2026-08-22,2026-08-17,End of Week,monthly,2026-09-18,20-45_day,20,5,put,0,19.0,1.07,1.02,1.07,1475.0,8331.0,0.4892629199218751,-0.4794727534280151,0.1583307888292086,-0.0175400593928334,0.0204909280668635,-0.0074638708905417
SOFI,2026-08-22,2026-08-17,End of Week,monthly,2026-09-18,20-45_day,20,5,call,1,20.0,0.62,0.62,0.63,17785.0,40235.0,0.5048877636718749,0.3746864234096768,0.1459911262706133,-0.0188862363819786,0.0194973350468514,0.0047789993700304
SOFI,2026-08-22,2026-08-17,End of Week,monthly,2026-09-18,20-45_day,20,5,put,1,20.0,1.6,1.62,1.7,1880.0,15560.0,0.497075341796875,-0.6280257167099667,0.147942925401892,-0.0165317084428001,0.0194522737320745,-0.010001658320143
SOFI,2026-08-22,2026-08-17,End of Week,monthly,2026-09-18,20-45_day,20,5,call,2,21.0,0.37,0.37,0.38,8454.0,12157.0,0.5107470800781251,0.2528824817629004,0.1217083205925261,-0.016000501835403,0.0164429642534539,0.003262466419784
SOFI,2026-08-22,2026-08-17,End of Week,monthly,2026-09-18,20-45_day,20,5,put,2,21.0,2.39,2.32,2.5,48.0,1177.0,0.5312546875,-0.737053814092345,0.1194035242071273,-0.0148430566229151,0.016779301225538,-0.0121136367038466
COIN,2026-08-22,2026-08-17,End of Week,weekly,2026-08-28,5-9_day,5,5,call,-2,182.5,9.8,9.45,9.9,565.0,5961.0,0.737307314453125,0.6112209111454371,0.0217443658612484,-0.5738117909275452,0.0916568227388133,0.0172259982924857
COIN,2026-08-22,2026-08-17,End of Week,weekly,2026-08-28,5-9_day,5,5,put,-2,182.5,5.3,5.25,5.55,888.0,45.0,0.7087431469726562,-0.3858499497332046,0.0225712285093551,-0.532353314201131,0.0914562899351259,-0.0126229248692531
COIN,2026-08-22,2026-08-17,End of Week,weekly,2026-08-28,5-9_day,5,5,call,-1,185.0,8.31,8.2,8.55,2777.0,4710.0,0.7415797326660156,0.5550076676409494,0.0222850026108397,-0.5935910965810083,0.0944800361498069,0.0157203723379783
COIN,2026-08-22,2026-08-17,End of Week,weekly,2026-08-28,5-9_day,5,5,put,-1,185.0,6.5,6.5,6.75,2025.0,11.0,0.7160672924804687,-0.4443605695746248,0.0230738514545337,-0.5546227183695612,0.0944590207344381,-0.0146130594631983
COIN,2026-08-22,2026-08-17,End of Week,weekly,2026-08-28,5-9_day,5,5,call,0,187.5,7.28,7.05,7.4,1417.0,808.0,0.7475611181640626,0.4991755871555682,0.0223191514335063,-0.6030170346682022,0.0953880329875655,0.0142002634729834
COIN,2026-08-22,2026-08-17,End of Week,weekly,2026-08-28,5-9_day,5,5,put,0,187.5,7.95,7.65,8.1,645.0,13.0,0.7126493579101563,-0.5026942300002304,0.0234120535578525,-0.5562057632980628,0.0953860613784147,-0.0166054418661661
COIN,2026-08-22,2026-08-17,End of Week,weekly,2026-08-28,5-9_day,5,5,call,1,190.0,6.16,6.1,6.25,6010.0,1925.0,0.7507349145507812,0.4446224776695677,0.0220103781894218,-0.5988555602391419,0.0944677623462124,0.0127010744773525
COIN,2026-08-22,2026-08-17,End of Week,weekly,2026-08-28,5-9_day,5,5,put,1,190.0,9.41,9.35,9.6,2220.0,48.0,0.7302273071289063,-0.5579749150741216,0.0226073089229934,-0.5628425057931707,0.0943792339153835,-0.0185605541991726
COIN,2026-08-22,2026-08-17,End of Week,weekly,2026-08-28,5-9_day,5,5,call,2,192.5,5.5,5.2,5.5,3395.0,679.0,0.7644066528320312,0.3941911535693909,0.0210550605769591,-0.5931111073721151,0.0920132695264636,0.0112908019027493
COIN,2026-08-22,2026-08-17,End of Week,monthly,2026-09-18,20-45_day,20,5,call,-2,175.0,20.47,20.0,20.8,364.0,3492.0,0.6976348596191408,0.6716532167303089,0.0102138669502135,-0.2474818617806577,0.1833160087018004,0.0775278612639395
COIN,2026-08-22,2026-08-17,End of Week,monthly,2026-09-18,20-45_day,20,5,put,-2,175.0,8.55,7.4,8.55,133.0,909.0,0.6478306701660157,-0.3211134284018099,0.0108990374590133,-0.2110646550724707,0.181648440348494,-0.0498991518648548
COIN,2026-08-22,2026-08-17,End of Week,monthly,2026-09-18,20-45_day,20,5,call,-1,180.0,17.71,17.4,17.95,783.0,2552.0,0.702151416015625,0.6161305620339279,0.0107237886507981,-0.2617636969236362,0.1937140162239105,0.0719113947467246
COIN,2026-08-22,2026-08-17,End of Week,monthly,2026-09-18,20-45_day,20,5,put,-1,180.0,10.46,10.2,10.75,2258.0,1061.0,0.666385172119141,-0.3816324151739959,0.0112796157741151,-0.2303826713937322,0.1933755911388033,-0.0600536925369187
COIN,2026-08-22,2026-08-17,End of Week,monthly,2026-09-18,20-45_day,20,5,call,0,185.0,15.3,14.95,15.5,780.0,1405.0,0.7060576269531251,0.5604384083025489,0.0110117564748299,-0.2706096730721012,0.2000224628117399,0.0660625064468484
COIN,2026-08-22,2026-08-17,End of Week,monthly,2026-09-18,20-45_day,20,5,put,0,185.0,13.1,12.85,13.2,454.0,1258.0,0.6712679357910158,-0.4402815450666162,0.0115856574591246,-0.2390962953718543,0.2000776649004237,-0.0699962474580834
COIN,2026-08-22,2026-08-17,End of Week,monthly,2026-09-18,20-45_day,20,5,call,1,190.0,13.05,12.55,13.3,2687.0,2238.0,0.7036162451171876,0.505021818051593,0.0111776057343616,-0.2719018012129408,0.2023329753001222,0.0601375237876833
COIN,2026-08-22,2026-08-17,End of Week,monthly,2026-09-18,20-45_day,20,5,put,1,190.0,15.9,15.7,16.05,459.0,1035.0,0.6765169067382814,-0.4977761725655204,0.0116260892423232,-0.2425073728773425,0.202345863170054,-0.0800056068502438
COIN,2026-08-22,2026-08-17,End of Week,monthly,2026-09-18,20-45_day,20,5,call,2,195.0,11.45,10.0,11.45,621.0,1225.0,0.6932403723144531,0.449140444802277,0.0112534769899243,-0.2650867128070233,0.2007024145485054,0.0540674971499549
COIN,2026-08-22,2026-08-17,End of Week,monthly,2026-09-18,20-45_day,20,5,put,2,195.0,20.48,18.65,19.3,173.0,451.0,0.6805451867675782,-0.5531812822974191,0.0114546086693836,-0.2403898566906232,0.2005484208589689,-0.0899156313729535
GOOGL,2026-08-22,2026-08-17,End of Week,aligned,2026-08-24,2-4_day,1,1,call,-2,340.0,6.27,3.75,6.45,242.0,98.0,0.2849192602539062,0.7541580486958483,0.0433063429786422,-0.5984341117702385,0.0803887663297286,0.0139225960215233
GOOGL,2026-08-22,2026-08-17,End of Week,aligned,2026-08-24,2-4_day,1,1,put,-2,340.0,0.67,0.53,0.92,1472.0,577.0,0.2150957397460937,-0.1827744823066562,0.0482536546342856,-0.3571648023605175,0.0676213855136298,-0.0034835558306139
GOOGL,2026-08-22,2026-08-17,End of Week,aligned,2026-08-24,2-4_day,1,1,call,-1,342.5,3.76,2.59,4.9,737.0,346.0,0.2915109912109374,0.6304561822136625,0.050723116677945,-0.723725011663305,0.0963347355962053,0.0116760942847796
GOOGL,2026-08-22,2026-08-17,End of Week,aligned,2026-08-24,2-4_day,1,1,put,-1,342.5,1.31,0.84,1.7,2343.0,251.0,0.2175371215820312,-0.3299999828013509,0.065221764254685,-0.491024784108504,0.0924374517695856,-0.0063016956224464
GOOGL,2026-08-22,2026-08-17,End of Week,aligned,2026-08-24,2-4_day,1,1,call,0,345.0,2.1,1.61,2.25,4713.0,1016.0,0.187508125,0.4936125993193579,0.0833437970606141,-0.4943944782546619,0.1018158563517907,0.0092247817163733
GOOGL,2026-08-22,2026-08-17,End of Week,aligned,2026-08-24,2-4_day,1,1,put,0,345.0,2.27,2.06,3.65,1321.0,101.0,0.2854075366210937,-0.5018013632431066,0.0547619846310794,-0.7086724273019521,0.1018278703323084,-0.0096434572975854
GOOGL,2026-08-22,2026-08-17,End of Week,aligned,2026-08-24,2-4_day,1,1,call,1,347.5,1.01,0.86,1.2,5910.0,4619.0,0.1833577758789062,0.2916224676971516,0.0733304728079281,-0.4116896424004279,0.087600354206767,0.0054633366346595
GOOGL,2026-08-22,2026-08-17,End of Week,aligned,2026-08-24,2-4_day,1,1,put,1,347.5,4.0,3.1,5.25,170.0,75.0,0.3002999658203125,-0.6285538252626559,0.0493206229302458,-0.7019454679396131,0.096495237785029,-0.0121253083804819
GOOGL,2026-08-22,2026-08-17,End of Week,aligned,2026-08-24,2-4_day,1,1,call,2,350.0,0.5,0.5,0.61,3809.0,1291.0,0.186531572265625,0.1449708475587106,0.0478646865589424,-0.2763028730045413,0.058168734411549,0.0027198036606306
GOOGL,2026-08-22,2026-08-17,End of Week,aligned,2026-08-24,2-4_day,1,1,put,2,350.0,4.95,4.65,7.75,105.0,104.0,0.3752503881835937,-0.6969274317381061,0.0364673639670062,-0.8112588120622263,0.0891553822703699,-0.0135476996332597
GOOGL,2026-08-22,2026-08-17,End of Week,weekly,2026-08-28,5-9_day,5,1,call,-2,340.0,8.75,7.5,8.65,1167.0,1158.0,0.313483427734375,0.6500697941016618,0.0267240350685551,-0.4496871973081727,0.1637419353527606,0.0354727829066481
GOOGL,2026-08-22,2026-08-17,End of Week,weekly,2026-08-28,5-9_day,5,1,put,-2,340.0,3.0,2.7,3.1,866.0,1373.0,0.2725902819824218,-0.3307998978233811,0.0300798493441602,-0.3521818802106529,0.1602615449339585,-0.0191902167731403
GOOGL,2026-08-22,2026-08-17,End of Week,weekly,2026-08-28,5-9_day,5,1,call,-1,342.5,6.34,5.1,7.45,366.0,428.0,0.3276434423828125,0.5777839420280328,0.0270162851998302,-0.4919070642790565,0.1730096836131841,0.0315816628680182
GOOGL,2026-08-22,2026-08-17,End of Week,weekly,2026-08-28,5-9_day,5,1,put,-1,342.5,4.1,2.88,4.3,336.0,357.0,0.2834544311523437,-0.4126586924146009,0.0310689936971828,-0.3917378138615017,0.1721288776429,-0.0240182670546486
GOOGL,2026-08-22,2026-08-17,End of Week,weekly,2026-08-28,5-9_day,5,1,call,0,345.0,5.09,5.0,5.7,6520.0,4448.0,0.3038399694824218,0.5086711968665122,0.0296920996344832,-0.4637526454113825,0.1763311794235784,0.0279495586682286
GOOGL,2026-08-22,2026-08-17,End of Week,weekly,2026-08-28,5-9_day,5,1,put,0,345.0,4.64,4.1,5.5,756.0,1427.0,0.2839427075195311,-0.4917744105759133,0.0317735228734729,-0.3994992540409461,0.1763353516764527,-0.0286957773532885
GOOGL,2026-08-22,2026-08-17,End of Week,weekly,2026-08-28,5-9_day,5,1,call,1,347.5,4.1,3.45,4.75,5084.0,3871.0,0.313483427734375,0.4374820253275714,0.0284313214253354,-0.4699663987904428,0.1742027198691494,0.0240741521732338
GOOGL,2026-08-22,2026-08-17,End of Week,weekly,2026-08-28,5-9_day,5,1,put,1,347.5,6.75,5.7,6.8,209.0,91.0,0.2799754620361327,-0.5717150327667759,0.0317084297742904,-0.3841567937541043,0.1735153918711785,-0.0334398481604952
GOOGL,2026-08-22,2026-08-17,End of Week,weekly,2026-08-28,5-9_day,5,1,call,2,350.0,3.1,2.8,3.45,4814.0,4390.0,0.2952951330566405,0.359875298808488,0.0286535458241447,-0.4192560737081844,0.1653780860051494,0.0198838937772073
GOOGL,2026-08-22,2026-08-17,End of Week,weekly,2026-08-28,5-9_day,5,1,put,2,350.0,7.94,6.5,9.15,216.0,1081.0,0.324103438720703,-0.626792879074294,0.0264239623085928,-0.4292522213659047,0.1673882155264915,-0.0369384051397271
GOOGL,2026-08-22,2026-08-17,End of Week,monthly,2026-09-18,20-45_day,20,1,call,-2,335.0,16.95,14.55,18.7,4.0,1680.0,0.3519351916503905,0.6474232132783515,0.0112520420056664,-0.2477537283571928,0.3482970965372562,0.1510647948317654
GOOGL,2026-08-22,2026-08-17,End of Week,monthly,2026-09-18,20-45_day,20,1,put,-2,335.0,6.05,5.55,6.8,274.0,4286.0,0.2935861657714843,-0.3313725693839314,0.013174794280466,-0.1727073015594699,0.3402007313319845,-0.0891682667691168
GOOGL,2026-08-22,2026-08-17,End of Week,monthly,2026-09-18,20-45_day,20,1,call,-1,340.0,13.75,12.15,14.5,1071.0,4768.0,0.3155280850219726,0.5944171211036744,0.0131023296993356,-0.2317935999388318,0.3636154753948533,0.1406691270074783
GOOGL,2026-08-22,2026-08-17,End of Week,monthly,2026-09-18,20-45_day,20,1,put,-1,340.0,7.94,7.2,8.7,499.0,9669.0,0.2893137475585937,-0.4000884832274696,0.0142396965056009,-0.1792877841963499,0.3623477903065973,-0.1080430402253088
GOOGL,2026-08-22,2026-08-17,End of Week,monthly,2026-09-18,20-45_day,20,1,call,0,345.0,10.45,10.55,12.0,567.0,2927.0,0.3172980868530273,0.5274666694233678,0.0133746912724216,-0.2365640903144277,0.3732562020489833,0.1254869253083917
GOOGL,2026-08-22,2026-08-17,End of Week,monthly,2026-09-18,20-45_day,20,1,put,0,345.0,10.22,9.35,10.95,352.0,4022.0,0.285041329345703,-0.4731192605188423,0.0148897349315041,-0.1794183341568874,0.3732936604003296,-0.1282779063914538
GOOGL,2026-08-22,2026-08-17,End of Week,monthly,2026-09-18,20-45_day,20,1,call,1,350.0,8.25,8.25,8.8,4308.0,13955.0,0.2918161639404295,0.4547755156527007,0.0144833924469588,-0.2159111510718559,0.3717367142909845,0.1093428508782438
GOOGL,2026-08-22,2026-08-17,End of Week,monthly,2026-09-18,20-45_day,20,1,put,1,350.0,13.0,12.3,14.4,323.0,6595.0,0.3030465203857422,-0.5423663320957537,0.0139577263252856,-0.1883874946753611,0.372031568847902,-0.1484316061329655
GOOGL,2026-08-22,2026-08-17,End of Week,monthly,2026-09-18,20-45_day,20,1,call,2,355.0,6.8,6.35,7.2,865.0,2661.0,0.2997506549072265,0.3887963389094103,0.0136363304521884,-0.212443100299485,0.3595120660312756,0.0937371543164579
GOOGL,2026-08-22,2026-08-17,End of Week,monthly,2026-09-18,20-45_day,20,1,put,2,355.0,15.47,14.45,16.95,101.0,2419.0,0.2879099530029295,-0.6169044196939674,0.0141359366130417,-0.1675923243222192,0.3579621277575108,-0.1692857697620005
PLTR,2026-08-22,2026-08-17,End of Week,weekly,2026-08-28,5-9_day,5,5,call,-2,175.0,7.49,7.4,7.6,6366.0,7463.0,0.4819387744140625,0.6883857902016182,0.0318017839602778,-0.3394612532492755,0.0815750186682167,0.0191534481878099
PLTR,2026-08-22,2026-08-17,End of Week,weekly,2026-08-28,5-9_day,5,5,put,-2,175.0,2.47,2.46,2.49,10033.0,2086.0,0.4631401342773438,-0.3054596339407185,0.0328045945448366,-0.3062932709743505,0.0808650615788763,-0.0093889885970505
PLTR,2026-08-22,2026-08-17,End of Week,weekly,2026-08-28,5-9_day,5,5,call,-1,177.5,5.92,5.85,6.0,10692.0,1860.0,0.4738822143554688,0.6045443205339667,0.0352305089126943,-0.3613825349406392,0.0888593548663284,0.01694119042719
PLTR,2026-08-22,2026-08-17,End of Week,weekly,2026-08-28,5-9_day,5,5,put,-1,177.5,3.4,3.4,3.45,4386.0,430.0,0.4626518579101563,-0.3935394778015736,0.0360376458024671,-0.3346247942525093,0.0887410479489455,-0.0121460294731279
PLTR,2026-08-22,2026-08-17,End of Week,weekly,2026-08-28,5-9_day,5,5,call,0,180.0,4.6,4.55,4.65,31612.0,9120.0,0.47070841796875,0.5138630988663705,0.0367146055565195,-0.3697630463721078,0.0919823840898362,0.0144835991601358
PLTR,2026-08-22,2026-08-17,End of Week,weekly,2026-08-28,5-9_day,5,5,put,0,180.0,4.56,4.5,4.6,7051.0,2272.0,0.4597221997070312,-0.4863740512251567,0.0375927639082031,-0.3430703126817855,0.091984269412956,-0.0150778051165855
PLTR,2026-08-22,2026-08-17,End of Week,weekly,2026-08-28,5-9_day,5,5,call,1,182.5,3.5,3.45,3.55,18422.0,1590.0,0.4714408325195312,0.423322122228929,0.036000100915482,-0.3622993923217242,0.0903326483990844,0.0119869016779399
PLTR,2026-08-22,2026-08-17,End of Week,weekly,2026-08-28,5-9_day,5,5,put,1,182.5,5.95,5.85,6.0,966.0,24.0,0.4602104760742188,-0.5790950085267288,0.0368338660255836,-0.3348526838146268,0.0902230770728821,-0.0180496385588412
PLTR,2026-08-22,2026-08-17,End of Week,weekly,2026-08-28,5-9_day,5,5,call,2,185.0,2.57,2.56,2.6,21351.0,4162.0,0.4665580688476562,0.335963623698513,0.0338844764804995,-0.3330574121292353,0.0841434500167088,0.0095563868226731
PLTR,2026-08-22,2026-08-17,End of Week,weekly,2026-08-28,5-9_day,5,5,put,2,185.0,7.56,7.45,7.6,521.0,111.0,0.4602104760742188,-0.666462270747745,0.0342543132389782,-0.3088587749304243,0.0839045660124949,-0.0208990197010165
PLTR,2026-08-22,2026-08-17,End of Week,monthly,2026-09-18,20-45_day,20,5,call,-2,170.0,15.25,15.1,15.35,1686.0,12079.0,0.4954884436035156,0.6947689488232742,0.0144498419603032,-0.168481174250012,0.1714837494737887,0.0810191092066173
PLTR,2026-08-22,2026-08-17,End of Week,monthly,2026-09-18,20-45_day,20,5,put,-2,170.0,4.84,4.75,4.9,1432.0,7389.0,0.4665580688476562,-0.2970550982459178,0.0151592481913781,-0.1404599444696934,0.1693985590856881,-0.042936584180617
PLTR,2026-08-22,2026-08-17,End of Week,monthly,2026-09-18,20-45_day,20,5,call,-1,175.0,12.06,11.95,12.2,4789.0,7798.0,0.4862111926269531,0.6169123297107808,0.0160405174440209,-0.1782231174461151,0.1867969022336938,0.0730153470502859
PLTR,2026-08-22,2026-08-17,End of Week,monthly,2026-09-18,20-45_day,20,5,put,-1,175.0,6.7,6.65,6.75,1705.0,3628.0,0.4596001306152344,-0.3793635574363287,0.016919225173211,-0.1509285805747001,0.1862460014523983,-0.0552190436876085
PLTR,2026-08-22,2026-08-17,End of Week,monthly,2026-09-18,20-45_day,20,5,call,0,180.0,9.39,9.3,9.5,3367.0,12260.0,0.4795584271240234,0.5333525288830729,0.0169388569306776,-0.1815653454128225,0.1945592891198113,0.063918326165681
PLTR,2026-08-22,2026-08-17,End of Week,monthly,2026-09-18,20-45_day,20,5,put,0,180.0,9.1,8.85,9.1,902.0,3145.0,0.4564263342285156,-0.4675256863080551,0.0178005805872666,-0.1550449125573502,0.1945947884973532,-0.0686513900333462
PLTR,2026-08-22,2026-08-17,End of Week,monthly,2026-09-18,20-45_day,20,5,call,1,185.0,7.2,7.05,7.25,6533.0,7519.0,0.4748587670898437,0.448717629775947,0.017024500518273,-0.1777360696627763,0.1936266730588768,0.0543417025875098
PLTR,2026-08-22,2026-08-17,End of Week,monthly,2026-09-18,20-45_day,20,5,put,1,185.0,11.7,11.6,11.85,141.0,2327.0,0.4515435705566406,-0.5564847412620335,0.0178716565388892,-0.1502856758850836,0.193281735297997,-0.0824913724927216
PLTR,2026-08-22,2026-08-17,End of Week,monthly,2026-09-18,20-45_day,20,5,call,2,190.0,5.39,5.3,5.45,3391.0,14800.0,0.4729666961669921,0.3679653051874542,0.0162824200771825,-0.1677276316378121,0.1844488109758513,0.0449430769669982
PLTR,2026-08-22,2026-08-17,End of Week,monthly,2026-09-18,20-45_day,20,5,put,2,190.0,14.8,14.8,15.1,58.0,199.0,0.4510552941894531,-0.6404770214878318,0.0169401158979483,-0.1396677906200586,0.1830090243385672,-0.0960455836152098
SHOP,2026-08-22,2026-08-17,End of Week,weekly,2026-08-28,5-9_day,5,5,call,-2,147.0,4.82,4.2,5.15,5.0,36.0,0.4794973925781249,0.6132287242814546,0.0417158601184115,-0.3014736601501702,0.073244415552633,0.0142362928404685
SHOP,2026-08-22,2026-08-17,End of Week,weekly,2026-08-28,5-9_day,5,5,put,-2,147.0,2.57,1.99,2.88,26.0,53.0,0.4770560107421875,-0.386327824376416,0.0419153392343265,-0.2849622585111136,0.0732199491785567,-0.0098995395280538
SHOP,2026-08-22,2026-08-17,End of Week,weekly,2026-08-28,5-9_day,5,5,call,-1,148.0,4.2,3.65,4.5,125.0,139.0,0.4680228979492187,0.5715518913936966,0.0438266535680198,-0.3011767391695438,0.0751090861226212,0.0133212471799907
SHOP,2026-08-22,2026-08-17,End of Week,weekly,2026-08-28,5-9_day,5,5,put,-1,148.0,3.04,2.41,3.35,32.0,39.0,0.4804739453125,-0.4296641655738804,0.0427145713129174,-0.2940744609097451,0.0751506878071384,-0.0110378995424949
SHOP,2026-08-22,2026-08-17,End of Week,weekly,2026-08-28,5-9_day,5,5,call,0,149.0,3.56,3.15,4.0,78.0,32.0,0.4702201416015625,0.5271339031208417,0.0442343075066165,-0.3060620210303882,0.0761636109917073,0.0123150750518058
SHOP,2026-08-22,2026-08-17,End of Week,weekly,2026-08-28,5-9_day,5,5,put,0,149.0,3.6,2.88,3.8,9.0,298.0,0.4763235961914062,-0.4729037760772121,0.0436677847592086,-0.29479681578975,0.0761641014256638,-0.0121717087291502
SHOP,2026-08-22,2026-08-17,End of Week,weekly,2026-08-28,5-9_day,5,5,call,1,150.0,3.15,2.97,3.3,2483.0,2552.0,0.4431208032226562,0.4804250477604044,0.0469917018453764,-0.2885362994001727,0.0762483374440553,0.0112820941618763
SHOP,2026-08-22,2026-08-17,End of Week,weekly,2026-08-28,5-9_day,5,5,put,1,150.0,3.45,3.45,4.35,122.0,152.0,0.4794973925781249,-0.5163025854888986,0.0434427656023212,-0.2965468002939906,0.0762765041281668,-0.013325725053706
SHOP,2026-08-22,2026-08-17,End of Week,weekly,2026-08-28,5-9_day,5,5,call,2,152.5,2.18,2.03,2.29,266.0,188.0,0.4426325268554688,0.3667534170213893,0.0444480147451598,-0.2710864386898244,0.0720415019452783,0.0086584985400443
SHOP,2026-08-22,2026-08-17,End of Week,weekly,2026-08-28,5-9_day,5,5,put,2,152.5,5.6,4.8,5.95,18.0,155.0,0.4946339599609375,-0.6172835915293116,0.0403137489859533,-0.2910389534003594,0.073017033247632,-0.0160650927166556
SHOP,2026-08-22,2026-08-17,End of Week,monthly,2026-09-18,20-45_day,20,5,call,-2,140.0,12.87,11.95,13.85,69.0,47772.0,0.5280808911132813,0.7041530945332705,0.0161170324351978,-0.1464120025570311,0.1402442653584634,0.0674146186703321
SHOP,2026-08-22,2026-08-17,End of Week,monthly,2026-09-18,20-45_day,20,5,put,-2,140.0,3.32,3.2,3.45,44.0,1580.0,0.4473932214355468,-0.2711973102490037,0.0182466557579496,-0.1070058021718657,0.1345154775334754,-0.0323204801775798
SHOP,2026-08-22,2026-08-17,End of Week,monthly,2026-09-18,20-45_day,20,5,call,-1,145.0,9.62,8.85,10.55,27.0,2611.0,0.5079394909667969,0.6171693583840024,0.0185079215890459,-0.1539919852023601,0.1549063459533021,0.0602779171460813
SHOP,2026-08-22,2026-08-17,End of Week,monthly,2026-09-18,20-45_day,20,5,put,-1,145.0,5.08,4.4,5.65,19.0,1219.0,0.4670463452148438,-0.3773140748936654,0.0200395849912654,-0.1271199135606971,0.1542226923360237,-0.0456117445708589
SHOP,2026-08-22,2026-08-17,End of Week,monthly,2026-09-18,20-45_day,20,5,call,0,150.0,6.98,7.0,7.35,900.0,7195.0,0.4671684143066406,0.5182169224307619,0.0210152089423544,-0.147063669354004,0.1617732698029572,0.0517388070167212
SHOP,2026-08-22,2026-08-17,End of Week,monthly,2026-09-18,20-45_day,20,5,put,0,150.0,7.55,7.2,7.8,22.0,655.0,0.449102188720703,-0.4830484564107773,0.0218636571410975,-0.1264759448216534,0.1617959175289272,-0.0588394937969242
SHOP,2026-08-22,2026-08-17,End of Week,monthly,2026-09-18,20-45_day,20,5,call,1,155.0,5.2,5.05,5.2,634.0,3055.0,0.4606987524414063,0.4140491413506268,0.0208355360980302,-0.1406917985354441,0.1581689730351241,0.0418507092316731
SHOP,2026-08-22,2026-08-17,End of Week,monthly,2026-09-18,20-45_day,20,5,put,1,155.0,10.39,9.45,11.45,8.0,1043.0,0.4918263708496094,-0.5773819053495203,0.0196053443410343,-0.1348306040110673,0.1588860853252833,-0.0719115970780989
SHOP,2026-08-22,2026-08-17,End of Week,monthly,2026-09-18,20-45_day,20,5,call,2,160.0,3.63,3.4,3.65,3260.0,82234.0,0.4621635815429688,0.3196660696790328,0.0190535278237303,-0.1286646503720053,0.1451010977072058,0.0325939106986141
SHOP,2026-08-22,2026-08-17,End of Week,monthly,2026-09-18,20-45_day,20,5,put,2,160.0,13.88,12.8,15.0,2.0,653.0,0.5025684509277344,-0.6629065451273215,0.0179013463503284,-0.1264334589666582,0.1482451509177645,-0.0839523982243007
XOM,2026-08-22,2026-08-17,End of Week,weekly,2026-08-28,5-9_day,5,5,call,-2,160.0,5.87,5.25,6.45,86.0,3935.0,0.3654848608398438,0.7603237915777425,0.0401505470310845,-0.2124047906097229,0.0657606357124779,0.0195964698935466
XOM,2026-08-22,2026-08-17,End of Week,weekly,2026-08-28,5-9_day,5,5,put,-2,160.0,0.75,0.65,0.75,643.0,1321.0,0.2810130493164062,-0.1820679545759769,0.0444266086388509,-0.1278982485723088,0.0559467410579574,-0.0050400872168417
XOM,2026-08-22,2026-08-17,End of Week,weekly,2026-08-28,5-9_day,5,5,call,-1,162.5,3.94,3.75,4.25,104.0,431.0,0.3039620385742187,0.6714766182257876,0.05617999828002,-0.2046899920454929,0.0765255067259686,0.0175464960205082
XOM,2026-08-22,2026-08-17,End of Week,weekly,2026-08-28,5-9_day,5,5,put,-1,162.5,1.28,1.17,1.38,1194.0,532.0,0.2727123510742187,-0.3118424241535135,0.0612675455284851,-0.1648090890887625,0.0748756203538726,-0.0086578944418904
XOM,2026-08-22,2026-08-17,End of Week,weekly,2026-08-28,5-9_day,5,5,call,0,165.0,2.58,2.42,2.7,1159.0,1808.0,0.2900461621093749,0.5211000836515323,0.0648832155096076,-0.2123261786152296,0.0843343752234203,0.0137234441497623
XOM,2026-08-22,2026-08-17,End of Week,weekly,2026-08-28,5-9_day,5,5,put,0,165.0,2.25,2.19,2.39,1135.0,1232.0,0.2680737255859374,-0.4783403958755926,0.0701960270530607,-0.1801372769616687,0.0843280245307349,-0.0133376612086303
XOM,2026-08-22,2026-08-17,End of Week,weekly,2026-08-28,5-9_day,5,5,call,1,167.5,1.48,1.36,1.59,1969.0,751.0,0.2844309838867186,0.3597484064115463,0.062118927710569,-0.1935635273715447,0.0791782680809678,0.0095265577439507
XOM,2026-08-22,2026-08-17,End of Week,weekly,2026-08-28,5-9_day,5,5,put,1,167.5,3.56,3.4,4.25,544.0,739.0,0.3156806713867187,-0.6254294720450501,0.0567224887793295,-0.2001926942116011,0.0802432321297989,-0.0176295697322481
XOM,2026-08-22,2026-08-17,End of Week,weekly,2026-08-28,5-9_day,5,5,call,2,170.0,0.85,0.78,0.87,3591.0,3129.0,0.2832102929687499,0.2209936825484213,0.0495152476393441,-0.1519463705640252,0.0628424535236304,0.0058751319393292
XOM,2026-08-22,2026-08-17,End of Week,weekly,2026-08-28,5-9_day,5,5,put,2,170.0,4.38,4.9,6.2,2.0,79.0,0.3430241479492187,-0.7349249096920457,0.0451132663073077,-0.1852970567946174,0.0693480271229817,-0.0209218475000527
XOM,2026-08-22,2026-08-17,End of Week,monthly,2026-09-18,20-45_day,20,5,call,-2,155.0,11.77,11.25,12.5,154.0,9075.0,0.3491276025390625,0.7709006584949424,0.0193251470703293,-0.0996105391867972,0.1360581782131398,0.0847442793912358
XOM,2026-08-22,2026-08-17,End of Week,monthly,2026-09-18,20-45_day,20,5,put,-2,155.0,1.43,1.35,1.46,220.0,4356.0,0.2806468420410155,-0.1835471800642167,0.0210764207381295,-0.0587795026789109,0.1192819353751353,-0.0233850001498513
XOM,2026-08-22,2026-08-17,End of Week,monthly,2026-09-18,20-45_day,20,5,call,-1,160.0,8.14,7.75,8.65,271.0,13071.0,0.3194648132324218,0.6688912780275759,0.0252777010883588,-0.10666839232003,0.1628464375678655,0.0751647578475286
XOM,2026-08-22,2026-08-17,End of Week,monthly,2026-09-18,20-45_day,20,5,put,-1,160.0,2.69,2.61,2.86,262.0,3058.0,0.2788158056640625,-0.3125335205415719,0.0282765845535647,-0.0765771515746451,0.1589871405661001,-0.0401140944238515
XOM,2026-08-22,2026-08-17,End of Week,monthly,2026-09-18,20-45_day,20,5,call,0,165.0,5.31,5.15,5.5,1131.0,10338.0,0.2985909985351562,0.5329172418099248,0.0296512357646292,-0.1070953436032416,0.1785406727484322,0.0609278671721466
XOM,2026-08-22,2026-08-17,End of Week,monthly,2026-09-18,20-45_day,20,5,put,0,165.0,4.65,4.5,4.85,245.0,1027.0,0.2690502783203125,-0.4668465186194636,0.0329052102304339,-0.080656190918095,0.1785318779129595,-0.060373427219639
XOM,2026-08-22,2026-08-17,End of Week,monthly,2026-09-18,20-45_day,20,5,call,1,170.0,3.05,3.05,3.15,774.0,13068.0,0.2828440856933593,0.3800827852152802,0.0299791359523775,-0.0956159896172943,0.1709951810425497,0.0440385272208861
XOM,2026-08-22,2026-08-17,End of Week,monthly,2026-09-18,20-45_day,20,5,put,1,170.0,7.4,7.2,8.65,7.0,974.0,0.3179999841308593,-0.6035252292273255,0.0269906498619498,-0.090960238182991,0.1730844679225945,-0.0798157597435791
XOM,2026-08-22,2026-08-17,End of Week,monthly,2026-09-18,20-45_day,20,5,call,2,175.0,1.75,1.61,1.8,568.0,17218.0,0.285041329345703,0.2494486590441935,0.0247968225102641,-0.0792378313090065,0.1425350019279216,0.029111353865582
XOM,2026-08-22,2026-08-17,End of Week,monthly,2026-09-18,20-45_day,20,5,put,2,175.0,10.77,10.7,12.15,4.0,1011.0,0.3164130859374999,-0.7261032483378919,0.0234366094441205,-0.0742497774097288,0.1495432713725771,-0.0973391927313833
AMD,2026-08-22,2026-08-17,End of Week,weekly,2026-08-28,5-9_day,5,5,call,-2,467.5,17.03,16.55,17.4,265.0,194.0,0.5354050366210938,0.5875658559933696,0.0119832456231559,-1.0805214574119804,0.2362090564287131,0.0430600586136964
AMD,2026-08-22,2026-08-17,End of Week,weekly,2026-08-28,5-9_day,5,5,put,-2,467.5,10.65,8.9,11.35,159.0,193.0,0.5403488348388674,-0.4129767726812904,0.0118772585261817,-1.043052418965151,0.2362816854784024,-0.0338038159084916
AMD,2026-08-22,2026-08-17,End of Week,weekly,2026-08-28,5-9_day,5,5,call,-1,470.0,15.5,15.15,15.9,1621.0,4604.0,0.5312546875,0.5573213727210334,0.0122482307733185,-1.085884214863896,0.2395608066188926,0.0409474972353006
AMD,2026-08-22,2026-08-17,End of Week,weekly,2026-08-28,5-9_day,5,5,put,-1,470.0,11.7,10.25,13.4,858.0,858.0,0.5139208764648437,-0.4416510549966673,0.0126565518464374,-1.003239713866895,0.2394700989475142,-0.0361174858038614
AMD,2026-08-22,2026-08-17,End of Week,weekly,2026-08-28,5-9_day,5,5,call,0,472.5,14.6,13.85,14.6,200.0,82.0,0.5300950311279298,0.5264272675171743,0.0123760552445904,-1.0909265701540218,0.2415325151789169,0.0387601379613998
AMD,2026-08-22,2026-08-17,End of Week,weekly,2026-08-28,5-9_day,5,5,put,0,472.5,13.15,12.6,13.45,86.0,112.0,0.5129443237304687,-0.4735803629559043,0.0127898748890716,-1.0084517425795465,0.2415328220589838,-0.0387962389570396
AMD,2026-08-22,2026-08-17,End of Week,weekly,2026-08-28,5-9_day,5,5,call,1,475.0,13.05,11.5,13.5,1273.0,1627.0,0.5100146655273439,0.4942456531445294,0.0128902815906611,-1.0512847222815422,0.2420386379773454,0.0365351974824958
AMD,2026-08-22,2026-08-17,End of Week,weekly,2026-08-28,5-9_day,5,5,put,1,475.0,14.05,13.85,15.05,589.0,1674.0,0.5177050183105469,-0.5052784761456519,0.0126990098057832,-1.0185658863188694,0.2420426307009347,-0.0414929672377279
AMD,2026-08-22,2026-08-17,End of Week,weekly,2026-08-28,5-9_day,5,5,call,2,477.5,12.32,10.5,12.3,456.0,2314.0,0.5109912182617188,0.4623972977486492,0.012809786768445,-1.047359928520525,0.2409877507828481,0.0342394479469187
AMD,2026-08-22,2026-08-17,End of Week,weekly,2026-08-28,5-9_day,5,5,put,2,477.5,15.67,15.15,16.5,100.0,93.0,0.5177660528564454,-0.5367693281823996,0.0126446502339436,-1.0126871759463945,0.2410349527179457,-0.0441678560909161
AMD,2026-08-22,2026-08-17,End of Week,monthly,2026-09-18,20-45_day,20,5,call,-2,450.0,41.05,38.85,41.65,140.0,2335.0,0.5308579629516602,0.6700703718632199,0.0052996282716165,-0.4863169038773501,0.4660965511739676,0.2045830490926932
AMD,2026-08-22,2026-08-17,End of Week,monthly,2026-09-18,20-45_day,20,5,put,-2,450.0,16.65,15.55,16.75,1158.0,5353.0,0.5131884619140624,-0.3262210117119959,0.0054571011821669,-0.423693352961274,0.463971212019997,-0.1254752287618289
AMD,2026-08-22,2026-08-17,End of Week,monthly,2026-09-18,20-45_day,20,5,call,-1,460.0,35.0,34.55,35.3,198.0,1530.0,0.5396774548339844,0.6123904406337191,0.0055137007948057,-0.5185731038719674,0.4929803578580482,0.1883974546515933
AMD,2026-08-22,2026-08-17,End of Week,monthly,2026-09-18,20-45_day,20,5,put,-1,460.0,20.4,19.75,20.55,214.0,3391.0,0.509495871887207,-0.3843718262402826,0.0058260150682722,-0.4435588748862129,0.4917727024710014,-0.1487111760617028
AMD,2026-08-22,2026-08-17,End of Week,monthly,2026-09-18,20-45_day,20,5,call,0,470.0,29.76,27.7,30.05,2307.0,9754.0,0.522740368347168,0.5552193929080462,0.0058723364779713,-0.5160709379591216,0.5085681013994549,0.1729006699574391
AMD,2026-08-22,2026-08-17,End of Week,monthly,2026-09-18,20-45_day,20,5,put,0,470.0,24.63,24.4,25.25,308.0,2713.0,0.5073901800537108,-0.4447952801871921,0.0060500247772909,-0.4540536726103751,0.5085707235955985,-0.1732453864344811
AMD,2026-08-22,2026-08-17,End of Week,monthly,2026-09-18,20-45_day,20,5,call,1,480.0,24.95,23.2,25.2,571.0,2995.0,0.5215196774291991,0.4961797581095913,0.005942831015545,-0.5172986463086945,0.5134713609200151,0.1557392233387767
AMD,2026-08-22,2026-08-17,End of Week,monthly,2026-09-18,20-45_day,20,5,put,1,480.0,30.0,29.65,31.4,267.0,3343.0,0.5134631173706053,-0.5047611568200581,0.0060359246578459,-0.4609669536641861,0.5134583351644243,-0.198379545598846
AMD,2026-08-22,2026-08-17,End of Week,monthly,2026-09-18,20-45_day,20,5,call,2,490.0,21.08,19.9,21.3,377.0,3365.0,0.5301560656738282,0.4403468942255005,0.0057808086730197,-0.5175740808342326,0.5077436204815644,0.1389035490433831
AMD,2026-08-22,2026-08-17,End of Week,monthly,2026-09-18,20-45_day,20,5,put,2,490.0,36.75,35.45,37.85,26.0,1747.0,0.5166674310302735,-0.5626631242235337,0.0059247621357758,-0.4545764591021547,0.5071473378857094,-0.2231162282191895
BAC,2026-08-22,2026-08-17,End of Week,weekly,2026-08-28,5-9_day,5,5,call,-2,60.0,1.97,1.84,2.01,136.0,2061.0,0.2768627001953124,0.7931642656776439,0.1304363545067582,-0.0568951544952654,0.0225918091049821,0.0077168364210507
BAC,2026-08-22,2026-08-17,End of Week,weekly,2026-08-28,5-9_day,5,5,put,-2,60.0,0.16,0.16,0.17,2899.0,1459.0,0.2148516015625,-0.1481764228317559,0.1360883638628018,-0.0318070043324648,0.018291423085958,-0.0015242725581761
BAC,2026-08-22,2026-08-17,End of Week,weekly,2026-08-28,5-9_day,5,5,call,-1,61.0,1.15,1.11,1.19,404.0,718.0,0.2353592089843749,0.6583794748038702,0.1971877101140099,-0.060954714453961,0.0290334701290614,0.0064861343110432
BAC,2026-08-22,2026-08-17,End of Week,weekly,2026-08-28,5-9_day,5,5,put,-1,61.0,0.39,0.38,0.4,8242.0,6380.0,0.2041095214843749,-0.3205348214819821,0.2216699232657426,-0.0460991842905501,0.0283046600084456,-0.0033065834597442
BAC,2026-08-22,2026-08-17,End of Week,weekly,2026-08-28,5-9_day,5,5,call,0,62.0,0.57,0.51,0.59,3994.0,1697.0,0.2148516015625,0.4419393121201852,0.2322712038273682,-0.0586108410260095,0.0312192074274213,0.004390892243636
BAC,2026-08-22,2026-08-17,End of Week,weekly,2026-08-28,5-9_day,5,5,put,0,62.0,0.82,0.79,0.84,1302.0,2282.0,0.19727365234375,-0.564119619273458,0.2523706132818169,-0.0475861486377981,0.0311455335698423,-0.0058471067455647
BAC,2026-08-22,2026-08-17,End of Week,weekly,2026-08-28,5-9_day,5,5,call,1,63.0,0.2,0.2,0.22,5831.0,5580.0,0.1987384814453124,0.2153526334838593,0.186059940430227,-0.0396419703167329,0.0231325096345483,0.0021525148190906
BAC,2026-08-22,2026-08-17,End of Week,weekly,2026-08-28,5-9_day,5,5,put,1,63.0,1.43,1.4,1.53,1397.0,3689.0,0.1987384814453124,-0.7846473665161406,0.186059940430227,-0.0332423127119318,0.0231325096345483,-0.0081973356482924
BAC,2026-08-22,2026-08-17,End of Week,weekly,2026-08-28,5-9_day,5,5,call,2,64.0,0.06,0.06,0.07,1441.0,12303.0,0.19727365234375,0.0782904640977858,0.0937336813904469,-0.0195022982593047,0.0115678504815101,0.0007849552057114
BAC,2026-08-22,2026-08-17,End of Week,weekly,2026-08-28,5-9_day,5,5,put,2,64.0,2.33,2.24,2.48,165.0,1795.0,0.254890263671875,-0.862117647922555,0.1092636315359309,-0.0313566158303331,0.0174227531897299,-0.0091387634475466
BAC,2026-08-22,2026-08-17,End of Week,monthly,2026-09-18,20-45_day,20,5,call,-2,57.5,4.4,4.4,4.5,71.0,12164.0,0.24414818359375,0.8715544909632675,0.0512127147537915,-0.0209100352325474,0.0351991127523937,0.0363560586958166
BAC,2026-08-22,2026-08-17,End of Week,monthly,2026-09-18,20-45_day,20,5,put,-2,57.5,0.28,0.25,0.32,254.0,15792.0,0.2465895654296875,-0.1306750553140576,0.0513137919726536,-0.0154185817391167,0.0356212557343612,-0.0061697550911822
BAC,2026-08-22,2026-08-17,End of Week,monthly,2026-09-18,20-45_day,20,5,call,-1,60.0,2.38,2.29,2.45,627.0,28242.0,0.215828154296875,0.708601470131264,0.0947394668522576,-0.0271919198805735,0.057562474352203,0.0304586808096275
BAC,2026-08-22,2026-08-17,End of Week,monthly,2026-09-18,20-45_day,20,5,put,-1,60.0,0.78,0.77,0.8,1159.0,11643.0,0.2226640234374999,-0.2965771897196185,0.092581925615904,-0.0219963079958112,0.0580332219176848,-0.0140687918700981
BAC,2026-08-22,2026-08-17,End of Week,monthly,2026-09-18,20-45_day,20,5,call,0,62.5,0.96,0.92,0.99,982.0,10639.0,0.1977619287109375,0.4346259822525586,0.1186132860891234,-0.0268038875330685,0.0660353444747124,0.019067684190017
BAC,2026-08-22,2026-08-17,End of Week,monthly,2026-09-18,20-45_day,20,5,put,0,62.5,1.9,1.86,1.94,1289.0,13033.0,0.2187578124999999,-0.557002412388413,0.1075802652033956,-0.0231620934963061,0.0662516354284383,-0.0267591958551443
BAC,2026-08-22,2026-08-17,End of Week,monthly,2026-09-18,20-45_day,20,5,call,1,65.0,0.27,0.26,0.27,4280.0,58093.0,0.187508125,0.1721929405338558,0.0810965306520713,-0.0159153347237629,0.0428077880038312,0.0076478797978604
BAC,2026-08-22,2026-08-17,End of Week,monthly,2026-09-18,20-45_day,20,5,put,1,65.0,3.75,3.65,3.8,203.0,2584.0,0.23438265625,-0.771852624396471,0.0768642797912963,-0.016803701785042,0.0507166378133869,-0.0379124163601513
BAC,2026-08-22,2026-08-17,End of Week,monthly,2026-09-18,20-45_day,20,5,call,2,67.5,0.07,0.06,0.07,600.0,6036.0,0.195320546875,0.0530401612593638,0.0329834470188708,-0.0068851969769552,0.0181361205210262,0.0023672424176822
BAC,2026-08-22,2026-08-17,End of Week,monthly,2026-09-18,20-45_day,20,5,put,2,67.5,5.57,5.9,6.15,2.0,86.0,0.2900461621093749,-0.8569510538765946,0.0464090104857964,-0.0143735038801342,0.0378939478217487,-0.0435215903557185
FIG,2026-08-22,2026-08-17,End of Week,weekly,2026-08-28,5-9_day,5,5,call,-2,26.0,1.67,1.48,1.82,139.0,505.0,0.68555001953125,0.6992768186386162,0.1461269524865195,-0.0708557590663596,0.0120939022627264,0.0028533174307967
FIG,2026-08-22,2026-08-17,End of Week,weekly,2026-08-28,5-9_day,5,5,put,-2,26.0,0.55,0.5,0.59,189.0,427.0,0.6816438085937502,-0.299856720104065,0.146772801353786,-0.0677342836631445,0.0120781399542482,-0.0014134134566902
FIG,2026-08-22,2026-08-17,End of Week,weekly,2026-08-28,5-9_day,5,5,call,-1,26.5,1.3,1.2,1.42,145.0,227.0,0.6621127539062501,0.6229995094343734,0.165103336970832,-0.0744066622889238,0.0131972907417894,0.0025701476490879
FIG,2026-08-22,2026-08-17,End of Week,weekly,2026-08-28,5-9_day,5,5,put,-1,26.5,0.88,0.49,0.89,207.0,30.0,0.648441015625,-0.3751651588289368,0.1683271382588154,-0.0701092319715992,0.0131771532635611,-0.0017722211229904
FIG,2026-08-22,2026-08-17,End of Week,weekly,2026-08-28,5-9_day,5,5,call,0,27.0,1.1,0.97,1.1,654.0,736.0,0.65820654296875,0.537139083267729,0.1736848843310411,-0.0770821188231932,0.0138013382144269,0.002233465533945
FIG,2026-08-22,2026-08-17,End of Week,weekly,2026-08-28,5-9_day,5,5,put,0,27.0,0.97,0.86,1.04,570.0,129.0,0.6689486230468751,-0.462912902057833,0.170897909388916,-0.0755741553674061,0.0138015064912046,-0.0022048533354844
FIG,2026-08-22,2026-08-17,End of Week,weekly,2026-08-28,5-9_day,5,5,call,1,27.5,0.82,0.72,0.83,182.0,123.0,0.637698935546875,0.4479392695523504,0.1785158740052117,-0.0741953695185749,0.0137432520820062,0.001878532576119
FIG,2026-08-22,2026-08-17,End of Week,weekly,2026-08-28,5-9_day,5,5,put,1,27.5,1.3,1.14,1.48,103.0,3.0,0.72851833984375,-0.5412711072328047,0.1567612830624533,-0.0820870096176826,0.0137872064441285,-0.0026117465450816
FIG,2026-08-22,2026-08-17,End of Week,weekly,2026-08-28,5-9_day,5,5,call,2,28.0,0.62,0.57,0.73,1441.0,1078.0,0.6826203613281252,0.3735121423087794,0.1596755735966588,-0.0758231387930658,0.0131587520374759,0.0015679863008436
FIG,2026-08-22,2026-08-17,End of Week,weekly,2026-08-28,5-9_day,5,5,put,2,28.0,1.5,1.35,1.75,11.0,3.0,0.6826203613281252,-0.6264878576912206,0.1596755735966588,-0.0729788465242653,0.0131587520374759,-0.0030319472402155
FIG,2026-08-22,2026-08-17,End of Week,monthly,2026-09-18,20-45_day,20,5,call,-2,20.0,7.25,6.8,7.45,36.0,4659.0,0.5312546875,0.9858756208222148,0.0091835723076166,-0.0045938747160867,0.0026504762592048,0.0144557196610235
FIG,2026-08-22,2026-08-17,End of Week,monthly,2026-09-18,20-45_day,20,5,put,-2,20.0,0.12,0.12,0.35,9.0,8489.0,0.8339860351562498,-0.0714785765273781,0.0221964842942828,-0.0153130000246429,0.0100566298179928,-0.0015912239140259
FIG,2026-08-22,2026-08-17,End of Week,monthly,2026-09-18,20-45_day,20,5,call,-1,22.5,4.75,4.9,5.25,42.0,1658.0,0.726565234375,0.8540658234050051,0.0427448502244905,-0.0245351630871355,0.0168720520567854,0.0133469218307923
FIG,2026-08-22,2026-08-17,End of Week,monthly,2026-09-18,20-45_day,20,5,put,-1,22.5,0.4,0.39,0.45,69.0,3714.0,0.694338994140625,-0.1369809646735584,0.0428500820486774,-0.0203664302553569,0.0161633995091186,-0.0030324287984932
FIG,2026-08-22,2026-08-17,End of Week,monthly,2026-09-18,20-45_day,20,5,call,0,25.0,3.18,3.05,3.4,453.0,12849.0,0.6972686523437501,0.7035396235557672,0.0672888629660174,-0.034521395183744,0.0254890015756602,0.0117098600005327
FIG,2026-08-22,2026-08-17,End of Week,monthly,2026-09-18,20-45_day,20,5,put,0,25.0,1.06,0.91,1.19,297.0,4303.0,0.6684603466796877,-0.2912818061057191,0.0696189789553738,-0.0303930099657177,0.0252820795255301,-0.0065746935029063
FIG,2026-08-22,2026-08-17,End of Week,monthly,2026-09-18,20-45_day,20,5,call,1,30.0,1.12,1.05,1.15,716.0,12555.0,0.7182645361328125,0.3413852799493079,0.0693189777801749,-0.0368078814174918,0.0270486794606754,0.0060397406335642
FIG,2026-08-22,2026-08-17,End of Week,monthly,2026-09-18,20-45_day,20,5,put,1,30.0,3.66,3.8,4.15,25.0,830.0,0.70898728515625,-0.6615045636535315,0.0699978456210077,-0.0331814172495437,0.0269607900190208,-0.0161306198678303
FIG,2026-08-22,2026-08-17,End of Week,monthly,2026-09-18,20-45_day,20,5,call,2,35.0,0.33,0.3,0.4,88.0,5991.0,0.7597680273437502,0.1310665528417706,0.0379901592161592,-0.022388912314189,0.01568056188963,0.0023776694517822
FIG,2026-08-22,2026-08-17,End of Week,monthly,2026-09-18,20-45_day,20,5,put,2,35.0,7.8,7.55,8.85,2.0,512.0,0.727541787109375,-0.8809985166317023,0.0370847284985796,-0.0164988256040659,0.0146575890056707,-0.0236474751437089
RKLB,2026-08-22,2026-08-17,End of Week,weekly,2026-08-28,5-9_day,5,5,call,-2,71.0,3.6,3.5,3.85,61.0,111.0,0.7114286669921875,0.6148866289490629,0.0577520779127793,-0.2150536006794037,0.0355689958055829,0.0067604960128574
RKLB,2026-08-22,2026-08-17,End of Week,weekly,2026-08-28,5-9_day,5,5,put,-2,71.0,2.02,1.88,2.08,379.0,880.0,0.6792024267578126,-0.3814377933292745,0.0603195735777259,-0.1977532302779662,0.0354674626504922,-0.0048409577642465
RKLB,2026-08-22,2026-08-17,End of Week,weekly,2026-08-28,5-9_day,5,5,call,-1,72.0,3.23,3.0,3.25,218.0,175.0,0.70898728515625,0.5552385021417586,0.0598956615627462,-0.2209988803575663,0.0367626188292572,0.006140651202613
RKLB,2026-08-22,2026-08-17,End of Week,weekly,2026-08-28,5-9_day,5,5,put,-1,72.0,2.43,2.43,2.53,398.0,430.0,0.6904327832031252,-0.4442391713219519,0.0614939331130658,-0.2079724777805224,0.0367558359064353,-0.0056703065478267
RKLB,2026-08-22,2026-08-17,End of Week,weekly,2026-08-28,5-9_day,5,5,call,0,73.0,2.63,2.52,2.73,369.0,280.0,0.7050810742187501,0.4946519817565096,0.0608058927037727,-0.221480857441254,0.0371156742785357,0.0055005848799279
RKLB,2026-08-22,2026-08-17,End of Week,weekly,2026-08-28,5-9_day,5,5,put,0,73.0,2.99,2.83,3.15,219.0,496.0,0.6889679541015626,-0.5063068069215769,0.0622257952772735,-0.2090731614094198,0.0371143711403762,-0.0064937059065549
RKLB,2026-08-22,2026-08-17,End of Week,weekly,2026-08-28,5-9_day,5,5,call,1,74.0,2.19,2.0,2.25,450.0,221.0,0.6875031250000001,0.4323539511809142,0.0614674382069859,-0.212589159197164,0.036584103606916,0.0048384574782979
RKLB,2026-08-22,2026-08-17,End of Week,weekly,2026-08-28,5-9_day,5,5,put,1,74.0,3.54,3.35,3.75,524.0,567.0,0.6860382958984376,-0.5678630081861834,0.0615928828511839,-0.2046047711804394,0.0365806585450249,-0.007320217032802
RKLB,2026-08-22,2026-08-17,End of Week,weekly,2026-08-28,5-9_day,5,5,call,2,75.0,1.82,1.76,1.87,1102.0,568.0,0.7036162451171876,0.3770513966091339,0.05802061902719,-0.2098421334860983,0.0353419773622141,0.0042300082006304
RKLB,2026-08-22,2026-08-17,End of Week,weekly,2026-08-28,5-9_day,5,5,put,2,75.0,4.15,4.1,4.2,374.0,817.0,0.6792024267578126,-0.6284230652391513,0.0598285614905215,-0.194077727205485,0.0351787511787272,-0.008142397574534
RKLB,2026-08-22,2026-08-17,End of Week,monthly,2026-09-18,20-45_day,20,5,call,-2,65.0,11.3,9.1,11.6,1.0,777.0,0.764650791015625,0.7411503157452776,0.0214429154424611,-0.0948606307034278,0.0638751771120527,0.0321096475789626
RKLB,2026-08-22,2026-08-17,End of Week,monthly,2026-09-18,20-45_day,20,5,put,-2,65.0,2.35,2.31,2.5,288.0,4957.0,0.7072783178710937,-0.2472613253491415,0.0226303267059106,-0.0796157259904523,0.0623542860036274,-0.014950707148895
RKLB,2026-08-22,2026-08-17,End of Week,monthly,2026-09-18,20-45_day,20,5,call,-1,70.0,7.45,7.1,7.35,238.0,1721.0,0.74414318359375,0.6152034494659345,0.0260214158161487,-0.1077562517351229,0.075434944097271,0.0276816234647861
RKLB,2026-08-22,2026-08-17,End of Week,monthly,2026-09-18,20-45_day,20,5,put,-1,70.0,4.37,4.25,4.5,259.0,4271.0,0.7077665942382813,-0.3829227141160753,0.0273192017800503,-0.0954775968779123,0.07532570562118,-0.0236538516708738
RKLB,2026-08-22,2026-08-17,End of Week,monthly,2026-09-18,20-45_day,20,5,call,0,75.0,4.87,4.8,5.0,589.0,1244.0,0.7419459399414061,0.4805704871001991,0.0272100765892505,-0.1111094539127354,0.0786479069111439,0.0221915077942509
RKLB,2026-08-22,2026-08-17,End of Week,monthly,2026-09-18,20-45_day,20,5,put,0,75.0,7.05,6.9,7.1,280.0,2497.0,0.7006865869140625,-0.5251736235483146,0.0287890888770061,-0.0974061892366379,0.0785844949984479,-0.0332043042009479
RKLB,2026-08-22,2026-08-17,End of Week,monthly,2026-09-18,20-45_day,20,5,call,1,80.0,3.22,3.15,3.3,715.0,3380.0,0.7434107690429688,0.3566521999412472,0.0254140588643462,-0.1036333443638281,0.0736017298664522,0.0167882390936209
RKLB,2026-08-22,2026-08-17,End of Week,monthly,2026-09-18,20-45_day,20,5,put,1,80.0,10.04,10.15,10.55,118.0,2484.0,0.7023955541992188,-0.6555534906744784,0.0265601181204188,-0.0886713869920727,0.0726769843407377,-0.0426609391546282
RKLB,2026-08-22,2026-08-17,End of Week,monthly,2026-09-18,20-45_day,20,5,call,2,85.0,2.1,2.05,2.18,580.0,2251.0,0.7534204345703125,0.2560120589086713,0.0216382607022726,-0.090288967440602,0.0635104056001764,0.0122103102639845
RKLB,2026-08-22,2026-08-17,End of Week,monthly,2026-09-18,20-45_day,20,5,put,2,85.0,13.89,13.0,15.9,40.0,2128.0,0.7387721435546875,-0.7494352621168391,0.0218191774566317,-0.0789423582493353,0.0627962960210733,-0.0507180690761074
SPCX,2026-08-22,2026-08-17,End of Week,weekly,2026-08-28,5-9_day,5,5,call,-2,135.0,5.3,5.3,5.4,11772.0,3123.0,0.5715374877929689,0.5958666674953463,0.0385943677364761,-0.3317763842581777,0.0680264734447557,0.0125806787783319
SPCX,2026-08-22,2026-08-17,End of Week,weekly,2026-08-28,5-9_day,5,5,put,-2,135.0,3.35,3.35,3.4,7652.0,4246.0,0.5710492114257812,-0.4040772196626498,0.0386260096909322,-0.3177757707979535,0.0680240815082704,-0.0095957628057347
SPCX,2026-08-22,2026-08-17,End of Week,weekly,2026-08-28,5-9_day,5,5,call,-1,136.0,4.92,4.8,4.95,7007.0,1622.0,0.5800823242187501,0.5560435102019325,0.0387750183534208,-0.3425941092144534,0.0693666864661255,0.0117642100826901
SPCX,2026-08-22,2026-08-17,End of Week,weekly,2026-08-28,5-9_day,5,5,put,-1,136.0,3.86,3.8,3.9,2230.0,991.0,0.5727581787109376,-0.4436178803992509,0.0392660946206255,-0.3245149641429599,0.0693582798019669,-0.0105623492275547
SPCX,2026-08-22,2026-08-17,End of Week,weekly,2026-08-28,5-9_day,5,5,call,0,137.0,4.33,4.3,4.4,6495.0,1600.0,0.5769085278320312,0.5168573714934123,0.0393423690005337,-0.3432958900050566,0.0699965719762262,0.0109688342337566
SPCX,2026-08-22,2026-08-17,End of Week,weekly,2026-08-28,5-9_day,5,5,put,0,137.0,4.35,4.3,4.45,2488.0,1179.0,0.57617611328125,-0.4831586655817744,0.0393924465788944,-0.3289528224744026,0.0699966909584707,-0.0115375017960883
SPCX,2026-08-22,2026-08-17,End of Week,weekly,2026-08-28,5-9_day,5,5,call,1,138.0,3.85,3.85,3.95,3818.0,1084.0,0.5788616333007812,0.4778230928227868,0.0391840150326664,-0.3437172834904275,0.069950851467875,0.0101645536337178
SPCX,2026-08-22,2026-08-17,End of Week,weekly,2026-08-28,5-9_day,5,5,put,1,138.0,4.8,4.8,5.05,454.0,1136.0,0.57812921875,-0.5222424014276112,0.039233296766207,-0.3292685665235522,0.0699502108278296,-0.0125071798507071
SPCX,2026-08-22,2026-08-17,End of Week,weekly,2026-08-28,5-9_day,5,5,call,2,139.0,3.45,3.45,3.55,3152.0,916.0,0.5827678442382812,0.4398382205031698,0.0385375185736613,-0.3421560318553229,0.0692609800625956,0.0093753608433487
SPCX,2026-08-22,2026-08-17,End of Week,weekly,2026-08-28,5-9_day,5,5,put,2,139.0,5.5,5.4,5.65,720.0,600.0,0.5820354296875,-0.5602739651647026,0.0385843498800111,-0.3275978959951424,0.0692579949092575,-0.0134617155878281
SPCX,2026-08-22,2026-08-17,End of Week,monthly,2026-09-18,20-45_day,20,5,call,-2,125.0,16.25,15.75,16.15,103.0,4222.0,0.6010782080078126,0.7447019619810142,0.0143491773084871,-0.1419710007656493,0.1196960459211786,0.063580263841237
SPCX,2026-08-22,2026-08-17,End of Week,monthly,2026-09-18,20-45_day,20,5,put,-2,125.0,3.7,3.65,3.7,1973.0,19735.0,0.5764202514648438,-0.2485043597839421,0.0147514947291641,-0.1221529854819914,0.1180040948395731,-0.0277269250657505
SPCX,2026-08-22,2026-08-17,End of Week,monthly,2026-09-18,20-45_day,20,5,call,-1,130.0,12.68,12.3,12.75,7914.0,15706.0,0.5833781896972656,0.664871278685528,0.0167660179499796,-0.1546185214895039,0.1357381526242609,0.0580501861085015
SPCX,2026-08-22,2026-08-17,End of Week,monthly,2026-09-18,20-45_day,20,5,put,-1,130.0,5.42,5.35,5.5,2286.0,14134.0,0.5741009387207032,-0.3335498905903971,0.0170053572729693,-0.1388762043551807,0.1354864415802549,-0.0375976134052535
SPCX,2026-08-22,2026-08-17,End of Week,monthly,2026-09-18,20-45_day,20,5,call,0,135.0,9.88,9.8,9.9,11139.0,6110.0,0.5882609533691407,0.5744433153438333,0.0178866461927378,-0.1660665771007975,0.1460228289486256,0.0508951890110953
SPCX,2026-08-22,2026-08-17,End of Week,monthly,2026-09-18,20-45_day,20,5,put,0,135.0,7.57,7.55,7.7,1453.0,21080.0,0.5712933496093751,-0.4252073333556385,0.0184147971847235,-0.1477981519610548,0.1459983432257072,-0.048475477666847
SPCX,2026-08-22,2026-08-17,End of Week,monthly,2026-09-18,20-45_day,20,5,call,1,140.0,7.58,7.5,7.65,4000.0,16497.0,0.5893595751953126,0.4843515232340982,0.018156600573212,-0.1680511083561573,0.1485035044418329,0.0434721857992512
SPCX,2026-08-22,2026-08-17,End of Week,monthly,2026-09-18,20-45_day,20,5,put,1,140.0,10.28,10.15,10.4,778.0,24611.0,0.5676312768554688,-0.5186475854785018,0.0188455169566748,-0.1478250892231155,0.1484554656430156,-0.0598708530048238
SPCX,2026-08-22,2026-08-17,End of Week,monthly,2026-09-18,20-45_day,20,5,call,2,145.0,5.75,5.7,5.8,6364.0,10850.0,0.5922892333984376,0.3989435843295972,0.0174974671873846,-0.1627225339917558,0.1438238283815525,0.0361841411240382
SPCX,2026-08-22,2026-08-17,End of Week,monthly,2026-09-18,20-45_day,20,5,put,2,145.0,13.42,13.25,13.55,241.0,16699.0,0.5662885168457032,-0.6083704168635478,0.0182087766062398,-0.1402767965471475,0.1431002333346587,-0.0712472871366704
SPY,2026-08-24,2026-08-24,Start of Week,aligned,2026-08-25,0-1_day,1,1,call,-2,761.0,3.6,3.66,3.71,575.0,180.0,0.1167080517578125,0.6679800635944111,0.0778942600980872,-0.8975009015366904,0.1449715519374319,0.0138792166360981
SPY,2026-08-24,2026-08-24,Start of Week,aligned,2026-08-25,0-1_day,1,1,put,-2,761.0,0.9,0.9,0.91,9644.0,1488.0,0.0759369750976562,-0.253077468827905,0.1054721332433508,-0.465254999905747,0.1277225367591987,-0.0053024924442139
SPY,2026-08-24,2026-08-24,Start of Week,aligned,2026-08-25,0-1_day,1,1,call,-1,762.0,2.87,2.94,2.97,4503.0,289.0,0.1097501135253906,0.5920825878600593,0.0885906096326497,-0.8965504435457414,0.1550490754202176,0.0123128902097819
SPY,2026-08-24,2026-08-24,Start of Week,aligned,2026-08-25,0-1_day,1,1,put,-1,762.0,1.15,1.14,1.15,25772.0,2480.0,0.0699555895996093,-0.3584072945823201,0.1337150682221134,-0.4938758322294649,0.1491692423536731,-0.007510175673414
SPY,2026-08-24,2026-08-24,Start of Week,aligned,2026-08-25,0-1_day,1,1,call,0,763.0,2.31,2.31,2.34,14446.0,328.0,0.1051725225830078,0.5018205326081334,0.0949871805398128,-0.8765285792992124,0.1593102796521397,0.0104431401725651
SPY,2026-08-24,2026-08-24,Start of Week,aligned,2026-08-25,0-1_day,1,1,put,0,763.0,1.49,1.48,1.49,27031.0,1689.0,0.0648286877441406,-0.4981510958387922,0.154099033477611,-0.4776275481607472,0.1593102275467985,-0.0104406412674091
SPY,2026-08-24,2026-08-24,Start of Week,aligned,2026-08-25,0-1_day,1,1,call,1,764.0,1.72,1.72,1.74,28000.0,1347.0,0.0988859643554687,0.4018606639047686,0.0979544486733264,-0.7948036635257342,0.1544668642306558,0.0083688180743929
SPY,2026-08-24,2026-08-24,Start of Week,aligned,2026-08-25,0-1_day,1,1,put,1,764.0,1.89,1.88,1.9,16924.0,3604.0,0.0577486804199218,-0.6658554352546211,0.1578190270117418,-0.3678231064313371,0.1453375847799626,-0.0139589495196254
SPY,2026-08-24,2026-08-24,Start of Week,aligned,2026-08-25,0-1_day,1,1,call,2,765.0,1.23,1.22,1.24,13842.0,2948.0,0.0936369934082031,0.2981836487025465,0.0927283279948472,-0.6713372791527538,0.1384638496269012,0.0062133988812119
SPY,2026-08-24,2026-08-24,Start of Week,aligned,2026-08-25,0-1_day,1,1,put,2,765.0,2.49,2.38,2.42,3434.0,3890.0,0.0485934985351562,-0.8470874492365965,0.121699467451301,-0.1631743837565197,0.0943068758100023,-0.0177647904038547
SPY,2026-08-24,2026-08-24,Start of Week,weekly,2026-08-28,5-9_day,4,1,call,-2,761.0,6.33,6.3,6.37,109.0,533.0,0.1502160174560547,0.5772294475558571,0.0326275576392228,-0.6312245605001205,0.3126347960143679,0.0476058552147675
SPY,2026-08-24,2026-08-24,Start of Week,weekly,2026-08-28,5-9_day,4,1,put,-2,761.0,3.27,3.22,3.24,502.0,1848.0,0.1163418444824218,-0.4022723953471331,0.0416396919006246,-0.4178987617009968,0.3090152809158478,-0.0339281817775619
SPY,2026-08-24,2026-08-24,Start of Week,weekly,2026-08-28,5-9_day,4,1,call,-1,762.0,5.59,5.61,5.72,924.0,1015.0,0.1470727383422851,0.5451228782012452,0.0337458018157042,-0.6237751078402691,0.3165836150506185,0.0449931240805316
SPY,2026-08-24,2026-08-24,Start of Week,weekly,2026-08-28,5-9_day,4,1,put,-1,762.0,3.57,3.58,3.59,2644.0,2251.0,0.1135647726440429,-0.4432369329962939,0.0435383700684713,-0.4130117398884509,0.3153931858002713,-0.0373904686721764
SPY,2026-08-24,2026-08-24,Start of Week,weekly,2026-08-28,5-9_day,4,1,call,0,763.0,5.06,5.06,5.08,2848.0,1122.0,0.1434411828613281,0.5113664528098776,0.0348090071393394,-0.6102753167334304,0.3184945444757008,0.0422406557264755
SPY,2026-08-24,2026-08-24,Start of Week,weekly,2026-08-28,5-9_day,4,1,put,0,763.0,3.9,3.89,3.91,2126.0,6554.0,0.1089261471557617,-0.4867021706686976,0.0458319479889266,-0.3954760787824241,0.3184468538274796,-0.0410598237294898
SPY,2026-08-24,2026-08-24,Start of Week,weekly,2026-08-28,5-9_day,4,1,call,1,764.0,4.41,4.38,4.4,2197.0,1625.0,0.1377649700927734,0.4753792198286063,0.0361888596662451,-0.5841297754927663,0.318016903383109,0.0393050472578835
SPY,2026-08-24,2026-08-24,Start of Week,weekly,2026-08-28,5-9_day,4,1,put,1,764.0,4.38,4.4,4.42,2457.0,4778.0,0.1084683880615234,-0.5326428050292562,0.04589671038775,-0.3888307309517775,0.3175566770904959,-0.0449555932248195
SPY,2026-08-24,2026-08-24,Start of Week,weekly,2026-08-28,5-9_day,4,1,call,2,765.0,3.88,3.88,3.89,3999.0,3560.0,0.1359644509887695,0.4385440927542116,0.0363013051622343,-0.5687588028265844,0.3148358048768858,0.0362809967887056
SPY,2026-08-24,2026-08-24,Start of Week,weekly,2026-08-28,5-9_day,4,1,put,2,765.0,4.9,4.85,4.87,1462.0,7463.0,0.1051725225830078,-0.5806817629937218,0.0465194719025999,-0.364780429623814,0.3120854850499239,-0.0490221289572519
SPY,2026-08-24,2026-08-24,Start of Week,monthly,2026-09-25,20-45_day,24,1,call,-2,761.0,13.86,13.78,13.97,2.0,17.0,0.1419458364868164,0.5630599520166233,0.0122857863692375,-0.2395415027178445,0.8899223387167667,0.363396048104347
SPY,2026-08-24,2026-08-24,Start of Week,monthly,2026-09-25,20-45_day,24,1,put,-2,761.0,10.69,10.18,10.22,24.0,241.0,0.1221706436157226,-0.4293238237663777,0.0142279538736794,-0.1350988512776326,0.8870248792719088,-0.2949789285926977
SPY,2026-08-24,2026-08-24,Start of Week,monthly,2026-09-25,20-45_day,24,1,call,-1,762.0,13.3,13.24,13.29,12.0,5.0,0.140084282836914,0.5511733305342968,0.0125030154218051,-0.2369465804743267,0.8937800748749481,0.3560634295680542
SPY,2026-08-24,2026-08-24,Start of Week,monthly,2026-09-25,20-45_day,24,1,put,-1,762.0,11.0,10.54,10.57,87.0,129.0,0.1206752972412109,-0.443103589981672,0.0144854326090316,-0.1328672891871694,0.8920235864465111,-0.3044727444217505
SPY,2026-08-24,2026-08-24,Start of Week,monthly,2026-09-25,20-45_day,24,1,call,0,763.0,12.57,12.59,12.63,40.0,53.0,0.1382990223693848,0.5389258502139562,0.0127087778922336,-0.2342493396469995,0.896911082972592,0.3484736201806412
SPY,2026-08-24,2026-08-24,Start of Week,monthly,2026-09-25,20-45_day,24,1,put,0,763.0,11.0,11.02,11.06,194.0,176.0,0.120553228149414,-0.4576036639280536,0.0145665364915138,-0.1322956697799571,0.8961106445956285,-0.3145677612966429
SPY,2026-08-24,2026-08-24,Start of Week,monthly,2026-09-25,20-45_day,24,1,call,1,764.0,12.0,12.05,12.09,75.0,49.0,0.137703935546875,0.5262516643705288,0.0127970199946185,-0.2329933217923425,0.8992525783311704,0.3404942964929832
SPY,2026-08-24,2026-08-24,Start of Week,monthly,2026-09-25,20-45_day,24,1,put,1,764.0,11.49,11.33,11.37,276.0,402.0,0.1183254672241211,-0.4719266683164782,0.0148881773126973,-0.1285656587600459,0.8989721781474874,-0.3243910720542316
SPY,2026-08-24,2026-08-24,Start of Week,monthly,2026-09-25,20-45_day,24,1,call,2,765.0,11.5,11.46,11.5,36.0,857.0,0.1364069514465332,0.5134437951277055,0.0129393849268852,-0.2305468167688134,0.9006926658188992,0.3324699919777674
SPY,2026-08-24,2026-08-24,Start of Week,monthly,2026-09-25,20-45_day,24,1,put,2,765.0,11.8,11.74,11.78,110.0,1673.0,0.1170132244873046,-0.4868081838820339,0.015084271910637,-0.1258475119776293,0.9007116713894299,-0.3346723530995839
QQQ,2026-08-24,2026-08-24,Start of Week,aligned,2026-08-25,0-1_day,1,1,call,-2,703.0,4.71,4.84,4.87,5152.0,97.0,0.1704184521484375,0.6543696819143165,0.0585946752290689,-1.2064899227482628,0.1361277547371766,0.0125386100644474
QQQ,2026-08-24,2026-08-24,Start of Week,aligned,2026-08-25,0-1_day,1,1,put,-2,703.0,1.67,1.64,1.66,10508.0,396.0,0.129342202758789,-0.3012607350243985,0.072944310822168,-0.8100793739227322,0.1286185448686328,-0.0058472720653075
QQQ,2026-08-24,2026-08-24,Start of Week,aligned,2026-08-25,0-1_day,1,1,call,-1,704.0,4.02,4.09,4.12,6225.0,43.0,0.1622398229980468,0.5984503743391354,0.0645604740867011,-1.200924990182807,0.1427894393048438,0.0114781366990892
QQQ,2026-08-24,2026-08-24,Start of Week,aligned,2026-08-25,0-1_day,1,1,put,-1,704.0,1.95,1.88,1.91,8852.0,594.0,0.1224452990722656,-0.3714742875814663,0.083623314579909,-0.8278074237367324,0.1395858538638444,-0.0072109229646381
QQQ,2026-08-24,2026-08-24,Start of Week,aligned,2026-08-25,0-1_day,1,1,call,0,705.0,3.5,3.5,3.54,11532.0,389.0,0.1602867175292968,0.5331084535018618,0.0671780730037635,-1.2144154741942386,0.1467901758331668,0.0102315381354533
QQQ,2026-08-24,2026-08-24,Start of Week,aligned,2026-08-25,0-1_day,1,1,put,0,705.0,2.22,2.22,2.24,10679.0,4389.0,0.1168301208496093,-0.4556918246772983,0.0919135725892636,-0.8222767979212342,0.1463883064395182,-0.0088476644682335
QQQ,2026-08-24,2026-08-24,Start of Week,aligned,2026-08-25,0-1_day,1,1,call,1,706.0,3.01,3.03,3.05,7677.0,33.0,0.1604087866210937,0.4658167722531898,0.0671116284451668,-1.2102642844930096,0.1467566684524158,0.0089446076525251
QQQ,2026-08-24,2026-08-24,Start of Week,aligned,2026-08-25,0-1_day,1,1,put,1,706.0,2.68,2.68,2.69,8573.0,752.0,0.1140225317382812,-0.5491888717968654,0.094040606093963,-0.7937640345333812,0.1461766527180856,-0.0106672679862828
QQQ,2026-08-24,2026-08-24,Start of Week,aligned,2026-08-25,0-1_day,1,1,call,2,707.0,2.48,2.46,2.48,17798.0,146.0,0.15430533203125,0.3955983135260031,0.0676117160223197,-1.1255260845131676,0.1422246277113044,0.0076017139679524
QQQ,2026-08-24,2026-08-24,Start of Week,aligned,2026-08-25,0-1_day,1,1,put,2,707.0,3.17,3.14,3.17,6584.0,897.0,0.1092618371582031,-0.6468193848867947,0.092115775262813,-0.7029038783881842,0.1372064171005393,-0.0125686455652142
QQQ,2026-08-24,2026-08-24,Start of Week,weekly,2026-08-28,5-9_day,4,1,call,-2,703.0,8.48,8.53,8.59,699.0,209.0,0.2229081616210937,0.5694027974985439,0.0238687186511768,-0.8484404874376937,0.2901262204119964,0.0431421561255468
QQQ,2026-08-24,2026-08-24,Start of Week,weekly,2026-08-28,5-9_day,4,1,put,-2,703.0,4.9,4.97,5.01,612.0,2524.0,0.186531572265625,-0.4188744242356217,0.0283619623520106,-0.6421509949277868,0.2884832034039194,-0.0328460257216802
QQQ,2026-08-24,2026-08-24,Start of Week,weekly,2026-08-28,5-9_day,4,1,call,-1,704.0,7.85,7.7,7.77,1201.0,352.0,0.2142412561035156,0.5468165142240675,0.025043024393924,-0.8220001355177025,0.2925646077798507,0.0414839985210266
QQQ,2026-08-24,2026-08-24,Start of Week,weekly,2026-08-28,5-9_day,4,1,put,-1,704.0,5.37,5.21,5.25,874.0,1470.0,0.1800008758544922,-0.4458824223244393,0.0297371211394032,-0.624282101096854,0.2918807444023437,-0.0349612376567614
QQQ,2026-08-24,2026-08-24,Start of Week,weekly,2026-08-28,5-9_day,4,1,call,0,705.0,7.22,7.23,7.28,2565.0,3208.0,0.2150347052001953,0.5216180945546701,0.0250869174200572,-0.8274405613793737,0.2941628082763562,0.0395910598567653
QQQ,2026-08-24,2026-08-24,Start of Week,weekly,2026-08-28,5-9_day,4,1,put,0,705.0,5.68,5.65,5.68,3014.0,10152.0,0.1784750122070312,-0.4756391811110615,0.0302138449783673,-0.6213672811044233,0.294046031040706,-0.0373079241441761
QQQ,2026-08-24,2026-08-24,Start of Week,weekly,2026-08-28,5-9_day,4,1,call,1,706.0,6.67,6.65,6.71,978.0,524.0,0.2126543579101562,0.4963696083404281,0.0254039847676888,-0.8180517534903666,0.2945832407679123,0.0377017279565251
QQQ,2026-08-24,2026-08-24,Start of Week,weekly,2026-08-28,5-9_day,4,1,put,1,706.0,6.1,6.17,6.23,636.0,1142.0,0.1797567376708984,-0.5057942823802513,0.0300512904024881,-0.6250246944724948,0.2945643657146335,-0.0396977351227523
QQQ,2026-08-24,2026-08-24,Start of Week,weekly,2026-08-28,5-9_day,4,1,call,2,707.0,6.11,6.13,6.15,1535.0,645.0,0.2099688378906249,0.4705473260350149,0.0256598179927509,-0.8042901988500192,0.2937922403279334,0.0357662346184563
QQQ,2026-08-24,2026-08-24,Start of Week,weekly,2026-08-28,5-9_day,4,1,put,2,707.0,6.52,6.64,6.69,844.0,2332.0,0.1774984594726562,-0.5363021156166128,0.0303107379587848,-0.6118344298812317,0.293374932710492,-0.042106708372131
QQQ,2026-08-24,2026-08-24,Start of Week,monthly,2026-09-25,20-45_day,24,1,call,-2,703.0,19.29,19.24,19.38,114.0,10.0,0.2149126361083984,0.5542552277722315,0.0088053371436413,-0.3149203275600258,0.8255242441073201,0.3249854266308358
QQQ,2026-08-24,2026-08-24,Start of Week,monthly,2026-09-25,20-45_day,24,1,put,-2,703.0,14.47,14.46,14.54,38.0,52.0,0.1860432958984375,-0.4410224764015248,0.0101544034571949,-0.2065741457758294,0.8241197678264706,-0.2843321328941845
QQQ,2026-08-24,2026-08-24,Start of Week,monthly,2026-09-25,20-45_day,24,1,call,-1,704.0,18.08,18.6,18.72,143.0,21.0,0.2130663410949707,0.5455876384652193,0.0089060754103297,-0.312741768631385,0.8277955890715779,0.320217535784732
QQQ,2026-08-24,2026-08-24,Start of Week,monthly,2026-09-25,20-45_day,24,1,put,-1,704.0,14.83,14.74,14.85,166.0,78.0,0.1838918281555175,-0.45090852192647,0.0103081771353873,-0.2038710546188398,0.8269251391971377,-0.290698899742691
QQQ,2026-08-24,2026-08-24,Start of Week,monthly,2026-09-25,20-45_day,24,1,call,0,705.0,18.16,18.01,18.09,169.0,49.0,0.2114641842651367,0.536747301003458,0.0089942439703838,-0.3107316641738707,0.8297043689202972,0.3153178985112504
QQQ,2026-08-24,2026-08-24,Start of Week,monthly,2026-09-25,20-45_day,24,1,put,0,705.0,15.18,15.09,15.19,287.0,239.0,0.1819844985961914,-0.4610657584882165,0.0104457566899581,-0.2013123418986765,0.8292704574078715,-0.2972592139149889
QQQ,2026-08-24,2026-08-24,Start of Week,monthly,2026-09-25,20-45_day,24,1,call,1,706.0,17.49,17.58,17.71,20.0,11.0,0.2127306510925293,0.5277296467095576,0.0089571169166864,-0.3122736453025906,0.8312280769021473,0.3100921441041185
QQQ,2026-08-24,2026-08-24,Start of Week,monthly,2026-09-25,20-45_day,24,1,put,1,706.0,15.64,15.59,15.67,35.0,134.0,0.1816030326843261,-0.4715074703950696,0.0104909906961942,-0.200546164852194,0.8311157079450905,-0.3041150984294606
QQQ,2026-08-24,2026-08-24,Start of Week,monthly,2026-09-25,20-45_day,24,1,call,2,707.0,17.0,16.82,16.95,113.0,107.0,0.2093890097045898,0.5186823529563211,0.0091121042507226,-0.3077229681405541,0.8323279037830195,0.3051761880749142
QQQ,2026-08-24,2026-08-24,Start of Week,monthly,2026-09-25,20-45_day,24,1,put,2,707.0,16.06,15.84,15.96,81.0,137.0,0.1788717367553711,-0.4820406606990757,0.0106676076840052,-0.19657421938648,0.8323972776183491,-0.3108651487082439
TSLA,2026-08-24,2026-08-24,Start of Week,aligned,2026-08-26,2-4_day,2,1,call,-2,352.5,8.5,8.5,8.65,4246.0,368.0,0.4428766650390625,0.6800474702175363,0.0304953982116692,-1.0722275687506648,0.0946783268185117,0.012904404819627
TSLA,2026-08-24,2026-08-24,Start of Week,aligned,2026-08-26,2-4_day,2,1,put,-2,352.5,2.48,2.45,2.49,5471.0,409.0,0.3603579589843749,-0.2849655252493487,0.0355807045590339,-0.7992164579520534,0.089883945871291,-0.005679194113148
TSLA,2026-08-24,2026-08-24,Start of Week,aligned,2026-08-26,2-4_day,2,1,call,-1,355.0,7.01,6.95,7.05,7336.0,1297.0,0.4350642431640625,0.6011037360727761,0.033514764767058,-1.133026204183388,0.1022169773111213,0.0114475664074464
TSLA,2026-08-24,2026-08-24,Start of Week,aligned,2026-08-26,2-4_day,2,1,put,-1,355.0,3.35,3.3,3.35,4786.0,555.0,0.354376573486328,-0.3790840175813643,0.0405502871880509,-0.8784290440828514,0.1007377870680187,-0.0075673313964036
TSLA,2026-08-24,2026-08-24,Start of Week,aligned,2026-08-26,2-4_day,2,1,call,0,357.5,5.58,5.5,5.65,3791.0,903.0,0.429693203125,0.5153075801142868,0.0350400718167433,-1.1521247145178888,0.105549684414424,0.0098438807461331
TSLA,2026-08-24,2026-08-24,Start of Week,aligned,2026-08-26,2-4_day,2,1,put,0,357.5,4.55,4.45,4.55,4727.0,427.0,0.3588931298828125,-0.483969486939364,0.0419495575418624,-0.9289767733287744,0.1055421645671085,-0.0096860602139936
TSLA,2026-08-24,2026-08-24,Start of Week,aligned,2026-08-26,2-4_day,2,1,call,1,360.0,4.34,4.3,4.4,10706.0,1127.0,0.4223690576171874,0.4268534503579564,0.0350726224225026,-1.11172475765053,0.1038469634298056,0.0081772988970855
TSLA,2026-08-24,2026-08-24,Start of Week,aligned,2026-08-26,2-4_day,2,1,put,1,360.0,5.89,5.85,5.95,6435.0,1012.0,0.362311064453125,-0.5869749449189288,0.0405951126662084,-0.9120489182564429,0.1031071577991545,-0.0117816772253944
TSLA,2026-08-24,2026-08-24,Start of Week,aligned,2026-08-26,2-4_day,2,1,call,2,362.5,3.35,3.35,3.45,3638.0,860.0,0.4244442321777344,0.3432532147236256,0.0327228280499461,-1.0453871423167749,0.0973654631332354,0.006588694380068
TSLA,2026-08-24,2026-08-24,Start of Week,aligned,2026-08-26,2-4_day,2,1,put,2,362.5,7.35,7.25,7.4,730.0,781.0,0.3529117443847656,-0.6883713120507577,0.037842180916367,-0.8002860934251806,0.0936215304596481,-0.0138525972676702
TSLA,2026-08-24,2026-08-24,Start of Week,weekly,2026-08-28,5-9_day,4,1,call,-2,352.5,10.3,10.25,10.4,1921.0,2307.0,0.4539849523925781,0.6328642869288872,0.0221547030482185,-0.8222815929203596,0.1410167997632876,0.0237412103213518
TSLA,2026-08-24,2026-08-24,Start of Week,weekly,2026-08-28,5-9_day,4,1,put,-2,352.5,4.49,4.2,4.3,2648.0,849.0,0.3962462719726562,-0.3510723672421263,0.0249922460087256,-0.6745766690570169,0.138846181205534,-0.0141549708999779
TSLA,2026-08-24,2026-08-24,Start of Week,weekly,2026-08-28,5-9_day,4,1,call,-1,355.0,8.94,8.9,9.0,4920.0,4090.0,0.4558159887695313,0.5754124175551218,0.0229554415283701,-0.855962626056771,0.1467028897144819,0.0216467456017923
TSLA,2026-08-24,2026-08-24,Start of Week,weekly,2026-08-28,5-9_day,4,1,put,-1,355.0,5.25,5.25,5.4,3015.0,1155.0,0.4000304138183594,-0.4166606400638845,0.026050652624722,-0.7149644380091476,0.146108365492191,-0.0168412988084795
TSLA,2026-08-24,2026-08-24,Start of Week,weekly,2026-08-28,5-9_day,4,1,call,0,357.5,7.61,7.55,7.65,3032.0,703.0,0.4527642614746094,0.5171789006797605,0.0235100362558794,-0.8627522838718273,0.1492412578969846,0.0195135304794015
TSLA,2026-08-24,2026-08-24,Start of Week,weekly,2026-08-28,5-9_day,4,1,put,0,357.5,6.45,6.4,6.5,1858.0,746.0,0.3947814428710938,-0.4828965065454659,0.0269632500478913,-0.7183234369516814,0.1492424714519951,-0.0195567363076381
TSLA,2026-08-24,2026-08-24,Start of Week,weekly,2026-08-28,5-9_day,4,1,call,1,360.0,6.45,6.4,6.5,7519.0,6171.0,0.4537408142089844,0.4587331871368287,0.0233554746669252,-0.8588140458844805,0.1485798813731706,0.0173494115392544
TSLA,2026-08-24,2026-08-24,Start of Week,weekly,2026-08-28,5-9_day,4,1,put,1,360.0,7.7,7.6,7.75,1950.0,1909.0,0.3895324719238281,-0.5509185566045944,0.0271286326190624,-0.7006647460896708,0.1481613867643861,-0.0223605105895159
TSLA,2026-08-24,2026-08-24,Start of Week,weekly,2026-08-28,5-9_day,4,1,call,2,362.5,5.37,5.3,5.4,1634.0,2527.0,0.4500787414550781,0.4006235257768804,0.0229339713162651,-0.8282976748700117,0.1447208912837508,0.0151901071962027
TSLA,2026-08-24,2026-08-24,Start of Week,weekly,2026-08-28,5-9_day,4,1,put,2,362.5,9.29,9.05,9.2,1298.0,876.0,0.3872131591796874,-0.6178041492020014,0.0263070167899558,-0.6679271723282129,0.1428187320860583,-0.0251429925274713
TSLA,2026-08-24,2026-08-24,Start of Week,monthly,2026-09-25,20-45_day,24,1,call,-2,350.0,22.07,21.75,22.3,255.0,641.0,0.4290828576660156,0.6025891780295579,0.0084870518437292,-0.2934716844961487,0.408461821337522,0.1691073569968587
TSLA,2026-08-24,2026-08-24,Start of Week,monthly,2026-09-25,20-45_day,24,1,put,-2,350.0,12.58,12.4,12.6,204.0,416.0,0.3808045318603515,-0.3905740203938381,0.0095174489907099,-0.226461304392931,0.4065145702518542,-0.1328757830670669
TSLA,2026-08-24,2026-08-24,Start of Week,monthly,2026-09-25,20-45_day,24,1,call,-1,355.0,19.4,19.25,19.65,186.0,302.0,0.4278621667480469,0.5590135621866484,0.0087074880463764,-0.2976768255736032,0.4178786886729703,0.1578061810805524
TSLA,2026-08-24,2026-08-24,Start of Week,monthly,2026-09-25,20-45_day,24,1,put,-1,355.0,14.9,14.65,14.85,177.0,159.0,0.3782105636596679,-0.439477837076307,0.0098449460678672,-0.2293860741474374,0.4176384220858278,-0.1501235576504945
TSLA,2026-08-24,2026-08-24,Start of Week,monthly,2026-09-25,20-45_day,24,1,call,0,360.0,17.2,17.0,17.3,449.0,434.0,0.4285335467529296,0.5152390102150517,0.0087837813306805,-0.2996607484310037,0.422201518581236,0.1461805093036048
TSLA,2026-08-24,2026-08-24,Start of Week,monthly,2026-09-25,20-45_day,24,1,put,0,360.0,17.5,17.2,17.35,100.0,109.0,0.3757996990966796,-0.4892858356356713,0.0100200584241705,-0.2285238455244312,0.4223574235208914,-0.1678768022655553
TSLA,2026-08-24,2026-08-24,Start of Week,monthly,2026-09-25,20-45_day,24,1,call,1,365.0,14.65,14.7,14.9,101.0,573.0,0.4230709548950195,0.4708884133170933,0.008879975859645,-0.2941513115429897,0.4213843925680925,0.1344107445047741
TSLA,2026-08-24,2026-08-24,Start of Week,monthly,2026-09-25,20-45_day,24,1,put,1,365.0,20.3,19.85,20.3,17.0,268.0,0.3782105636596679,-0.5381485689747867,0.0099142077387296,-0.2269912607235308,0.4205766133903414,-0.1857273219733714
TSLA,2026-08-24,2026-08-24,Start of Week,monthly,2026-09-25,20-45_day,24,1,call,2,370.0,12.4,12.8,13.0,296.0,828.0,0.4244137149047852,0.4283105170470977,0.0087318311686999,-0.2898936442478081,0.4156695293572682,0.1227589960434407
TSLA,2026-08-24,2026-08-24,Start of Week,monthly,2026-09-25,20-45_day,24,1,put,2,370.0,23.47,22.9,23.3,10.0,62.0,0.3762879754638671,-0.5866539177870865,0.0097735770979802,-0.2189170997193869,0.4125032111441591,-0.2035154071196303
NVDA,2026-08-24,2026-08-24,Start of Week,aligned+weekly,2026-08-28,5-9_day,4,1,call,-2,205.0,9.0,9.0,9.1,3007.0,4367.0,0.6987334814453126,0.6255352628298516,0.024767917558636,-0.7374830655649987,0.0830105098135212,0.0134180273468939
NVDA,2026-08-24,2026-08-24,Start of Week,aligned+weekly,2026-08-28,5-9_day,4,1,put,-2,205.0,3.9,3.9,3.95,6662.0,10923.0,0.5974161352539062,-0.3583682517899247,0.0285483883161651,-0.6029479098972318,0.0818070208120616,-0.0085779882609107
NVDA,2026-08-24,2026-08-24,Start of Week,aligned+weekly,2026-08-28,5-9_day,4,1,call,-1,207.5,7.63,7.6,7.65,3177.0,1472.0,0.6942169250488281,0.5615373689689016,0.0259263130469845,-0.7603984961095616,0.0863312425925922,0.0121097482651582
NVDA,2026-08-24,2026-08-24,Start of Week,aligned+weekly,2026-08-28,5-9_day,4,1,put,-1,207.5,5.03,5.0,5.05,3911.0,4868.0,0.5991251025390626,-0.4330148043844454,0.0299741108532231,-0.6354352497715248,0.0861382132743774,-0.0104059502627984
NVDA,2026-08-24,2026-08-24,Start of Week,aligned+weekly,2026-08-28,5-9_day,4,1,call,0,210.0,6.32,6.3,6.35,16378.0,9479.0,0.6875031250000001,0.4957200332519266,0.0264938076328563,-0.7607930846187335,0.0873677374320426,0.0107440647466254
NVDA,2026-08-24,2026-08-24,Start of Week,aligned+weekly,2026-08-28,5-9_day,4,1,put,0,210.0,6.15,6.1,6.2,5671.0,16218.0,0.5856975024414062,-0.5096443087304545,0.0310916483997589,-0.6280839151972116,0.0873472333496673,-0.0122857956876013
NVDA,2026-08-24,2026-08-24,Start of Week,aligned+weekly,2026-08-28,5-9_day,4,1,call,1,212.5,5.15,5.15,5.25,7097.0,2254.0,0.6838410522460938,0.429956728619699,0.0262256013973279,-0.7440097352844457,0.0860226185644201,0.0093587505471449
NVDA,2026-08-24,2026-08-24,Start of Week,aligned+weekly,2026-08-28,5-9_day,4,1,put,1,212.5,7.6,7.55,7.65,1684.0,5918.0,0.5881388842773438,-0.5855199999072216,0.0302572598079583,-0.6143589146839253,0.0853574675123203,-0.0141843861560445
NVDA,2026-08-24,2026-08-24,Start of Week,aligned+weekly,2026-08-28,5-9_day,4,1,call,2,215.0,4.2,4.15,4.25,21825.0,16095.0,0.6779817358398439,0.3656419986863608,0.0253289151829646,-0.7054807090986442,0.0823695356991315,0.007991057430952
NVDA,2026-08-24,2026-08-24,Start of Week,aligned+weekly,2026-08-28,5-9_day,4,1,put,2,215.0,9.2,9.15,9.2,2833.0,12576.0,0.5866740551757812,-0.6580579317303624,0.0285790066432165,-0.5748971403064187,0.0804222178407949,-0.0160228578430889
NVDA,2026-08-24,2026-08-24,Start of Week,monthly,2026-09-25,20-45_day,24,1,call,-2,200.0,16.0,15.9,16.6,31.0,334.0,0.4655204815673829,0.6624505460469441,0.0126709296896877,-0.1770230833748188,0.2263441608439209,0.106745629916834
NVDA,2026-08-24,2026-08-24,Start of Week,monthly,2026-09-25,20-45_day,24,1,put,-2,200.0,5.7,5.65,5.75,936.0,2238.0,0.3939269592285156,-0.3183865805708916,0.014623869030222,-0.1287393009378382,0.2210548323944734,-0.0631067233110738
NVDA,2026-08-24,2026-08-24,Start of Week,monthly,2026-09-25,20-45_day,24,1,call,-1,205.0,12.93,12.85,13.1,130.0,612.0,0.4378718322753906,0.5974405956241801,0.0142670204149663,-0.1753713006645574,0.2397189196956039,0.0979190642516919
NVDA,2026-08-24,2026-08-24,Start of Week,monthly,2026-09-25,20-45_day,24,1,put,-1,205.0,7.62,7.45,7.65,127.0,2042.0,0.3868469519042968,-0.3962110606734828,0.0160812934162953,-0.1351266114158668,0.2387163558124897,-0.0789881930541404
NVDA,2026-08-24,2026-08-24,Start of Week,monthly,2026-09-25,20-45_day,24,1,call,0,210.0,10.25,10.2,10.5,1140.0,312.0,0.4335994140625,0.5239984252658191,0.0148259879178658,-0.1771933093980429,0.24668023256901,0.0867669486859245
NVDA,2026-08-24,2026-08-24,Start of Week,monthly,2026-09-25,20-45_day,24,1,put,0,210.0,9.95,9.8,10.05,1698.0,1600.0,0.3838562591552734,-0.4791413978276034,0.0167546852120245,-0.1368510237520144,0.2467896374540598,-0.0962441653150849
NVDA,2026-08-24,2026-08-24,Start of Week,monthly,2026-09-25,20-45_day,24,1,call,1,215.0,8.03,7.95,8.1,1936.0,2896.0,0.422857333984375,0.4485063464316313,0.0151031374651402,-0.1706277900397381,0.2450660005976194,0.075058306945181
NVDA,2026-08-24,2026-08-24,Start of Week,monthly,2026-09-25,20-45_day,24,1,put,1,215.0,12.64,12.5,12.7,72.0,1329.0,0.374456939086914,-0.5641200331909881,0.0169761363545539,-0.129480720243845,0.2439286198243537,-0.1141005015369241
NVDA,2026-08-24,2026-08-24,Start of Week,monthly,2026-09-25,20-45_day,24,1,call,2,220.0,6.13,6.05,6.2,434.0,1380.0,0.417852501220703,0.3751321046026147,0.014651329798756,-0.1607230596367159,0.2349211245919313,0.0632962374404516
NVDA,2026-08-24,2026-08-24,Start of Week,monthly,2026-09-25,20-45_day,24,1,put,2,220.0,15.86,15.6,16.1,616.0,3766.0,0.3796448754882812,-0.6414010423271028,0.0158866832587071,-0.1220634507817029,0.2314370045225284,-0.1312047415821334
IBIT,2026-08-24,2026-08-24,Start of Week,aligned,2026-08-26,2-4_day,2,1,call,-2,43.0,2.16,2.08,2.14,242.0,789.0,0.367193828125,0.9613999657495648,0.0683030958590778,-0.0298432264864732,0.0027940448060284,0.0022592653987186
IBIT,2026-08-24,2026-08-24,Start of Week,aligned,2026-08-26,2-4_day,2,1,put,-2,43.0,0.14,0.15,0.16,1778.0,871.0,0.5039112109375,-0.0974083798783858,0.1023584802685995,-0.0719337179021253,0.0057461300973259,-0.0002449590516195
IBIT,2026-08-24,2026-08-24,Start of Week,aligned,2026-08-26,2-4_day,2,1,call,-1,44.0,1.35,1.32,1.37,1149.0,2858.0,0.429693203125,0.7857167229071663,0.2033365898229628,-0.1080351740502984,0.0097335580772629,0.0018713063799714
IBIT,2026-08-24,2026-08-24,Start of Week,aligned,2026-08-26,2-4_day,2,1,put,-1,44.0,0.36,0.36,0.37,919.0,365.0,0.4960987890625,-0.2450130903048983,0.1898581367123236,-0.1289889568394751,0.0104928867628029,-0.0006187738013163
IBIT,2026-08-24,2026-08-24,Start of Week,aligned,2026-08-26,2-4_day,2,1,call,0,45.0,0.78,0.81,0.84,8711.0,15997.0,0.487309814453125,0.5315096216892363,0.2445111403676372,-0.1640804579718739,0.0132739877984294,0.0012748961252575
IBIT,2026-08-24,2026-08-24,Start of Week,aligned,2026-08-26,2-4_day,2,1,put,0,45.0,0.82,0.78,0.8,915.0,26.0,0.5117236328125,-0.4692890328333258,0.2328822619070138,-0.1676250965309413,0.0132760686580001,-0.0011941047736367
IBIT,2026-08-24,2026-08-24,Start of Week,aligned,2026-08-26,2-4_day,2,1,call,1,46.0,0.44,0.44,0.46,6129.0,5077.0,0.5019581054687501,0.3037328196496619,0.2086856317412921,-0.1478026252001719,0.0116696444619635,0.0007329973272147
IBIT,2026-08-24,2026-08-24,Start of Week,aligned,2026-08-26,2-4_day,2,1,put,1,46.0,1.38,1.44,1.48,305.0,143.0,0.56836369140625,-0.6733014165428312,0.1901290650729054,-0.1678358730872438,0.0120385018446784,-0.0017346138149924
IBIT,2026-08-24,2026-08-24,Start of Week,aligned,2026-08-26,2-4_day,2,1,call,2,47.0,0.25,0.25,0.26,2224.0,6551.0,0.5449264257812501,0.1578596842080573,0.1326000038415161,-0.1103712144063675,0.0080496873112046,0.00038191813428
IBIT,2026-08-24,2026-08-24,Start of Week,aligned,2026-08-26,2-4_day,2,1,put,2,47.0,3.32,2.23,2.3,20.0,6.0,0.6269568554687501,-0.806850446625953,0.1309910596260202,-0.1394853430021514,0.0091490692664012,-0.0021095875996221
IBIT,2026-08-24,2026-08-24,Start of Week,weekly,2026-08-28,5-9_day,4,1,call,-2,43.0,2.29,2.26,2.31,287.0,13161.0,0.4414118359375,0.8551975714761899,0.1092901228151727,-0.0629992347338156,0.0107486145333178,0.003977553178902
IBIT,2026-08-24,2026-08-24,Start of Week,weekly,2026-08-28,5-9_day,4,1,put,-2,43.0,0.31,0.29,0.31,868.0,6222.0,0.5039112109375,-0.1752084376228673,0.1084554477407532,-0.0758732421366973,0.0121767949435507,-0.0008909791725402
IBIT,2026-08-24,2026-08-24,Start of Week,weekly,2026-08-28,5-9_day,4,1,call,-1,44.0,1.59,1.55,1.6,5517.0,18910.0,0.460942890625,0.7052941017931782,0.1585083024944239,-0.0968760720285667,0.0162789630142157,0.0033182533020635
IBIT,2026-08-24,2026-08-24,Start of Week,weekly,2026-08-28,5-9_day,4,1,put,-1,44.0,0.59,0.56,0.57,1957.0,1795.0,0.492192578125,-0.3055195119733712,0.1508838937503824,-0.1003518910380123,0.0165464771568178,-0.0015607590333144
IBIT,2026-08-24,2026-08-24,Start of Week,weekly,2026-08-28,5-9_day,4,1,call,0,45.0,1.05,1.03,1.06,18539.0,18865.0,0.48242705078125,0.5290455171499507,0.1747276074478498,-0.1155850537058085,0.0187810894985334,0.0025087352041713
IBIT,2026-08-24,2026-08-24,Start of Week,weekly,2026-08-28,5-9_day,4,1,put,0,45.0,1.04,1.01,1.04,5863.0,612.0,0.508793974609375,-0.4713872557914489,0.1656858371402765,-0.1172016131289949,0.0187825669863742,-0.0024283309611221
IBIT,2026-08-24,2026-08-24,Start of Week,weekly,2026-08-28,5-9_day,4,1,call,1,46.0,0.65,0.65,0.67,4208.0,12241.0,0.500005,0.3640006468769089,0.1591134637411566,-0.1123996729793756,0.0177259237857207,0.0017361071076983
IBIT,2026-08-24,2026-08-24,Start of Week,weekly,2026-08-28,5-9_day,4,1,put,1,46.0,1.6,1.61,1.64,1044.0,58.0,0.5224657128906249,-0.6295015535051267,0.1531667919744603,-0.1134039785905123,0.0178299453331501,-0.0032752061428908
IBIT,2026-08-24,2026-08-24,Start of Week,weekly,2026-08-28,5-9_day,4,1,call,2,47.0,0.41,0.41,0.42,2888.0,5317.0,0.5214891601562499,0.2341649216521165,0.12459489177294,-0.0954094966776756,0.0144768182838992,0.0011211409141254
IBIT,2026-08-24,2026-08-24,Start of Week,weekly,2026-08-28,5-9_day,4,1,put,2,47.0,2.45,2.41,2.46,1.0,28.0,0.5839885351562499,-0.7393668283753912,0.1178176582654841,-0.108280280469925,0.0153300054075205,-0.0039068806849068
IBIT,2026-08-24,2026-08-24,Start of Week,monthly,2026-09-25,20-45_day,24,1,call,-2,43.0,3.55,3.55,3.6,52.0,7337.0,0.4570366796875,0.6709110971386233,0.0592849979429371,-0.0371952097940302,0.0482962546254333,0.0233204199468289
IBIT,2026-08-24,2026-08-24,Start of Week,monthly,2026-09-25,20-45_day,24,1,put,-2,43.0,1.43,1.4,1.43,686.0,422.0,0.4409235595703125,-0.3250078448706888,0.0611408705954386,-0.0314776814869892,0.0480521153188931,-0.0140263070701519
IBIT,2026-08-24,2026-08-24,Start of Week,monthly,2026-09-25,20-45_day,24,1,call,-1,44.0,2.94,2.94,3.0,241.0,33393.0,0.4526421923828125,0.6079137987278248,0.0635853815430961,-0.038761969445598,0.0513014809891491,0.0213633933814394
IBIT,2026-08-24,2026-08-24,Start of Week,monthly,2026-09-25,20-45_day,24,1,put,-1,44.0,1.81,1.83,1.87,131.0,677.0,0.4448297705078124,-0.3911348520350544,0.0646580416577141,-0.0336584896083435,0.0512665366210134,-0.0170138479719377
IBIT,2026-08-24,2026-08-24,Start of Week,monthly,2026-09-25,20-45_day,24,1,call,0,45.0,2.48,2.47,2.5,897.0,11616.0,0.4545952978515625,0.5423393663240711,0.0653613922010724,-0.0398490711671072,0.0529619321729601,0.0192184243638661
IBIT,2026-08-24,2026-08-24,Start of Week,monthly,2026-09-25,20-45_day,24,1,put,0,45.0,2.38,2.33,2.36,47.0,137.0,0.445318046875,-0.4578829495618784,0.0667270227891135,-0.0345247252966795,0.0529650798148416,-0.0200711241868247
IBIT,2026-08-24,2026-08-24,Start of Week,monthly,2026-09-25,20-45_day,24,1,call,1,46.0,2.02,2.04,2.07,251.0,5362.0,0.4575249560546875,0.4777788869038971,0.0652096827944554,-0.0399956041264016,0.0531795261189158,0.0170512559947069
IBIT,2026-08-24,2026-08-24,Start of Week,monthly,2026-09-25,20-45_day,24,1,put,1,46.0,2.93,2.87,2.91,19.0,89.0,0.4448297705078124,-0.5243729468127489,0.0670495584624042,-0.0342618627233883,0.0531627397954996,-0.0231723292812755
IBIT,2026-08-24,2026-08-24,Start of Week,monthly,2026-09-25,20-45_day,24,1,call,2,50.0,0.96,0.95,0.98,2090.0,4494.0,0.48633326171875,0.2665800483430218,0.0505981824736241,-0.0344532718367529,0.0438618027552701,0.0096773547703057
IBIT,2026-08-24,2026-08-24,Start of Week,monthly,2026-09-25,20-45_day,24,1,put,2,50.0,5.8,5.8,5.95,4.0,20.0,0.500005,-0.7264650475790124,0.0498529600264318,-0.0307906748649034,0.0444306722583169,-0.0337937830463038
AAPL,2026-08-24,2026-08-24,Start of Week,aligned,2026-08-26,2-4_day,2,1,call,-2,307.5,6.17,5.85,6.4,157.0,1623.0,0.34180345703125,0.7180815955614003,0.0428028510635599,-0.6884151081171672,0.0779660601104713,0.0119517295137053
AAPL,2026-08-24,2026-08-24,Start of Week,aligned,2026-08-26,2-4_day,2,1,put,-2,307.5,0.73,0.71,0.75,786.0,776.0,0.2058184887695312,-0.1723072824653279,0.053720979429547,-0.2976746995138822,0.0589229859225949,-0.0029686497752622
AAPL,2026-08-24,2026-08-24,Start of Week,aligned,2026-08-26,2-4_day,2,1,call,-1,310.0,4.14,3.95,4.2,1942.0,851.0,0.2828440856933593,0.6201598027323554,0.0583062571847857,-0.6407501662912923,0.0878857990139045,0.0103962856428674
AAPL,2026-08-24,2026-08-24,Start of Week,aligned,2026-08-26,2-4_day,2,1,put,-1,310.0,1.34,1.33,1.37,2579.0,569.0,0.1936115795898437,-0.3304185252675508,0.0810676998659579,-0.3942800578172916,0.0836441589520488,-0.0056999113754108
AAPL,2026-08-24,2026-08-24,Start of Week,aligned,2026-08-26,2-4_day,2,1,call,0,312.5,2.7,2.6,2.7,7653.0,1203.0,0.2663647583007812,0.4666075391296128,0.0646517315855736,-0.6257063654928827,0.0917726695969953,0.007854156404608
AAPL,2026-08-24,2026-08-24,Start of Week,aligned,2026-08-26,2-4_day,2,1,put,0,312.5,2.37,2.19,2.4,1818.0,120.0,0.1831136376953124,-0.5515043726520074,0.09358831316288,-0.4003813579233512,0.0913269069905069,-0.0095333669577887
AAPL,2026-08-24,2026-08-24,Start of Week,aligned,2026-08-26,2-4_day,2,1,call,1,315.0,1.55,1.55,1.57,23048.0,1947.0,0.2531812963867187,0.3035102214520174,0.0598007780842185,-0.5202155566551433,0.0806853883305358,0.0051251150438204
AAPL,2026-08-24,2026-08-24,Start of Week,aligned,2026-08-26,2-4_day,2,1,put,1,315.0,3.7,3.75,3.9,268.0,387.0,0.1713950048828125,-0.7785360484297962,0.075119427099648,-0.2689361276525116,0.0686130724778122,-0.0134997679813452
AAPL,2026-08-24,2026-08-24,Start of Week,aligned,2026-08-26,2-4_day,2,1,call,2,317.5,0.82,0.82,0.85,4216.0,1422.0,0.2473219799804687,0.1688416080598817,0.0441281600212016,-0.3649194181453666,0.05816141629789,0.0028572594286739
AAPL,2026-08-24,2026-08-24,Start of Week,aligned,2026-08-26,2-4_day,2,1,put,2,317.5,5.23,5.3,5.8,17.0,131.0,0.1450280810546875,-0.9500399369377358,0.0307858899250334,-0.0555549453883134,0.0237936052640083,-0.0165438065946043
AAPL,2026-08-24,2026-08-24,Start of Week,weekly,2026-08-28,5-9_day,4,1,call,-2,307.5,6.98,6.85,7.1,395.0,1001.0,0.3177558459472656,0.674408531566493,0.0347204862694037,-0.4877664552080348,0.1175887526234508,0.0223108379546268
AAPL,2026-08-24,2026-08-24,Start of Week,weekly,2026-08-28,5-9_day,4,1,put,-2,307.5,1.5,1.46,1.56,1089.0,1882.0,0.2275467871093749,-0.26761471439952,0.0443111623523841,-0.2970539667458254,0.107465802314939,-0.00928064489974
AAPL,2026-08-24,2026-08-24,Start of Week,weekly,2026-08-28,5-9_day,4,1,call,-1,310.0,5.07,5.0,5.2,9565.0,14953.0,0.2895578857421874,0.5893706270032775,0.0411384260712614,-0.477736580984945,0.1269607572068883,0.0196126855177581
AAPL,2026-08-24,2026-08-24,Start of Week,weekly,2026-08-28,5-9_day,4,1,put,-1,310.0,2.21,2.23,2.26,1532.0,7747.0,0.2136309106445312,-0.3832858123185386,0.054735132047396,-0.3204537199651983,0.1246283074750953,-0.0133067762596202
AAPL,2026-08-24,2026-08-24,Start of Week,weekly,2026-08-28,5-9_day,4,1,call,0,312.5,3.8,3.7,3.85,5628.0,3445.0,0.2855296057128905,0.484034633719327,0.0427629588227882,-0.4794819978597359,0.1301383594870181,0.016162204918064
AAPL,2026-08-24,2026-08-24,Start of Week,weekly,2026-08-28,5-9_day,4,1,put,0,312.5,3.22,3.2,3.35,769.0,1013.0,0.2071612487792968,-0.5258846732832997,0.0588630672076728,-0.3195703797148131,0.1299684213475483,-0.0182977386130996
AAPL,2026-08-24,2026-08-24,Start of Week,weekly,2026-08-28,5-9_day,4,1,call,1,315.0,2.61,2.56,2.65,10964.0,12589.0,0.2751537329101562,0.3747584971619861,0.0422042339731014,-0.4373552763887176,0.1237707054593269,0.0125565642902139
AAPL,2026-08-24,2026-08-24,Start of Week,weekly,2026-08-28,5-9_day,4,1,put,1,315.0,4.65,4.6,4.8,285.0,1591.0,0.2028888305664062,-0.6707222449601704,0.0546265209528736,-0.2778537155389932,0.1181267121210938,-0.0234082037449809
AAPL,2026-08-24,2026-08-24,Start of Week,weekly,2026-08-28,5-9_day,4,1,call,2,317.5,1.74,1.67,1.76,1894.0,3323.0,0.2692944165039062,0.271839879808722,0.037736690421187,-0.3730755344542767,0.1083122538709076,0.0091322049441658
AAPL,2026-08-24,2026-08-24,Start of Week,weekly,2026-08-28,5-9_day,4,1,put,2,317.5,6.13,6.15,6.35,135.0,454.0,0.1782308740234375,-0.8236830863344766,0.0445121035155636,-0.1616352822292263,0.0845565958191652,-0.0288146157404168
AAPL,2026-08-24,2026-08-24,Start of Week,monthly,2026-09-25,20-45_day,24,1,call,-2,300.0,18.1,17.45,18.35,179.0,779.0,0.3122627368164062,0.6917363979282474,0.0122052241417067,-0.178586014672269,0.3249693062810154,0.1726265045175444
AAPL,2026-08-24,2026-08-24,Start of Week,monthly,2026-09-25,20-45_day,24,1,put,-2,300.0,3.85,3.95,4.1,32.0,575.0,0.2395095581054687,-0.2649755550011221,0.0148094050228162,-0.1044005266909893,0.3024383656250814,-0.0756873435667345
AAPL,2026-08-24,2026-08-24,Start of Week,monthly,2026-09-25,20-45_day,24,1,call,-1,305.0,14.2,14.1,14.55,21.0,287.0,0.2912668530273437,0.6326101465067275,0.014005841909317,-0.1768481335797437,0.3478377439790115,0.1598330224767965
AAPL,2026-08-24,2026-08-24,Start of Week,monthly,2026-09-25,20-45_day,24,1,put,-1,305.0,5.3,5.25,5.45,104.0,500.0,0.2282181671142578,-0.3404926839538675,0.0173968128028653,-0.109410257356362,0.3385293486163695,-0.0974411881539193
AAPL,2026-08-24,2026-08-24,Start of Week,monthly,2026-09-25,20-45_day,24,1,call,0,310.0,11.58,11.15,11.6,164.0,702.0,0.2854075366210937,0.5602333632804781,0.0149647129945157,-0.178960123002202,0.3641751026503887,0.142690002780622
AAPL,2026-08-24,2026-08-24,Start of Week,monthly,2026-09-25,20-45_day,24,1,put,0,310.0,7.22,7.1,7.3,21.0,280.0,0.2198564343261718,-0.4307572098310188,0.0193541688593722,-0.1102898640543873,0.3628190887406088,-0.1236546999049914
AAPL,2026-08-24,2026-08-24,Start of Week,monthly,2026-09-25,20-45_day,24,1,call,1,315.0,8.81,8.35,8.9,105.0,947.0,0.2764964929199218,0.4833791018606702,0.0156118760527846,-0.1734119104299044,0.3680621374663312,0.1241008933790979
AAPL,2026-08-24,2026-08-24,Start of Week,monthly,2026-09-25,20-45_day,24,1,put,1,315.0,9.5,9.55,9.85,77.0,135.0,0.2177812597656249,-0.5289532827443788,0.0197858899778824,-0.1073123618872748,0.3674113071288877,-0.1526445667963568
AAPL,2026-08-24,2026-08-24,Start of Week,monthly,2026-09-25,20-45_day,24,1,call,2,320.0,6.5,6.25,6.6,233.0,966.0,0.268012691040039,0.4036171459271124,0.0156472813738861,-0.1618523469384899,0.3575779035426834,0.1043642032357523
AAPL,2026-08-24,2026-08-24,Start of Week,monthly,2026-09-25,20-45_day,24,1,put,2,320.0,14.61,12.1,13.15,23.0,61.0,0.2234574725341796,-0.6206367494433024,0.0184433829891208,-0.1017493130160346,0.3514081982245545,-0.1805174691531745
AMZN,2026-08-24,2026-08-24,Start of Week,aligned,2026-08-26,2-4_day,2,1,call,-2,257.5,5.59,5.3,5.75,2318.0,349.0,0.3347234497070312,0.7545872096014062,0.0485067842437521,-0.5298156255604123,0.0609768517600966,0.0105338383590874
AMZN,2026-08-24,2026-08-24,Start of Week,aligned,2026-08-26,2-4_day,2,1,put,-2,257.5,0.96,0.98,1.01,2195.0,1108.0,0.2788158056640625,-0.2053679656424796,0.0526402049780696,-0.3786766163989054,0.0551202700342546,-0.0029805795655868
AMZN,2026-08-24,2026-08-24,Start of Week,aligned,2026-08-26,2-4_day,2,1,call,-1,260.0,3.9,3.75,3.9,4517.0,1424.0,0.3086006640625,0.626404474576311,0.0633303664965065,-0.5826027465190176,0.0733981701218156,0.0087986238862267
AMZN,2026-08-24,2026-08-24,Start of Week,aligned,2026-08-26,2-4_day,2,1,put,-1,260.0,1.68,1.68,1.72,2012.0,489.0,0.2668530346679688,-0.3558989801551508,0.0720546145449969,-0.4721443211508681,0.0722121574477699,-0.0051745287194273
AMZN,2026-08-24,2026-08-24,Start of Week,aligned,2026-08-26,2-4_day,2,1,call,0,262.5,2.39,2.38,2.46,5756.0,888.0,0.2949289257812499,0.459347647348445,0.0694371492422935,-0.5791107304320404,0.0769104985601351,0.006481261621009
AMZN,2026-08-24,2026-08-24,Start of Week,aligned,2026-08-26,2-4_day,2,1,put,0,262.5,2.78,2.76,2.85,976.0,135.0,0.2619702709960937,-0.5467731997683489,0.0780407114764394,-0.4880512363137191,0.0767802646230949,-0.0079733001412109
AMZN,2026-08-24,2026-08-24,Start of Week,aligned,2026-08-26,2-4_day,2,1,call,1,265.0,1.34,1.34,1.39,6041.0,751.0,0.2827220166015625,0.2876275570137468,0.0622350235778457,-0.4746185819176494,0.0660801261600543,0.0040726736686453
AMZN,2026-08-24,2026-08-24,Start of Week,aligned,2026-08-26,2-4_day,2,1,put,1,265.0,4.17,4.2,4.4,1671.0,244.0,0.2602613037109375,-0.729208188454304,0.0656523815014721,-0.3977039727517518,0.0641706532769738,-0.0106784131315626
AMZN,2026-08-24,2026-08-24,Start of Week,aligned,2026-08-26,2-4_day,2,1,call,2,267.5,0.75,0.74,0.77,2343.0,597.0,0.2844309838867186,0.1579765964053752,0.0437750083934207,-0.3366648426173069,0.0467605398826986,0.0022414130909177
AMZN,2026-08-24,2026-08-24,Start of Week,aligned,2026-08-26,2-4_day,2,1,put,2,267.5,6.0,5.8,6.35,334.0,197.0,0.2661206201171875,-0.8584112512032718,0.0434898772974816,-0.2657025596550761,0.0434653403092437,-0.0126436966811959
AMZN,2026-08-24,2026-08-24,Start of Week,weekly,2026-08-28,5-9_day,4,1,call,-2,257.5,6.85,6.45,6.85,1293.0,1398.0,0.36133451171875,0.6799255201057122,0.0361152371425061,-0.4601622762046728,0.0980181012847821,0.0187942271318723
AMZN,2026-08-24,2026-08-24,Start of Week,weekly,2026-08-28,5-9_day,4,1,put,-2,257.5,1.85,1.84,1.88,1090.0,1417.0,0.2990792749023437,-0.2885566711572935,0.0416633448565397,-0.3420614850085939,0.0935937445930006,-0.0084437174467695
AMZN,2026-08-24,2026-08-24,Start of Week,weekly,2026-08-28,5-9_day,4,1,call,-1,260.0,5.07,4.9,5.0,6137.0,5055.0,0.3322820678710937,0.5899547356423991,0.0426892287000932,-0.4577742576282226,0.106544634393839,0.0164162288431212
AMZN,2026-08-24,2026-08-24,Start of Week,weekly,2026-08-28,5-9_day,4,1,put,-1,260.0,2.7,2.71,2.75,2269.0,4972.0,0.2930978894042968,-0.3999574583668557,0.0480944019422596,-0.3770261102397781,0.1058799165938365,-0.0117302888621396
AMZN,2026-08-24,2026-08-24,Start of Week,weekly,2026-08-28,5-9_day,4,1,call,0,262.5,3.57,3.45,3.55,2772.0,8546.0,0.3186103295898437,0.4795898741182174,0.0456276571382202,-0.4473217946588272,0.109192897925223,0.013409081066842
AMZN,2026-08-24,2026-08-24,Start of Week,weekly,2026-08-28,5-9_day,4,1,put,0,262.5,3.8,3.8,3.9,387.0,902.0,0.2883371948242186,-0.5238792722831134,0.0503938207269117,-0.3790603490788199,0.109140094741209,-0.015409652787521
AMZN,2026-08-24,2026-08-24,Start of Week,weekly,2026-08-28,5-9_day,4,1,call,1,265.0,2.48,2.42,2.48,6195.0,8543.0,0.3154365332031249,0.3672746155861538,0.0435690696421346,-0.4165862388146773,0.1032277943771642,0.0103027404316305
AMZN,2026-08-24,2026-08-24,Start of Week,weekly,2026-08-28,5-9_day,4,1,put,1,265.0,5.25,5.2,5.35,1585.0,1879.0,0.2851633984374999,-0.6474387084307829,0.0475190909377562,-0.3450608262281295,0.1017813662740729,-0.0191146536960957
AMZN,2026-08-24,2026-08-24,Start of Week,weekly,2026-08-28,5-9_day,4,1,call,2,267.5,1.69,1.67,1.72,1917.0,3234.0,0.3186103295898437,0.2686527829201344,0.0377711526283724,-0.3670062978417189,0.0903912642495317,0.0075533709105746
AMZN,2026-08-24,2026-08-24,Start of Week,weekly,2026-08-28,5-9_day,4,1,put,2,267.5,7.04,6.7,7.15,906.0,434.0,0.2904123693847655,-0.7517116087295559,0.0397801680120453,-0.2942957941231858,0.086773695591294,-0.0223066385767084
AMZN,2026-08-24,2026-08-24,Start of Week,monthly,2026-09-25,20-45_day,24,1,call,-2,250.0,16.55,16.55,17.65,13.0,195.0,0.3503482934570311,0.7011940854541703,0.0127794411521303,-0.1641128259893554,0.2690346553121217,0.1451168339910619
AMZN,2026-08-24,2026-08-24,Start of Week,monthly,2026-09-25,20-45_day,24,1,put,-2,250.0,4.03,3.9,4.2,44.0,1288.0,0.2892527130126953,-0.2678505778226441,0.0146873769557833,-0.1078529447991707,0.2552807341526235,-0.0648365228302838
AMZN,2026-08-24,2026-08-24,Start of Week,monthly,2026-09-25,20-45_day,24,1,call,-1,255.0,13.22,13.1,14.15,13.0,127.0,0.3360051751708984,0.6357000851874754,0.0144218556891597,-0.1683275804038395,0.2911812927207922,0.1331972802828654
AMZN,2026-08-24,2026-08-24,Start of Week,monthly,2026-09-25,20-45_day,24,1,put,-1,255.0,5.95,5.45,5.9,25.0,508.0,0.2866892620849609,-0.3479654477941826,0.0166315785127366,-0.1185223831202309,0.2865109699444931,-0.0846390150228244
AMZN,2026-08-24,2026-08-24,Start of Week,monthly,2026-09-25,20-45_day,24,1,call,0,260.0,10.96,10.5,11.1,402.0,367.0,0.3255682678222655,0.5610126060149613,0.0156225121592462,-0.1692537336334567,0.3056252966650403,0.1187784937657801
AMZN,2026-08-24,2026-08-24,Start of Week,monthly,2026-09-25,20-45_day,24,1,put,0,260.0,7.55,7.4,7.8,31.0,295.0,0.2768627001953124,-0.4345281476159365,0.0183377405450513,-0.1196640968905386,0.3050750082693128,-0.1060984165922051
AMZN,2026-08-24,2026-08-24,Start of Week,monthly,2026-09-25,20-45_day,24,1,call,1,265.0,8.15,8.05,8.1,89.0,269.0,0.304694453125,0.4786778833445045,0.0168665577413255,-0.1589183759803392,0.3088071614077093,0.102557653379092
AMZN,2026-08-24,2026-08-24,Start of Week,monthly,2026-09-25,20-45_day,24,1,put,1,265.0,10.35,9.75,10.45,13.0,176.0,0.2769237347412109,-0.52689600937639,0.0185422838483292,-0.1184746149145337,0.3085458880054505,-0.1295438452332107
AMZN,2026-08-24,2026-08-24,Start of Week,monthly,2026-09-25,20-45_day,24,1,call,2,270.0,6.22,6.0,6.3,424.0,394.0,0.309577216796875,0.3993171168721307,0.0160920047113956,-0.1547741631620131,0.2993474068287655,0.0859726267251534
AMZN,2026-08-24,2026-08-24,Start of Week,monthly,2026-09-25,20-45_day,24,1,put,2,270.0,13.5,12.5,13.3,3.0,125.0,0.2688671746826171,-0.6204677067768213,0.0182619404432046,-0.1061427921641864,0.2950401114554964,-0.1534502291750731
TLT,2026-08-24,2026-08-24,Start of Week,weekly,2026-08-28,5-9_day,4,4,call,-2,81.5,1.21,1.2,1.27,42.0,2619.0,0.14063359375,0.8309622241896064,0.2072999351486218,-0.0451884035286123,0.0218058570093585,0.0073853519732114
TLT,2026-08-24,2026-08-24,Start of Week,weekly,2026-08-28,5-9_day,4,4,put,-2,81.5,0.09,0.08,0.09,687.0,12881.0,0.11524322265625,-0.1217901048556202,0.202808192676896,-0.0241535546727345,0.0174817863394056,-0.0011092515541421
TLT,2026-08-24,2026-08-24,Start of Week,weekly,2026-08-28,5-9_day,4,4,call,-1,82.0,0.84,0.83,0.85,145.0,4181.0,0.12500875,0.7286069473165098,0.3066166768579564,-0.0508382431017489,0.0286695650179446,0.0065056955899484
TLT,2026-08-24,2026-08-24,Start of Week,weekly,2026-08-28,5-9_day,4,4,put,-1,82.0,0.18,0.18,0.19,840.0,18623.0,0.1118252880859374,-0.2486024015738595,0.3276007977224611,-0.0361979360093363,0.0274012197169599,-0.0022665554178276
TLT,2026-08-24,2026-08-24,Start of Week,weekly,2026-08-28,5-9_day,4,4,call,0,82.5,0.51,0.5,0.52,11525.0,67566.0,0.1191494335937499,0.5598285247226369,0.3827850177743546,-0.0554632827050762,0.0341139361366256,0.0050148995710126
TLT,2026-08-24,2026-08-24,Start of Week,weekly,2026-08-28,5-9_day,4,4,put,0,82.5,0.38,0.34,0.36,554.0,4218.0,0.10743080078125,-0.4342117820889829,0.4235254207918679,-0.0420219121964102,0.0340324499402312,-0.003964184880503
TLT,2026-08-24,2026-08-24,Start of Week,weekly,2026-08-28,5-9_day,4,4,call,1,83.0,0.27,0.26,0.27,3465.0,29076.0,0.1128018408203125,0.361907833249271,0.3841820824504695,-0.0487222378953617,0.032414416792684,0.0032503789988362
TLT,2026-08-24,2026-08-24,Start of Week,weekly,2026-08-28,5-9_day,4,4,put,1,83.0,0.63,0.61,0.63,238.0,2687.0,0.1059659716796874,-0.6468753273028984,0.4054664696437084,-0.0370737181793731,0.0321370707862417,-0.0059189128932629
TLT,2026-08-24,2026-08-24,Start of Week,weekly,2026-08-28,5-9_day,4,4,call,2,83.5,0.13,0.13,0.14,5609.0,4917.0,0.116219775390625,0.2015003627865497,0.2797851797410693,-0.037014904155765,0.0243214608363719,0.0018119797299138
TLT,2026-08-24,2026-08-24,Start of Week,weekly,2026-08-28,5-9_day,4,4,put,2,83.5,1.05,0.96,0.99,98.0,3947.0,0.1035245898437499,-0.8264518888894785,0.2863889076478452,-0.0216565072379594,0.0221760723742727,-0.0075848129394784
TLT,2026-08-24,2026-08-24,Start of Week,monthly,2026-09-25,20-45_day,24,4,call,-2,81.5,1.69,1.73,1.74,392.0,616.0,0.1110928735351562,0.7014243540524423,0.1276686244144803,-0.0204329182543991,0.0848682574653871,0.0491355915830666
TLT,2026-08-24,2026-08-24,Start of Week,monthly,2026-09-25,20-45_day,24,4,put,-2,81.5,0.66,0.65,0.66,63.0,558.0,0.1149990844726562,-0.3044351483371323,0.1244153677716354,-0.0127684968191549,0.0856137098205998,-0.0225378434791975
TLT,2026-08-24,2026-08-24,Start of Week,monthly,2026-09-25,20-45_day,24,4,call,-1,82.0,1.37,1.4,1.42,383.0,1453.0,0.1098721826171875,0.6353307819207317,0.1398099261911985,-0.0209602670657252,0.091918020730172,0.0446449947453955
TLT,2026-08-24,2026-08-24,Start of Week,monthly,2026-09-25,20-45_day,24,4,put,-1,82.0,0.84,0.82,0.84,33.0,1826.0,0.1135342553710937,-0.3684686024968684,0.13576676728762,-0.0131926496449783,0.0922349037624789,-0.0273165272395372
TLT,2026-08-24,2026-08-24,Start of Week,monthly,2026-09-25,20-45_day,24,4,call,0,82.5,1.11,1.12,1.14,1187.0,6156.0,0.1091397680664062,0.5635574508506531,0.1475302138676287,-0.0210376642749107,0.0963471570535744,0.0397091127699961
TLT,2026-08-24,2026-08-24,Start of Week,monthly,2026-09-25,20-45_day,24,4,put,0,82.5,1.08,1.06,1.07,24.0,731.0,0.1137783935546875,-0.438482582869654,0.1416309369589826,-0.013363123288973,0.0964257069654699,-0.0325715471646351
TLT,2026-08-24,2026-08-24,Start of Week,monthly,2026-09-25,20-45_day,24,4,call,1,83.0,0.88,0.87,0.88,124.0,1890.0,0.1068204553222656,0.4887259154822569,0.1526141221384254,-0.0202885989341888,0.0975492766850873,0.0345333305303605
TLT,2026-08-24,2026-08-24,Start of Week,monthly,2026-09-25,20-45_day,24,4,put,1,83.0,1.69,1.31,1.33,31.0,220.0,0.1135342553710937,-0.5098381980928224,0.1436030328084406,-0.0129031546385574,0.0975585717749825,-0.037950724319747
TLT,2026-08-24,2026-08-24,Start of Week,monthly,2026-09-25,20-45_day,24,4,call,2,83.5,0.68,0.67,0.68,17.0,2574.0,0.1068204553222656,0.4136543393199776,0.1490849634274393,-0.0193034139660526,0.0952934770596024,0.0292875342700099
TLT,2026-08-24,2026-08-24,Start of Week,monthly,2026-09-25,20-45_day,24,4,put,2,83.5,1.7,1.63,1.64,2.0,557.0,0.1147549462890625,-0.579573535556364,0.1392821481587697,-0.0121297382649512,0.0956404864001487,-0.0432559431616958
INTC,2026-08-24,2026-08-24,Start of Week,weekly,2026-08-28,5-9_day,4,4,call,-2,84.0,3.85,3.65,3.95,70.0,283.0,0.6445348046875,0.6628864989248677,0.0628028159426607,-0.2709168308529565,0.0329500414523113,0.0058698886262391
INTC,2026-08-24,2026-08-24,Start of Week,weekly,2026-08-28,5-9_day,4,4,put,-2,84.0,1.38,1.34,1.42,765.0,1330.0,0.5815471533203125,-0.3231416434378874,0.0684344420746555,-0.2325474941671034,0.0323959066841877,-0.003177319880073
INTC,2026-08-24,2026-08-24,Start of Week,weekly,2026-08-28,5-9_day,4,4,call,-1,85.0,3.35,3.2,3.35,861.0,250.0,0.6606479248046876,0.5950868222369976,0.0650203384183661,-0.2936652662130965,0.0349663076937638,0.0052895593162566
INTC,2026-08-24,2026-08-24,Start of Week,weekly,2026-08-28,5-9_day,4,4,put,-1,85.0,1.75,1.77,1.77,2813.0,5369.0,0.579105771484375,-0.3953514145480621,0.0737126329256311,-0.2479144580679105,0.0347480382865042,-0.0039002540995092
INTC,2026-08-24,2026-08-24,Start of Week,weekly,2026-08-28,5-9_day,4,4,call,0,86.0,2.69,2.61,2.71,1637.0,50.0,0.63867548828125,0.5285618044445611,0.0690557184073214,-0.2910053027461309,0.0359013161838373,0.0047284348296113
INTC,2026-08-24,2026-08-24,Start of Week,weekly,2026-08-28,5-9_day,4,4,put,0,86.0,2.25,2.18,2.27,1057.0,1075.0,0.57617611328125,-0.4710900135412449,0.0765415495323195,-0.2542223670116745,0.0358990514752892,-0.004664510948905
INTC,2026-08-24,2026-08-24,Start of Week,weekly,2026-08-28,5-9_day,4,4,call,1,87.0,2.22,2.18,2.22,6081.0,190.0,0.6401403173828125,0.4598260587261557,0.0687242711205897,-0.2903839245518414,0.0358109463133868,0.0041298602266796
INTC,2026-08-24,2026-08-24,Start of Week,weekly,2026-08-28,5-9_day,4,4,put,1,87.0,2.72,2.69,2.78,327.0,5630.0,0.570316796875,-0.5481459813385456,0.0769662879678229,-0.2496685408557762,0.0357311651350682,-0.005448429484765
INTC,2026-08-24,2026-08-24,Start of Week,weekly,2026-08-28,5-9_day,4,4,call,2,88.0,1.83,1.74,1.83,1220.0,487.0,0.637698935546875,0.3925374254064675,0.0668081637368089,-0.2797254867749573,0.0346797294980911,0.0035390836496785
INTC,2026-08-24,2026-08-24,Start of Week,weekly,2026-08-28,5-9_day,4,4,put,2,88.0,3.38,3.25,3.35,309.0,2445.0,0.56055126953125,-0.6250898980736621,0.0749720664251402,-0.2339108494242393,0.0342093873052002,-0.0062381837126321
INTC,2026-08-24,2026-08-24,Start of Week,monthly,2026-09-25,20-45_day,24,4,put,-2,84.0,4.7,4.65,4.95,22.0,27.0,0.5716595568847658,-0.3991394883974233,0.0264684561454373,-0.0840467354824529,0.0985340967887614,-0.0341778529372055
INTC,2026-08-24,2026-08-24,Start of Week,monthly,2026-09-25,20-45_day,24,4,call,-1,85.0,6.91,6.8,7.1,25.0,33.0,0.6184120190429689,0.573362752014861,0.0248510478301809,-0.1010188551834755,0.1000790301592794,0.0371935384968856
INTC,2026-08-24,2026-08-24,Start of Week,monthly,2026-09-25,20-45_day,24,4,put,-1,85.0,5.35,5.1,5.35,125.0,1193.0,0.5654340332031251,-0.4262816756939013,0.0271748824983721,-0.0841580785211859,0.1000622077928937,-0.0365931514504795
INTC,2026-08-24,2026-08-24,Start of Week,monthly,2026-09-25,20-45_day,24,4,call,0,86.0,6.38,6.2,6.65,23.0,2.0,0.6140175317382813,0.5480069419600362,0.0252760588324432,-0.1011115008301215,0.1010672828996322,0.0357430232087642
INTC,2026-08-24,2026-08-24,Start of Week,monthly,2026-09-25,20-45_day,24,4,put,0,86.0,5.83,5.7,5.95,20.0,12.0,0.5737347314453125,-0.4535288010652027,0.0270631795612754,-0.0860997892706915,0.1011137974715838,-0.0391682232455382
INTC,2026-08-24,2026-08-24,Start of Week,monthly,2026-09-25,20-45_day,24,4,call,1,87.0,6.05,5.8,6.05,108.0,2.0,0.6096230444335939,0.5223865097409662,0.0256037734604556,-0.1007946471284109,0.1016449514096655,0.0342508671157335
INTC,2026-08-24,2026-08-24,Start of Week,monthly,2026-09-25,20-45_day,24,4,put,1,87.0,6.4,6.15,6.5,12.0,25.0,0.5695843823242188,-0.4809302829878069,0.0274154401760511,-0.0856657814494504,0.1016889486129859,-0.0416689578238977
INTC,2026-08-24,2026-08-24,Start of Week,monthly,2026-09-25,20-45_day,24,4,call,2,88.0,5.5,5.35,5.7,19.0,38.0,0.6125527026367189,0.497498167646606,0.0255210086609851,-0.1012346456655534,0.1018032766440777,0.0327269181477164
INTC,2026-08-24,2026-08-24,Start of Week,monthly,2026-09-25,20-45_day,24,4,put,2,88.0,6.85,6.7,7.1,123.0,335.0,0.5700726586914062,-0.5078926418847631,0.0274179272463361,-0.0855354114635516,0.1017853544046978,-0.0442012417504655
IWM,2026-08-24,2026-08-24,Start of Week,aligned,2026-08-25,0-1_day,1,1,call,-2,296.0,2.9,2.94,3.02,71.0,49.0,0.1762777685546875,0.8115408778751326,0.0980744913767568,-0.3960371760481844,0.0421696676051711,0.0065603098178465
IWM,2026-08-24,2026-08-24,Start of Week,aligned,2026-08-25,0-1_day,1,1,put,-2,296.0,0.3,0.29,0.31,838.0,250.0,0.1276942700195312,-0.1118518256796405,0.0954199260569689,-0.1863512220316259,0.0297205645306893,-0.0009173357204071
IWM,2026-08-24,2026-08-24,Start of Week,aligned,2026-08-25,0-1_day,1,1,call,-1,297.0,2.14,2.1,2.16,106.0,62.0,0.1547936083984375,0.7219879374608064,0.1387595557807598,-0.4272236497288779,0.0523917004131427,0.0058520418876502
IWM,2026-08-24,2026-08-24,Start of Week,aligned,2026-08-25,0-1_day,1,1,put,-1,297.0,0.46,0.45,0.46,1951.0,615.0,0.1140225317382812,-0.2127941120989294,0.1630962460387417,-0.2521270596984578,0.0453608531118374,-0.0017454634741009
IWM,2026-08-24,2026-08-24,Start of Week,aligned,2026-08-25,0-1_day,1,1,call,0,298.0,1.41,1.47,1.48,1177.0,592.0,0.145516357421875,0.5731805452208929,0.1725778388729445,-0.4629653574632536,0.0612552631711557,0.0046547855396662
IWM,2026-08-24,2026-08-24,Start of Week,aligned,2026-08-25,0-1_day,1,1,put,0,298.0,0.74,0.71,0.72,3456.0,1253.0,0.1018156225585937,-0.3970926970172961,0.2424899381363066,-0.2944779790935514,0.0602219359786705,-0.0032584745169373
IWM,2026-08-24,2026-08-24,Start of Week,aligned,2026-08-25,0-1_day,1,1,call,1,299.0,0.86,0.85,0.86,1677.0,130.0,0.1296473754882812,0.3868662561205599,0.1890492531826433,-0.3992290330474312,0.0597840406617852,0.0031475449682376
IWM,2026-08-24,2026-08-24,Start of Week,aligned,2026-08-25,0-1_day,1,1,put,1,299.0,1.17,1.12,1.14,1928.0,731.0,0.0898528515625,-0.6617954066989808,0.2605725771565028,-0.2363924248565556,0.0571093400734166,-0.0054348041057227
IWM,2026-08-24,2026-08-24,Start of Week,aligned,2026-08-25,0-1_day,1,1,call,2,300.0,0.46,0.46,0.47,3145.0,1031.0,0.1237880590820312,0.2070409757679912,0.1478290980212392,-0.2825316146301015,0.0446359980137027,0.0016863551212248
IWM,2026-08-24,2026-08-24,Start of Week,aligned,2026-08-25,0-1_day,1,1,put,2,300.0,1.73,1.78,1.82,428.0,561.0,0.0844818115234375,-0.884786984886027,0.1473044798241063,-0.1011957725534742,0.0303546857783987,-0.0072785265702545
IWM,2026-08-24,2026-08-24,Start of Week,weekly,2026-08-28,5-9_day,4,1,call,-2,297.0,3.29,3.33,3.41,16.0,399.0,0.1916584741210937,0.6030934094260937,0.064401411306237,-0.3064941562267167,0.1204286924981037,0.0193691493488721
IWM,2026-08-24,2026-08-24,Start of Week,weekly,2026-08-28,5-9_day,4,1,put,-2,297.0,1.56,1.56,1.57,428.0,1814.0,0.1577232666015625,-0.3768891192845313,0.0770898722245614,-0.2223146022597943,0.1186313982656882,-0.0124665157615054
IWM,2026-08-24,2026-08-24,Start of Week,weekly,2026-08-28,5-9_day,4,1,call,-1,297.5,3.09,3.04,3.12,29.0,133.0,0.1909260595703125,0.5706892598615317,0.0658417686892829,-0.3097435615393302,0.1226516114330954,0.0183422573469656
IWM,2026-08-24,2026-08-24,Start of Week,weekly,2026-08-28,5-9_day,4,1,put,-1,297.5,1.72,1.73,1.77,75.0,2913.0,0.1568687829589844,-0.4157219805118193,0.0795943748278606,-0.2261055586542137,0.1218219265643014,-0.0137572400923099
IWM,2026-08-24,2026-08-24,Start of Week,weekly,2026-08-28,5-9_day,4,1,call,0,298.0,2.86,2.72,2.8,123.0,723.0,0.1871419177246094,0.5380866792335229,0.0679360849620241,-0.3062436568560722,0.1240446824057315,0.0173112413017175
IWM,2026-08-24,2026-08-24,Start of Week,weekly,2026-08-28,5-9_day,4,1,put,0,298.0,1.93,1.93,1.97,650.0,2978.0,0.1547936083984375,-0.4554689173072811,0.0819949077478632,-0.2256160489827755,0.123835871856401,-0.0150783398514114
IWM,2026-08-24,2026-08-24,Start of Week,weekly,2026-08-28,5-9_day,4,1,call,1,299.0,2.16,2.14,2.19,375.0,947.0,0.1783529431152344,0.4681006585963566,0.0713814215504311,-0.2909315408676926,0.1242144249778195,0.0150890786346771
IWM,2026-08-24,2026-08-24,Start of Week,weekly,2026-08-28,5-9_day,4,1,put,1,299.0,2.38,2.36,2.41,2134.0,11168.0,0.1495446374511718,-0.5393401030865207,0.0849899354927419,-0.2152198340689356,0.1240066296693528,-0.0178688355615318
IWM,2026-08-24,2026-08-24,Start of Week,weekly,2026-08-28,5-9_day,4,1,call,2,300.0,1.62,1.64,1.69,390.0,2149.0,0.172859833984375,0.3944706731990285,0.0712857764330928,-0.2716026884174813,0.1202274223734086,0.0127352920347637
IWM,2026-08-24,2026-08-24,Start of Week,weekly,2026-08-28,5-9_day,4,1,put,2,300.0,2.96,2.79,2.87,1486.0,11938.0,0.1399011791992187,-0.6310384816286638,0.0863223964718734,-0.1866366464149376,0.1178287916833333,-0.0209191376539773
IWM,2026-08-24,2026-08-24,Start of Week,monthly,2026-09-25,20-45_day,24,1,call,-2,297.0,7.06,7.19,7.35,1.0,8.0,0.1858601922607421,0.5678505834651031,0.023943238717038,-0.1173185680682849,0.3473488176393968,0.1417393666588725
IWM,2026-08-24,2026-08-24,Start of Week,monthly,2026-09-25,20-45_day,24,1,put,-2,297.0,5.51,5.4,5.5,3.0,134.0,0.1727377648925781,-0.4286333405415906,0.0257217364375071,-0.0800881728491592,0.3468040231870029,-0.1164788723387017
IWM,2026-08-24,2026-08-24,Start of Week,monthly,2026-09-25,20-45_day,24,1,call,-1,297.5,7.04,6.84,7.04,2.0,57.0,0.1843953631591796,0.5560722584143605,0.0242461937354246,-0.116666189350863,0.3489716238351155,0.1389390211543814
IWM,2026-08-24,2026-08-24,Start of Week,monthly,2026-09-25,20-45_day,24,1,put,-1,297.5,5.19,5.61,5.71,61.0,68.0,0.1718527639770508,-0.4413840176810211,0.0259916259770136,-0.0796966437751926,0.3486474696404205,-0.1199862530742979
IWM,2026-08-24,2026-08-24,Start of Week,monthly,2026-09-25,20-45_day,24,1,call,0,298.0,6.63,6.59,6.75,71.0,54.0,0.1833577758789062,0.544024287915343,0.0244769510465047,-0.1161488093379679,0.3503105355930232,0.1360500557787171
IWM,2026-08-24,2026-08-24,Start of Week,monthly,2026-09-25,20-45_day,24,1,put,0,298.0,5.77,5.85,5.94,11.0,116.0,0.1713950048828125,-0.454369331685957,0.0261734110171608,-0.0794336096788742,0.3501507277070664,-0.1235735974206942
IWM,2026-08-24,2026-08-24,Start of Week,monthly,2026-09-25,20-45_day,24,1,call,1,299.0,6.02,6.08,6.16,43.0,279.0,0.1804281176757812,0.5194568287629542,0.0249971591004689,-0.1143491851043377,0.3520395199024208,0.1301595797114953
IWM,2026-08-24,2026-08-24,Start of Week,monthly,2026-09-25,20-45_day,24,1,put,1,299.0,6.41,6.26,6.38,42.0,79.0,0.1693198303222656,-0.4806212990041417,0.0266373608723084,-0.0779600074314236,0.3520428808709547,-0.1308030695453615
IWM,2026-08-24,2026-08-24,Start of Week,monthly,2026-09-25,20-45_day,24,1,call,2,300.0,5.65,5.49,5.58,20.0,102.0,0.1771322521972656,0.494036706800997,0.0254897529073683,-0.1119308815494729,0.352419408111269,0.1240360970671512
IWM,2026-08-24,2026-08-24,Start of Week,monthly,2026-09-25,20-45_day,24,1,put,2,300.0,6.74,6.71,6.82,26.0,290.0,0.166573275756836,-0.5076278757195924,0.027103605690637,-0.0756787048087476,0.3523943561534806,-0.1382320363808345
MU,2026-08-24,2026-08-24,Start of Week,weekly,2026-08-28,5-9_day,4,4,call,-2,890.0,35.1,33.9,35.1,414.0,173.0,0.70859056060791,0.5727820591904521,0.0058802208796319,-3.3204767260699537,0.369329147668655,0.0529893647664904
MU,2026-08-24,2026-08-24,Start of Week,weekly,2026-08-28,5-9_day,4,4,put,-2,890.0,19.7,19.45,20.05,638.0,955.0,0.5778850805664062,-0.4169405924220318,0.0071730693899102,-2.6142506726526102,0.3674270243874203,-0.0429644724937054
MU,2026-08-24,2026-08-24,Start of Week,weekly,2026-08-28,5-9_day,4,4,call,-1,895.0,32.0,31.45,32.0,358.0,75.0,0.7044096942138673,0.54305744104822,0.0059804395259487,-3.334650604298961,0.3734074759150922,0.0503663123866642
MU,2026-08-24,2026-08-24,Start of Week,weekly,2026-08-28,5-9_day,4,4,put,-1,895.0,21.4,22.1,22.75,314.0,258.0,0.5858195715332031,-0.4536838575642284,0.0071844550406736,-2.688338972439716,0.3730630955192466,-0.0468697134572061
MU,2026-08-24,2026-08-24,Start of Week,weekly,2026-08-28,5-9_day,4,4,call,0,900.0,28.75,28.55,29.0,5780.0,706.0,0.6929351995849609,0.5127317102555832,0.0061120080336729,-3.2959251795019524,0.3754059232838682,0.0476977636367775
MU,2026-08-24,2026-08-24,Start of Week,weekly,2026-08-28,5-9_day,4,4,put,0,900.0,24.7,24.3,24.8,2525.0,2902.0,0.5767254241943358,-0.4900435530253046,0.0073450270271125,-2.659811647086408,0.375480231195742,-0.0506876351481012
MU,2026-08-24,2026-08-24,Start of Week,weekly,2026-08-28,5-9_day,4,4,call,1,905.0,26.8,26.55,26.85,952.0,147.0,0.6990996887207033,0.4826830404782266,0.0060554896202474,-3.3208970717817428,0.3752433064416571,0.0449675055409749
MU,2026-08-24,2026-08-24,Start of Week,weekly,2026-08-28,5-9_day,4,4,put,1,905.0,26.8,26.75,27.45,373.0,428.0,0.5738262832641602,-0.5268866125877061,0.0073676595327719,-2.6372926009806044,0.3747438948982035,-0.0545985489140451
MU,2026-08-24,2026-08-24,Start of Week,weekly,2026-08-28,5-9_day,4,4,call,2,910.0,24.15,23.75,24.3,839.0,325.0,0.6876862286376955,0.4514972150138808,0.0061162018282648,-3.2439257322021486,0.3728178665903844,0.0421807956099892
MU,2026-08-24,2026-08-24,Start of Week,weekly,2026-08-28,5-9_day,4,4,put,2,910.0,30.37,29.85,30.45,303.0,1550.0,0.5790447369384766,-0.562451197313155,0.0072280383417951,-2.6309726252101577,0.3709856810894203,-0.0584365207170469
MU,2026-08-24,2026-08-24,Start of Week,monthly,2026-09-25,20-45_day,24,4,call,-2,890.0,79.03,76.7,81.0,74.0,49.0,0.6915161463928223,0.5672258965339967,0.0021356265451609,-1.1753714815733436,1.047230310335525,0.3778760997993352
MU,2026-08-24,2026-08-24,Start of Week,monthly,2026-09-25,20-45_day,24,4,put,-2,890.0,67.25,60.9,64.75,12.0,65.0,0.6289557368469239,-0.4337982353534853,0.0023490785088213,-0.9837853390397928,1.047688513965098,-0.3949243715929063
MU,2026-08-24,2026-08-24,Start of Week,monthly,2026-09-25,20-45_day,24,4,call,-1,895.0,77.34,75.4,80.45,50.0,15.0,0.7049895223999024,0.5569311762375178,0.002103379671786,-1.201293783661511,1.051513621870794,0.3706158769917922
MU,2026-08-24,2026-08-24,Start of Week,monthly,2026-09-25,20-45_day,24,4,put,-1,895.0,66.15,62.45,67.45,24.0,75.0,0.6244391804504397,-0.4458016263725644,0.0023770043404771,-0.97980565192866,1.0525304964041748,-0.4062168443172733
MU,2026-08-24,2026-08-24,Start of Week,monthly,2026-09-25,20-45_day,24,4,call,0,900.0,74.42,72.95,77.7,122.0,343.0,0.7022582264709474,0.5462321350505868,0.0021189786600582,-1.200147855111474,1.0552077850173418,0.3644799242621906
MU,2026-08-24,2026-08-24,Start of Week,monthly,2026-09-25,20-45_day,24,4,put,0,900.0,68.0,67.0,68.45,71.0,300.0,0.6254615090942384,-0.4576826952555503,0.0023817694587105,-0.9838721147312802,1.0563671286874314,-0.417975014059926
MU,2026-08-24,2026-08-24,Start of Week,monthly,2026-09-25,20-45_day,24,4,call,1,905.0,72.44,70.55,74.6,24.0,19.0,0.6976806355285647,0.5353520940241905,0.0021388802814573,-1.1951218662739045,1.058175529199824,0.3583277441239925
MU,2026-08-24,2026-08-24,Start of Week,monthly,2026-09-25,20-45_day,24,4,put,1,905.0,71.1,68.6,72.7,78.0,42.0,0.6273230627441408,-0.4694383228637883,0.0023811386192829,-0.9883834574806432,1.059230557710472,-0.4297649383151719
MU,2026-08-24,2026-08-24,Start of Week,monthly,2026-09-25,20-45_day,24,4,call,2,910.0,70.6,68.4,73.25,26.0,59.0,0.7019072778320312,0.5250904164761173,0.0021301637377102,-1.2036253336708558,1.060247607358369,0.3518004474075784
MU,2026-08-24,2026-08-24,Start of Week,monthly,2026-09-25,20-45_day,24,4,put,2,910.0,74.2,70.2,75.45,6.0,99.0,0.62169262588501,-0.4817465008839178,0.0024072552981103,-0.979670242340493,1.0612371278624395,-0.4413458266581512
MSTR,2026-08-24,2026-08-24,Start of Week,weekly,2026-08-28,5-9_day,4,4,call,-2,124.0,5.33,5.25,5.4,3043.0,14539.0,0.7490259472656251,0.5902514787231393,0.039404134635979,-0.4863181352612391,0.0511878733764551,0.0076003968165773
MSTR,2026-08-24,2026-08-24,Start of Week,weekly,2026-08-28,5-9_day,4,4,put,-2,124.0,4.75,4.75,5.0,484.0,54.0,0.9831544653320312,-0.4225236290404697,0.0302294072297459,-0.6276091865938882,0.0515442016489039,-0.0062910998942084
MSTR,2026-08-24,2026-08-24,Start of Week,weekly,2026-08-28,5-9_day,4,4,call,-1,125.0,4.99,4.85,5.1,7594.0,4181.0,0.7797873583984375,0.5493232765266285,0.0385508004724551,-0.5147576089433393,0.0521360375371731,0.0070776423191944
MSTR,2026-08-24,2026-08-24,Start of Week,weekly,2026-08-28,5-9_day,4,4,put,-1,125.0,5.3,5.05,5.4,849.0,3022.0,0.9597171997070312,-0.453119697088208,0.0313465761352836,-0.6196471501229031,0.0521749233554186,-0.0067519434389254
MSTR,2026-08-24,2026-08-24,Start of Week,weekly,2026-08-28,5-9_day,4,4,call,0,126.0,4.53,4.7,4.7,1842.0,1239.0,0.8166522241210936,0.5115373187830021,0.0370789168588476,-0.5422097122286978,0.0525161183635705,0.0065899825839798
MSTR,2026-08-24,2026-08-24,Start of Week,weekly,2026-08-28,5-9_day,4,4,put,0,126.0,5.75,5.65,5.75,1417.0,142.0,0.95312546875,-0.4848254224531373,0.0317600701181978,-0.6187680666345526,0.0525000790517842,-0.0072410061448529
MSTR,2026-08-24,2026-08-24,Start of Week,weekly,2026-08-28,5-9_day,4,4,call,1,127.0,4.14,3.95,4.25,2397.0,2838.0,0.7924825439453125,0.4728725587388674,0.0381373535952974,-0.5249222379547299,0.0524165808510696,0.0061211108452604
MSTR,2026-08-24,2026-08-24,Start of Week,weekly,2026-08-28,5-9_day,4,4,put,1,127.0,6.85,6.5,6.85,320.0,600.0,1.0268603344726563,-0.5122786237041235,0.0294868722228297,-0.6668794610744522,0.0525132039352601,-0.0077211050647088
MSTR,2026-08-24,2026-08-24,Start of Week,weekly,2026-08-28,5-9_day,4,4,call,2,128.0,3.7,3.55,3.75,1374.0,9480.0,0.788088056640625,0.4348814972472156,0.0379256990061513,-0.5158887885922788,0.0518366312629519,0.0056460151614479
MSTR,2026-08-24,2026-08-24,Start of Week,weekly,2026-08-28,5-9_day,4,4,put,2,128.0,6.3,7.35,7.7,33.0,2.0,1.074955797119141,-0.5375172742903062,0.0280562187606686,-0.6952540050793641,0.0523055984601344,-0.0081589802115533
MSTR,2026-08-24,2026-08-24,Start of Week,monthly,2026-09-25,20-45_day,24,4,call,-2,117.0,16.02,14.7,16.2,11.0,32.0,0.7204617797851562,0.6779132324380671,0.0133618604432602,-0.1574541996233542,0.1335661153995281,0.0611554870306132
MSTR,2026-08-24,2026-08-24,Start of Week,monthly,2026-09-25,20-45_day,24,4,put,-2,117.0,6.9,7.3,8.2,4.0,8.0,0.8005391040039063,-0.3306223733740825,0.0121540987602076,-0.1638738455236667,0.1349968792402167,-0.0429709071414545
MSTR,2026-08-24,2026-08-24,Start of Week,monthly,2026-09-25,20-45_day,24,4,call,-1,120.0,14.75,13.55,14.6,159.0,761.0,0.743166630859375,0.632817190772674,0.0136054260183986,-0.1695620562866506,0.1402867852773043,0.0574098894012813
MSTR,2026-08-24,2026-08-24,Start of Week,monthly,2026-09-25,20-45_day,24,4,put,-1,120.0,9.29,8.7,9.7,67.0,353.0,0.807619111328125,-0.3704859523879522,0.0125564151728344,-0.1719081105704331,0.1406988901360427,-0.0486119282784915
MSTR,2026-08-24,2026-08-24,Start of Week,monthly,2026-09-25,20-45_day,24,4,call,0,125.0,11.65,11.2,11.9,132.0,573.0,0.7424342163085937,0.5610940630185649,0.0142564089857947,-0.1763620914555127,0.1468542575127402,0.0517386598746644
MSTR,2026-08-24,2026-08-24,Start of Week,monthly,2026-09-25,20-45_day,24,4,put,0,125.0,10.98,11.35,12.65,4.0,286.0,0.8261736132812498,-0.4357716123497615,0.0127953423988722,-0.182579874228984,0.1466701206600465,-0.0582260163035582
MSTR,2026-08-24,2026-08-24,Start of Week,monthly,2026-09-25,20-45_day,24,4,call,1,130.0,10.0,9.15,10.25,386.0,703.0,0.7629418237304688,0.4928127728731321,0.014035857421243,-0.1824376295132806,0.1485760431882969,0.0458551775052131
MSTR,2026-08-24,2026-08-24,Start of Week,monthly,2026-09-25,20-45_day,24,4,put,1,130.0,15.0,14.55,15.65,13.0,92.0,0.8426529406738281,-0.4975372557669596,0.012709949978259,-0.1877921910017694,0.1485973276454757,-0.0677211526463238
MSTR,2026-08-24,2026-08-24,Start of Week,monthly,2026-09-25,20-45_day,24,4,call,2,135.0,8.4,8.2,8.45,99.0,485.0,0.7939473730468749,0.432956290437212,0.0132989701853195,-0.1864324469615568,0.1464968024743146,0.0404795922876111
MSTR,2026-08-24,2026-08-24,Start of Week,monthly,2026-09-25,20-45_day,24,4,put,2,135.0,17.9,17.65,19.05,54.0,41.0,0.8494888098144531,-0.5564224080240581,0.0124816070383406,-0.1863264259040697,0.1471114868683877,-0.0770354056040659
MSFT,2026-08-24,2026-08-24,Start of Week,aligned,2026-08-26,2-4_day,2,1,call,-2,482.5,8.0,7.3,8.0,230.0,80.0,0.2456130126953125,0.759974281724284,0.0350005811258416,-0.7273851576177391,0.1124321900201055,0.0199380200156447
MSFT,2026-08-24,2026-08-24,Start of Week,aligned,2026-08-26,2-4_day,2,1,put,-2,482.5,2.0,1.89,2.0,1000.0,148.0,0.2492750854492187,-0.2431787429638352,0.0347316274255415,-0.6934272849739874,0.1132317058942529,-0.0065816288123896
MSFT,2026-08-24,2026-08-24,Start of Week,aligned,2026-08-26,2-4_day,2,1,call,-1,485.0,5.72,5.5,6.2,1114.0,522.0,0.2376785217285155,0.6683856135088622,0.0422144879176987,-0.8123855883970245,0.1312246750284338,0.0175886983573706
MSFT,2026-08-24,2026-08-24,Start of Week,aligned,2026-08-26,2-4_day,2,1,put,-1,485.0,2.76,2.64,2.86,509.0,155.0,0.2506178454589843,-0.339469955608128,0.0404030394134932,-0.8126586530981615,0.1324311261227543,-0.0092008802287191
MSFT,2026-08-24,2026-08-24,Start of Week,aligned,2026-08-26,2-4_day,2,1,call,0,487.5,4.85,4.75,4.95,987.0,151.0,0.2493971545410156,0.5546221282889618,0.0438167521366339,-0.9182383379352445,0.1429208925916869,0.0146171500578417
MSFT,2026-08-24,2026-08-24,Start of Week,aligned,2026-08-26,2-4_day,2,1,put,0,487.5,4.22,4.05,4.5,183.0,47.0,0.2838206384277343,-0.4510206057032193,0.038573975922177,-0.9932077628502032,0.1431866144201229,-0.0122677860289476
MSFT,2026-08-24,2026-08-24,Start of Week,aligned,2026-08-26,2-4_day,2,1,call,1,490.0,3.55,3.55,3.65,2241.0,456.0,0.2448805981445312,0.4432874689809221,0.044591859846083,-0.8960511738843945,0.1428150599782308,0.0117076438192102
MSFT,2026-08-24,2026-08-24,Start of Week,aligned,2026-08-26,2-4_day,2,1,put,1,490.0,5.67,4.7,5.55,40.0,43.0,0.2708813146972656,-0.5505756359955765,0.0403961742422457,-0.9413422150329224,0.1431143980416332,-0.0149922929515116
MSFT,2026-08-24,2026-08-24,Start of Week,aligned,2026-08-26,2-4_day,2,1,call,2,492.5,2.52,2.46,2.62,839.0,340.0,0.2428054235839843,0.3346315920542839,0.0414713186397617,-0.8158434039460429,0.1316952984561037,0.0088527258513244
MSFT,2026-08-24,2026-08-24,Start of Week,aligned,2026-08-26,2-4_day,2,1,put,2,492.5,9.92,6.7,7.5,2.0,35.0,0.2984689294433593,-0.6344863843438135,0.0348392271402546,-0.9825815750429294,0.1359977373553686,-0.0173422576481372
MSFT,2026-08-24,2026-08-24,Start of Week,weekly,2026-08-28,5-9_day,4,1,call,-2,482.5,8.85,9.35,9.95,150.0,741.0,0.2857127093505859,0.6720270056318445,0.0247219589060808,-0.6922892255393728,0.1847593723442808,0.0349452888692008
MSFT,2026-08-24,2026-08-24,Start of Week,weekly,2026-08-28,5-9_day,4,1,put,-2,482.5,4.0,3.75,4.05,1064.0,475.0,0.2930978894042968,-0.3317612711907174,0.0242103064754677,-0.6632055197555602,0.1856124130287598,-0.0181277256138733
MSFT,2026-08-24,2026-08-24,Start of Week,weekly,2026-08-28,5-9_day,4,1,call,-1,485.0,8.05,7.9,8.2,773.0,2010.0,0.2755199401855468,0.6109265621442439,0.0272097191472608,-0.7049397674350248,0.196097082838621,0.0318680961871677
MSFT,2026-08-24,2026-08-24,Start of Week,weekly,2026-08-28,5-9_day,4,1,put,-1,485.0,4.56,4.5,4.6,1057.0,1200.0,0.2735668347167969,-0.3883810709111341,0.0273899940491867,-0.650531296089205,0.1959969990741593,-0.0212197002219074
MSFT,2026-08-24,2026-08-24,Start of Week,weekly,2026-08-28,5-9_day,4,1,call,0,487.5,6.65,6.45,6.65,719.0,1443.0,0.2680737255859374,0.5420352650122404,0.0289360354917404,-0.70622696744319,0.2029024621090846,0.0283509078075254
MSFT,2026-08-24,2026-08-24,Start of Week,weekly,2026-08-28,5-9_day,4,1,put,0,487.5,6.24,5.7,6.25,89.0,246.0,0.2968820312499999,-0.460891268568727,0.0261478278561621,-0.7300825892542789,0.203054944097749,-0.0252727860068154
MSFT,2026-08-24,2026-08-24,Start of Week,weekly,2026-08-28,5-9_day,4,1,call,1,490.0,5.5,5.4,5.5,2086.0,2649.0,0.2711864874267577,0.469907049890145,0.0286818454838237,-0.7125306922340504,0.2034553789480163,0.0246176378214357
MSFT,2026-08-24,2026-08-24,Start of Week,weekly,2026-08-28,5-9_day,4,1,put,1,490.0,7.45,6.7,7.2,91.0,1116.0,0.2824778784179687,-0.528431257672366,0.0275438000790384,-0.691700911975403,0.2035177715999642,-0.0289953588687012
MSFT,2026-08-24,2026-08-24,Start of Week,weekly,2026-08-28,5-9_day,4,1,call,2,492.5,4.0,4.2,4.55,343.0,362.0,0.276252354736328,0.4014608705292952,0.0273704702966156,-0.7025118156474608,0.1977799609797096,0.0210579758495926
MSFT,2026-08-24,2026-08-24,Start of Week,weekly,2026-08-28,5-9_day,4,1,put,2,492.5,13.74,8.5,9.15,5.0,101.0,0.3057320404052734,-0.5880634285928085,0.0248894642282792,-0.7306076417435523,0.1990446648309065,-0.0323959080627882
MSFT,2026-08-24,2026-08-24,Start of Week,monthly,2026-09-25,20-45_day,24,1,call,-2,480.0,19.09,19.6,20.8,47.0,159.0,0.2782970120239257,0.6160385188524388,0.0094874691169842,-0.2686881684403378,0.5525135639401223,0.2450518928737175
MSFT,2026-08-24,2026-08-24,Start of Week,monthly,2026-09-25,20-45_day,24,1,put,-2,480.0,11.0,10.55,11.25,12.0,156.0,0.2608106146240234,-0.3784605071747571,0.010079491716858,-0.2043134534959502,0.5501079488479034,-0.171200940058169
MSFT,2026-08-24,2026-08-24,Start of Week,monthly,2026-09-25,20-45_day,24,1,call,-1,485.0,17.13,16.8,18.0,35.0,221.0,0.276801665649414,0.5674180728526906,0.0098206044933563,-0.272334833346461,0.568841071271395,0.2267457185008939
MSFT,2026-08-24,2026-08-24,Start of Week,monthly,2026-09-25,20-45_day,24,1,put,-1,485.0,13.06,12.7,13.15,6.0,120.0,0.2545850909423829,-0.4294567245362182,0.0106628605353748,-0.2033829211863098,0.5680554373795854,-0.1946320414246596
MSFT,2026-08-24,2026-08-24,Start of Week,monthly,2026-09-25,20-45_day,24,1,call,0,490.0,14.56,14.25,15.45,23.0,132.0,0.2754283883666991,0.5177382787100541,0.0100029885742062,-0.2722211691043481,0.5765307808494246,0.207764666953108
MSFT,2026-08-24,2026-08-24,Start of Week,monthly,2026-09-25,20-45_day,24,1,put,0,490.0,15.56,15.25,15.85,9.0,109.0,0.2576673355102539,-0.4832080451769467,0.0106935953531414,-0.2066187318794035,0.5765900429451413,-0.2199357848708954
MSFT,2026-08-24,2026-08-24,Start of Week,monthly,2026-09-25,20-45_day,24,1,call,1,495.0,12.75,12.2,12.85,2.0,157.0,0.268989243774414,0.4665856251104628,0.010216595804233,-0.2635379866363127,0.5750758782317917,0.1881912958014642
MSFT,2026-08-24,2026-08-24,Start of Week,monthly,2026-09-25,20-45_day,24,1,put,1,495.0,21.24,17.95,18.9,9.0,135.0,0.262275443725586,-0.5350678224799716,0.0104743779802049,-0.207187386937497,0.5748703343009646,-0.2447406959876606
MSFT,2026-08-24,2026-08-24,Start of Week,monthly,2026-09-25,20-45_day,24,1,call,2,500.0,10.25,10.05,10.35,102.0,221.0,0.2598035446166992,0.4128430663326235,0.0103607296870302,-0.2480829019295753,0.5632736567732761,0.1674193969571538
MSFT,2026-08-24,2026-08-24,Start of Week,monthly,2026-09-25,20-45_day,24,1,put,2,500.0,23.82,20.15,22.05,11.0,77.0,0.2643506182861328,-0.58516097918589,0.0101938771713293,-0.2017198633882881,0.563902152502047,-0.268881898469229
GLD,2026-08-24,2026-08-24,Start of Week,weekly,2026-08-28,5-9_day,4,4,call,-2,427.0,6.41,6.3,6.5,87.0,2126.0,0.2807689111328124,0.5650261994775977,0.0312394345043863,-0.6440205023500576,0.1766551488497825,0.0258869696853417
GLD,2026-08-24,2026-08-24,Start of Week,weekly,2026-08-28,5-9_day,4,4,put,-2,427.0,4.45,4.7,4.9,265.0,30.0,0.2858347784423828,-0.4359092838539889,0.0306976293001095,-0.6119814609034967,0.1767233866703469,-0.0209422727910181
GLD,2026-08-24,2026-08-24,Start of Week,weekly,2026-08-28,5-9_day,4,4,call,-1,428.0,5.81,5.85,6.05,611.0,251.0,0.2846751220703124,0.533229904238833,0.0311181246142646,-0.657577736135625,0.1784173357092601,0.0244444120583027
GLD,2026-08-24,2026-08-24,Start of Week,weekly,2026-08-28,5-9_day,4,4,put,-1,428.0,5.6,5.15,5.3,206.0,10.0,0.2821727056884765,-0.4665806943423578,0.0313928413326958,-0.6084635059155322,0.1784102271557401,-0.0224268249295362
GLD,2026-08-24,2026-08-24,Start of Week,weekly,2026-08-28,5-9_day,4,4,call,0,429.0,5.11,5.35,5.55,297.0,92.0,0.2845530529785155,0.5020230820109294,0.0312395070864099,-0.6581984745260716,0.1790364842011901,0.023033931603264
GLD,2026-08-24,2026-08-24,Start of Week,weekly,2026-08-28,5-9_day,4,4,put,0,429.0,5.94,5.65,5.85,16.0,2.0,0.284614087524414,-0.4979748031375497,0.0312328070377819,-0.614712318518283,0.1790364793856039,-0.0239606612458893
GLD,2026-08-24,2026-08-24,Start of Week,weekly,2026-08-28,5-9_day,4,4,call,1,430.0,4.99,4.95,5.1,2180.0,8101.0,0.2856516748046874,0.4710248155139587,0.0310376431354743,-0.6576728973937229,0.1785663529811179,0.021627443753041
GLD,2026-08-24,2026-08-24,Start of Week,weekly,2026-08-28,5-9_day,4,4,put,1,430.0,6.35,6.15,6.35,615.0,95.0,0.2832102929687499,-0.5293266398926915,0.0313031772412319,-0.6084474125247822,0.1785548174815239,-0.0254884074575819
GLD,2026-08-24,2026-08-24,Start of Week,weekly,2026-08-28,5-9_day,4,4,call,2,435.0,2.93,3.0,3.15,4593.0,4676.0,0.2856516748046874,0.3230094408298466,0.0280044887904445,-0.589104093920971,0.161115952283593,0.0148840006533269
GLD,2026-08-24,2026-08-24,Start of Week,weekly,2026-08-28,5-9_day,4,4,put,2,435.0,9.29,9.25,9.55,4.0,114.0,0.2911447839355467,-0.6736680177833059,0.0275917393371474,-0.5585373440654362,0.1617939250713131,-0.0326214623371924
GLD,2026-08-24,2026-08-24,Start of Week,monthly,2026-09-25,20-45_day,24,4,call,-2,427.0,15.47,15.0,15.65,30.0,56.0,0.2881235739135741,0.550683289068973,0.0108199543032323,-0.2485091418700595,0.5023059532416941,0.1928314586956972
GLD,2026-08-24,2026-08-24,Start of Week,monthly,2026-09-25,20-45_day,24,4,put,-2,427.0,12.43,12.25,12.65,7.0,17.0,0.2628247546386719,-0.4475718166608649,0.0118546766205231,-0.1854448963882208,0.5020189196659125,-0.1785384525393416
GLD,2026-08-24,2026-08-24,Start of Week,monthly,2026-09-25,20-45_day,24,4,call,-1,428.0,14.95,14.55,14.9,23.0,27.0,0.2831492584228515,0.5399226960892505,0.0110441099421437,-0.2449008415926075,0.5038604329002512,0.1894536826138719
GLD,2026-08-24,2026-08-24,Start of Week,monthly,2026-09-25,20-45_day,24,4,call,0,429.0,14.0,14.05,14.4,42.0,4.0,0.2828746029663085,0.528855024084153,0.0110814367879411,-0.2447900947981793,0.5050729810199013,0.185743892757444
GLD,2026-08-24,2026-08-24,Start of Week,monthly,2026-09-25,20-45_day,24,4,put,0,429.0,13.5,13.3,13.65,38.0,46.0,0.2625195819091797,-0.4714026501847519,0.0119412171274338,-0.1853307689610679,0.5050965530420869,-0.1883388576699654
GLD,2026-08-24,2026-08-24,Start of Week,monthly,2026-09-25,20-45_day,24,4,call,1,430.0,13.9,13.65,13.95,535.0,820.0,0.2833323620605468,0.5178097734004066,0.0110815058281814,-0.245080217293242,0.5058934623219516,0.1820003935063618
GLD,2026-08-24,2026-08-24,Start of Week,monthly,2026-09-25,20-45_day,24,4,put,1,430.0,13.5,13.7,14.2,8.0,15.0,0.2630078582763672,-0.4833060137982211,0.0119392990197423,-0.1854956264724134,0.5059547291438947,-0.1932785958258526
GLD,2026-08-24,2026-08-24,Start of Week,monthly,2026-09-25,20-45_day,24,4,call,2,435.0,11.7,11.4,11.8,21.0,4276.0,0.2845225357055663,0.4631877119714003,0.0109990999415674,-0.2431297318018705,0.5042407317556499,0.1634147125613024
GLD,2026-08-24,2026-08-24,Start of Week,monthly,2026-09-25,20-45_day,24,4,put,2,435.0,17.32,16.55,17.0,6.0,7.0,0.2630078582763672,-0.5424452565443165,0.0118820645519009,-0.1816440839305766,0.5035292894571501,-0.217882386565025
VIX,2026-08-24,2026-08-24,Start of Week,weekly,2026-08-26,5-9_day,2,4,call,-2,14.5,1.68,1.45,1.81,6.0,355.0,1.56640841796875,0.7818235299221903,0.1612577645802116,-0.1357236638569642,0.003437757305542,0.0005927090121599
VIX,2026-08-24,2026-08-24,Start of Week,weekly,2026-08-26,5-9_day,2,4,put,-2,14.5,0.01,0.0,0.03,35.0,18007.0,0.5468795312500001,-0.0185967866377524,0.0713416613832027,-0.0072293980040846,0.0005309876959945,-1.629924727104099e-05
VIX,2026-08-24,2026-08-24,Start of Week,weekly,2026-08-26,5-9_day,2,4,call,-1,15.0,1.07,1.05,1.28,151.0,3373.0,1.3007847460937496,0.7134724286256859,0.2242923483723254,-0.1301635198274817,0.0039707218313067,0.0005586641973255
VIX,2026-08-24,2026-08-24,Start of Week,weekly,2026-08-26,5-9_day,2,4,put,-1,15.0,0.04,0.03,0.05,423.0,29263.0,0.5039112109375,-0.0886480537134482,0.2731441845578955,-0.0234541726168653,0.0018732491715641,-7.789326237292823e-05
VIX,2026-08-24,2026-08-24,Start of Week,weekly,2026-08-26,5-9_day,2,4,call,0,16.0,0.42,0.35,0.53,773.0,8434.0,0.960937890625,0.430914124908269,0.3505193792632302,-0.1107826591101315,0.0045841299707229,0.0003533824342857
VIX,2026-08-24,2026-08-24,Start of Week,weekly,2026-08-26,5-9_day,2,4,put,0,16.0,0.33,0.28,0.42,190.0,8376.0,0.4960987890625,-0.650865107959425,0.6394176935111893,-0.05246287299276,0.0043172021699552,-0.0005823303023668
VIX,2026-08-24,2026-08-24,Start of Week,weekly,2026-08-26,5-9_day,2,4,call,1,17.0,0.21,0.18,0.25,350.0,3788.0,1.109379453125,0.1897682804327756,0.2095190548128074,-0.0880260971502614,0.003163393474204,0.0001567487664071
VIX,2026-08-24,2026-08-24,Start of Week,weekly,2026-08-26,5-9_day,2,4,put,1,17.0,1.05,0.96,1.29,369.0,1105.0,0.6679720703125002,-0.9335694228897324,0.1654799447895454,-0.0234970931193555,0.0015043650712562,-0.0008751700154009
VIX,2026-08-24,2026-08-24,Start of Week,weekly,2026-08-26,5-9_day,2,4,call,2,18.0,0.11,0.12,0.14,3089.0,6525.0,1.3046909765624997,0.0924751631356003,0.1088591926900547,-0.0631896482116699,0.001932957646062,7.640088179110215e-05
VIX,2026-08-24,2026-08-24,Start of Week,weekly,2026-08-26,5-9_day,2,4,put,2,18.0,2.01,1.8,2.23,1.0,1125.0,1.0000000000000004e-05,-1.0,0.0,0.0018306960255442,0.0,-0.0009861007252309
VIX,2026-08-24,2026-08-24,Start of Week,monthly,2026-09-23,20-45_day,22,4,call,-2,14.5,3.7,3.5,4.27,20.0,976.0,1.8515632421875,0.6657244268197956,0.0435108604215098,-0.0514284362919393,0.0164466348821822,0.0054548500294325
VIX,2026-08-24,2026-08-24,Start of Week,monthly,2026-09-23,20-45_day,22,4,put,-2,14.5,0.21,0.0,0.09,0.0,6.0,0.27149166015625,-0.1253421754141099,0.1681358999568355,-0.0040076176141473,0.0093187524549425,-0.0016885672514443
VIX,2026-08-24,2026-08-24,Start of Week,monthly,2026-09-23,20-45_day,22,4,call,-1,15.0,3.26,3.02,3.59,560.0,502.0,1.642579912109375,0.6356639758495842,0.05061542093006,-0.0471504935000333,0.0169726708639229,0.0055390233981412
VIX,2026-08-24,2026-08-24,Start of Week,monthly,2026-09-23,20-45_day,22,4,put,-1,15.0,0.11,0.05,0.16,3.0,57.0,0.2461012890625,-0.2179760622486796,0.2648720101115147,-0.0050941867070552,0.0133073256582238,-0.0029415293664385
VIX,2026-08-24,2026-08-24,Start of Week,monthly,2026-09-23,20-45_day,22,4,call,0,16.0,2.63,2.38,2.79,38.0,492.0,1.4755885595703124,0.5726035876874358,0.0588439478255582,-0.0442509443436407,0.0177258843036968,0.0053118033005776
VIX,2026-08-24,2026-08-24,Start of Week,monthly,2026-09-23,20-45_day,22,4,put,0,16.0,0.41,0.28,0.45,10.0,24.0,0.170906728515625,-0.5877162465627864,0.5040922178809321,-0.0040253406389541,0.0175877378252255,-0.0079539232550683
VIX,2026-08-24,2026-08-24,Start of Week,monthly,2026-09-23,20-45_day,22,4,call,1,17.0,2.07,1.79,2.1,8.0,963.0,1.3300814746093748,0.5000177467993108,0.0663836925593335,-0.0405643523682317,0.0180252160961968,0.0048963831102432
VIX,2026-08-24,2026-08-24,Start of Week,monthly,2026-09-23,20-45_day,22,4,put,1,17.0,0.79,0.7,0.95,13.0,92.0,1.0000000000000004e-05,-1.0,0.0,0.0017240729637672,0.0,-0.01393002641782
VIX,2026-08-24,2026-08-24,Start of Week,monthly,2026-09-23,20-45_day,22,4,call,2,18.0,1.67,1.51,1.84,39.0,673.0,1.3584016455078125,0.4448467309318328,0.0643775606766843,-0.0409638075777166,0.0178526851167826,0.0044057056564717
VIX,2026-08-24,2026-08-24,Start of Week,monthly,2026-09-23,20-45_day,22,4,put,2,18.0,1.43,1.3,1.58,31.0,51.0,1.0000000000000004e-05,-1.0,0.0,0.0018254890204594,0.0,-0.0147494397365153
ETHA,2026-08-24,2026-08-24,Start of Week,weekly,2026-08-28,5-9_day,4,4,call,-2,18.0,1.15,1.13,1.18,6518.0,12738.0,0.5722699023437501,0.8284440175565921,0.2235003647217365,-0.0377220502116767,0.0050653622880877,0.0016026075020099
ETHA,2026-08-24,2026-08-24,Start of Week,weekly,2026-08-28,5-9_day,4,4,put,-2,18.0,0.18,0.18,0.19,5603.0,1960.0,0.6347692773437501,-0.1946433828551211,0.2180146850305167,-0.0430962405930785,0.0054806619792395,-0.0004209075677786
ETHA,2026-08-24,2026-08-24,Start of Week,weekly,2026-08-28,5-9_day,4,4,call,-1,18.5,0.82,0.81,0.83,1340.0,8493.0,0.6015664843750002,0.680743490461713,0.2984269571790203,-0.0546998485814674,0.0071097291100709,0.0013333307209359
ETHA,2026-08-24,2026-08-24,Start of Week,weekly,2026-08-28,5-9_day,4,4,put,-1,18.5,0.36,0.34,0.35,1519.0,70.0,0.6445348046875,-0.3289519646823483,0.2819809867939762,-0.057324735054375,0.0071977634738583,-0.0007168094480536
ETHA,2026-08-24,2026-08-24,Start of Week,weekly,2026-08-28,5-9_day,4,4,call,0,19.0,0.57,0.56,0.58,19128.0,22829.0,0.6367223828125,0.5188734539910981,0.3144907669487823,-0.0640685678293512,0.0079302958155461,0.0010246239840271
ETHA,2026-08-24,2026-08-24,Start of Week,weekly,2026-08-28,5-9_day,4,4,put,0,19.0,0.58,0.59,0.6,509.0,495.0,0.6757844921875001,-0.4806342446071111,0.2962948282834203,-0.0660025687088236,0.007929826103191,-0.0010590897969538
ETHA,2026-08-24,2026-08-24,Start of Week,weekly,2026-08-28,5-9_day,4,4,call,1,20.0,0.28,0.26,0.27,1252.0,16919.0,0.7050810742187501,0.259341188659823,0.2308664248964805,-0.0572972351389881,0.0064466071606895,0.0005170766035861
ETHA,2026-08-24,2026-08-24,Start of Week,weekly,2026-08-28,5-9_day,4,4,put,1,20.0,1.41,1.2,1.33,1.0,3.0,0.7187528125,-0.7362033614248275,0.2284639443285575,-0.0568816152493415,0.0065032222823163,-0.0016655007246252
ETHA,2026-08-24,2026-08-24,Start of Week,weekly,2026-08-28,5-9_day,4,4,call,2,21.0,0.14,0.13,0.14,2253.0,5680.0,0.7929708203125,0.1244748269510548,0.1300641420252504,-0.0407179366144508,0.0040845682574445,0.0002490100610477
ETHA,2026-08-24,2026-08-24,Start of Week,monthly,2026-09-25,20-45_day,24,4,call,-2,18.0,1.88,1.83,1.91,15.0,157.0,0.58789474609375,0.6625243494049904,0.1104107213680183,-0.0199802467344603,0.0205651643406646,0.0093887130422923
ETHA,2026-08-24,2026-08-24,Start of Week,monthly,2026-09-25,20-45_day,24,4,put,-2,18.0,0.85,0.79,0.87,16.0,21.0,0.5742230078125,-0.335326949090218,0.1127587576931722,-0.0176769997714187,0.0205140887557035,-0.0062803916872844
ETHA,2026-08-24,2026-08-24,Start of Week,monthly,2026-09-25,20-45_day,24,4,call,-1,18.5,1.6,1.54,1.64,48.0,11892.0,0.586918193359375,0.6033810465862154,0.1166819364376157,-0.0209014950321879,0.0216971433384729,0.0086521497588567
ETHA,2026-08-24,2026-08-24,Start of Week,monthly,2026-09-25,20-45_day,24,4,call,0,19.0,1.33,1.35,1.43,27.0,161.0,0.6084023535156251,0.5442168260165899,0.1157790521704646,-0.0221256992865728,0.0223173299000108,0.0078444855747213
ETHA,2026-08-24,2026-08-24,Start of Week,monthly,2026-09-25,20-45_day,24,4,call,1,19.5,1.21,1.13,1.25,3.0,4.0,0.6162147753906251,0.4878694747740542,0.1149652134349704,-0.0224328157072562,0.022445015799965,0.0070839169735035
ETHA,2026-08-24,2026-08-24,Start of Week,monthly,2026-09-25,20-45_day,24,4,call,2,20.0,0.99,0.96,1.01,549.0,2328.0,0.6103554589843752,0.4315068920082431,0.1144068799972091,-0.0218328638530175,0.0221236272860235,0.0063258304860009
ETHA,2026-08-24,2026-08-24,Start of Week,monthly,2026-09-25,20-45_day,24,4,put,2,20.0,2.4,1.76,2.07,10.0,10.0,0.5839885351562499,-0.5746841280589463,0.1192325091692712,-0.0188300823738746,0.0220607545516907,-0.0112035416449624
META,2026-08-24,2026-08-24,Start of Week,aligned,2026-08-26,2-4_day,2,1,call,-2,550.0,8.55,8.0,8.55,339.0,381.0,0.3194648132324218,0.6268127607859526,0.0289021238834956,-1.2745035844350796,0.1552526136772965,0.0186156224498558
META,2026-08-24,2026-08-24,Start of Week,aligned,2026-08-26,2-4_day,2,1,put,-2,550.0,5.3,4.65,5.0,601.0,339.0,0.3403996624755859,-0.3801698308176673,0.0272818081005195,-1.307050133154978,0.1561523059265235,-0.0117450429852514
META,2026-08-24,2026-08-24,Start of Week,aligned,2026-08-26,2-4_day,2,1,call,-1,552.5,6.51,6.75,7.35,658.0,131.0,0.3297186169433593,0.551043440386902,0.0292650454730312,-1.367823856901113,0.162247795284422,0.0163861512709137
META,2026-08-24,2026-08-24,Start of Week,aligned,2026-08-26,2-4_day,2,1,put,-1,552.5,6.1,5.85,6.25,155.0,18.0,0.347540704345703,-0.4510518610726139,0.0277827911901552,-1.3847120158120387,0.1623557533348772,-0.0139611125718971
META,2026-08-24,2026-08-24,Start of Week,aligned,2026-08-26,2-4_day,2,1,call,0,555.0,6.04,5.8,6.2,1052.0,349.0,0.3346013806152343,0.4778732910667014,0.0290315750981147,-1.3927370774395922,0.1633369564611541,0.0142298942009624
META,2026-08-24,2026-08-24,Start of Week,aligned,2026-08-26,2-4_day,2,1,put,0,555.0,7.44,7.25,7.7,277.0,454.0,0.3573062316894531,-0.5200736404277827,0.0271941925394331,-1.4294800409443051,0.1633815041937986,-0.0161328835764949
META,2026-08-24,2026-08-24,Start of Week,aligned,2026-08-26,2-4_day,2,1,call,1,557.5,4.7,4.65,5.05,205.0,84.0,0.3320379296875,0.4055648061367558,0.0284759913039,-1.3421728406796432,0.1589837293777929,0.0120964887729709
META,2026-08-24,2026-08-24,Start of Week,aligned,2026-08-26,2-4_day,2,1,put,1,557.5,13.5,8.5,9.05,278.0,5.0,0.3551089880371093,-0.5877617559252621,0.0267315154105547,-1.38310551511291,0.1596141449248822,-0.0182628178638598
META,2026-08-24,2026-08-24,Start of Week,aligned,2026-08-26,2-4_day,2,1,call,2,560.0,4.02,3.75,4.15,1159.0,320.0,0.334845518798828,0.3382397138032087,0.0266326086390274,-1.2739968706079972,0.1499492610145264,0.0101001442831392
META,2026-08-24,2026-08-24,Start of Week,aligned,2026-08-26,2-4_day,2,1,put,2,560.0,10.25,9.85,10.45,22.0,141.0,0.3483951879882812,-0.6554438966364611,0.0257775027549892,-1.2773901135772945,0.1510077098552374,-0.0203979921287603
META,2026-08-24,2026-08-24,Start of Week,weekly,2026-08-28,5-9_day,4,1,call,-2,550.0,11.3,11.1,11.6,586.0,2792.0,0.3682924499511719,0.5853802153378969,0.0182498057686162,-1.0724614972459574,0.2260305748260896,0.0343598918997015
META,2026-08-24,2026-08-24,Start of Week,weekly,2026-08-28,5-9_day,4,1,put,-2,550.0,7.35,7.15,7.6,265.0,1601.0,0.3665834826660156,-0.4142978084069284,0.0183316112661843,-1.0115436458696012,0.2259902273294825,-0.0258657808075741
META,2026-08-24,2026-08-24,Start of Week,weekly,2026-08-28,5-9_day,4,1,call,-1,552.5,9.8,9.4,10.2,498.0,157.0,0.3660341717529296,0.5391987593588395,0.0187036847229777,-1.082844436266107,0.2302316001000145,0.0317118476949498
META,2026-08-24,2026-08-24,Start of Week,weekly,2026-08-28,5-9_day,4,1,put,-1,552.5,8.68,8.25,8.8,34.0,62.0,0.368170380859375,-0.4609394235376141,0.0185957974794745,-1.0328348953017272,0.2302394724898691,-0.028825243970254
META,2026-08-24,2026-08-24,Start of Week,weekly,2026-08-28,5-9_day,4,1,call,0,555.0,8.58,8.35,8.85,513.0,748.0,0.3617007189941406,0.4919840906236422,0.0190158153119546,-1.072692120026285,0.2313025655000965,0.0289936078809859
META,2026-08-24,2026-08-24,Start of Week,weekly,2026-08-28,5-9_day,4,1,put,0,555.0,9.93,9.8,10.35,51.0,677.0,0.3792786682128906,-0.5069274727091668,0.0181354402208348,-1.067155974185885,0.2313143876263566,-0.0317820482756537
META,2026-08-24,2026-08-24,Start of Week,weekly,2026-08-28,5-9_day,4,1,call,1,557.5,7.26,7.35,7.9,227.0,642.0,0.3687807263183594,0.4461509333782619,0.0184843105415389,-1.0811636305738972,0.2292385213667641,0.0263175599920245
META,2026-08-24,2026-08-24,Start of Week,weekly,2026-08-28,5-9_day,4,1,put,1,557.5,11.8,11.1,11.65,19.0,11.0,0.3767762518310547,-0.5523855824640037,0.0181010017372741,-1.0479830629983249,0.2293518557652529,-0.0346847223922176
META,2026-08-24,2026-08-24,Start of Week,weekly,2026-08-28,5-9_day,4,1,call,2,560.0,6.65,6.4,6.75,2542.0,3789.0,0.3640200317382813,0.3993318479062012,0.0182935588077746,-1.040907291079966,0.2239440927650592,0.0235988082756917
META,2026-08-24,2026-08-24,Start of Week,weekly,2026-08-28,5-9_day,4,1,put,2,560.0,14.53,12.6,13.45,26.0,779.0,0.3900207482910156,-0.5930667930842083,0.0171564440147246,-1.0623872704151514,0.2250251788812676,-0.0373485991679605
META,2026-08-24,2026-08-24,Start of Week,monthly,2026-09-25,20-45_day,24,1,call,-2,545.0,28.2,27.75,28.65,4.0,241.0,0.3628298580932617,0.5931747998015371,0.0065198634155393,-0.3912541640459985,0.6364255854415172,0.2624354945654153
META,2026-08-24,2026-08-24,Start of Week,monthly,2026-09-25,20-45_day,24,1,put,-2,545.0,18.52,18.2,18.9,2.0,320.0,0.3506839834594726,-0.4050779454386324,0.0067384489326465,-0.3237189725881398,0.6357435848831889,-0.212293968464624
META,2026-08-24,2026-08-24,Start of Week,monthly,2026-09-25,20-45_day,24,1,call,-1,550.0,25.65,25.2,26.1,58.0,286.0,0.3636843417358398,0.559858515825792,0.0066123638137758,-0.3964863647996128,0.6469749379997022,0.2485405161841049
META,2026-08-24,2026-08-24,Start of Week,monthly,2026-09-25,20-45_day,24,1,put,-1,550.0,21.11,20.45,21.25,47.0,596.0,0.3501957070922851,-0.4394590618684483,0.0068652553733538,-0.3271176863151083,0.6468053875107094,-0.2309877527011452
META,2026-08-24,2026-08-24,Start of Week,monthly,2026-09-25,20-45_day,24,1,call,0,555.0,23.22,23.05,23.7,68.0,133.0,0.364264169921875,0.5265641803853601,0.0066623331894331,-0.3988203781884977,0.6529033805165559,0.2345237519559883
META,2026-08-24,2026-08-24,Start of Week,monthly,2026-09-25,20-45_day,24,1,put,0,555.0,25.8,23.1,23.85,6.0,193.0,0.3508670870971678,-0.4740322098119535,0.006917402413267,-0.3289694392246651,0.6529678317673716,-0.2499929935490816
META,2026-08-24,2026-08-24,Start of Week,monthly,2026-09-25,20-45_day,24,1,call,1,560.0,19.64,20.4,21.35,28.0,129.0,0.3631350308227539,0.4932564478538748,0.006696946212837,-0.3968061411056188,0.6542610574145057,0.2204527443651256
META,2026-08-24,2026-08-24,Start of Week,monthly,2026-09-25,20-45_day,24,1,put,1,560.0,27.6,25.8,26.7,2.0,339.0,0.3527591580200195,-0.5081853258159268,0.0068934604149804,-0.3293810439592652,0.6542168074596237,-0.2690156438182901
META,2026-08-24,2026-08-24,Start of Week,monthly,2026-09-25,20-45_day,24,1,call,2,565.0,17.93,18.5,19.4,5.0,144.0,0.3656374472045898,0.4609043842345937,0.0066200951640507,-0.3960016283134436,0.6512099304885928,0.2064948195298248
META,2026-08-24,2026-08-24,Start of Week,monthly,2026-09-25,20-45_day,24,1,put,2,565.0,30.34,28.2,29.5,1.0,150.0,0.3513858807373046,-0.5423841398319265,0.0068827571849406,-0.3238181259001677,0.6506581429054431,-0.2880215955698764
SLV,2026-08-24,2026-08-24,Start of Week,weekly,2026-08-28,5-9_day,4,4,call,-2,60.0,2.72,2.71,2.81,97.0,8103.0,0.414068359375,0.8323734018539494,0.0926034465912044,-0.0899015230754389,0.0164013211216906,0.0053979761811304
SLV,2026-08-24,2026-08-24,Start of Week,weekly,2026-08-28,5-9_day,4,4,put,-2,60.0,0.42,0.41,0.44,520.0,1947.0,0.463872548828125,-0.1935018406484685,0.0904529115677204,-0.1028025929113362,0.0179473717487891,-0.0013612394742804
SLV,2026-08-24,2026-08-24,Start of Week,weekly,2026-08-28,5-9_day,4,4,call,-1,61.0,1.98,2.03,2.11,311.0,2723.0,0.428716650390625,0.7135791255754729,0.1213689956769385,-0.1236021436126209,0.0222565448399286,0.0046649627046878
SLV,2026-08-24,2026-08-24,Start of Week,weekly,2026-08-28,5-9_day,4,4,put,-1,61.0,0.75,0.73,0.78,353.0,1523.0,0.48438015625,-0.3069321345498538,0.1108794983824118,-0.1370799779927637,0.0229729745120899,-0.0021714885766819
SLV,2026-08-24,2026-08-24,Start of Week,weekly,2026-08-28,5-9_day,4,4,call,0,62.0,1.46,1.45,1.51,460.0,4266.0,0.4331111376953125,0.5792494164920428,0.1380502802702361,-0.1420000201504657,0.025575037544563,0.0038131968758674
SLV,2026-08-24,2026-08-24,Start of Week,weekly,2026-08-28,5-9_day,4,4,put,0,62.0,1.23,1.15,1.2,347.0,1181.0,0.49023947265625,-0.4276726844542077,0.1223757199479377,-0.1544301833341058,0.0256615669337443,-0.0030419926044453
SLV,2026-08-24,2026-08-24,Start of Week,weekly,2026-08-28,5-9_day,4,4,call,1,63.0,1.06,1.06,1.11,7451.0,9135.0,0.46289599609375,0.4443044822057617,0.13048987359616,-0.1522213874073277,0.025836868211793,0.0029346639142868
SLV,2026-08-24,2026-08-24,Start of Week,weekly,2026-08-28,5-9_day,4,4,put,1,63.0,1.77,1.72,1.77,298.0,1381.0,0.5009815527343751,-0.5499682694640939,0.1208019554383546,-0.1584533309025483,0.0258866191340507,-0.0039382193907772
SLV,2026-08-24,2026-08-24,Start of Week,weekly,2026-08-28,5-9_day,4,4,call,2,64.0,0.76,0.75,0.78,3121.0,7411.0,0.47852083984375,0.3269830682023623,0.1152886688872777,-0.143160739432213,0.0235975609461004,0.0021671757315128
SLV,2026-08-24,2026-08-24,Start of Week,weekly,2026-08-28,5-9_day,4,4,put,2,64.0,2.37,2.42,2.5,39.0,1930.0,0.5361374511718751,-0.6533493932499206,0.1052616427873921,-0.1573901104899421,0.024139369596813,-0.0047240943138881
SLV,2026-08-24,2026-08-24,Start of Week,monthly,2026-09-25,20-45_day,24,4,call,-2,61.0,4.22,4.0,4.15,15.0,179.0,0.4533746069335937,0.6061707001801103,0.045873712479678,-0.0538408824239284,0.0711689736148073,0.029517361674221
SLV,2026-08-24,2026-08-24,Start of Week,monthly,2026-09-25,20-45_day,24,4,put,-2,61.0,2.45,2.59,2.68,10.0,50.0,0.4555718505859375,-0.3940794261502794,0.0456604462870628,-0.0479057784704174,0.0711814213538592,-0.0238156962602275
SLV,2026-08-24,2026-08-24,Start of Week,monthly,2026-09-25,20-45_day,24,4,call,-1,61.5,4.15,3.8,3.9,5.0,285.0,0.4555718505859375,0.582457631109126,0.0463241032618762,-0.0547056794103158,0.0722160158574176,0.0284412981801986
SLV,2026-08-24,2026-08-24,Start of Week,monthly,2026-09-25,20-45_day,24,4,put,-1,61.5,2.92,2.85,2.93,8.0,17.0,0.4575249560546875,-0.4176640348828949,0.0461293431039008,-0.048691383307538,0.0722206978172382,-0.0253203103730637
SLV,2026-08-24,2026-08-24,Start of Week,monthly,2026-09-25,20-45_day,24,4,call,0,62.0,3.54,3.5,3.65,90.0,247.0,0.456060126953125,0.5588850958640339,0.0467721736270217,-0.055190266947036,0.0729926749153245,0.0273730437005355
SLV,2026-08-24,2026-08-24,Start of Week,monthly,2026-09-25,20-45_day,24,4,put,0,62.0,3.15,3.05,3.2,8.0,22.0,0.4606987524414063,-0.4411642492890552,0.0463020972793567,-0.0494300057642233,0.0729940266065684,-0.0268388536557971
SLV,2026-08-24,2026-08-24,Start of Week,monthly,2026-09-25,20-45_day,24,4,call,1,63.0,3.13,3.15,3.25,96.0,278.0,0.4655815161132813,0.5126993534727541,0.0462976995538367,-0.0565830312359114,0.0737606550174037,0.0252025635425304
SLV,2026-08-24,2026-08-24,Start of Week,monthly,2026-09-25,20-45_day,24,4,put,1,63.0,3.56,3.65,3.75,4.0,52.0,0.4636284106445312,-0.4874782455751021,0.0464933903669041,-0.049971111247053,0.073761693673775,-0.0298479069621643
SLV,2026-08-24,2026-08-24,Start of Week,monthly,2026-09-25,20-45_day,24,4,call,2,64.0,2.88,2.8,2.85,323.0,755.0,0.4692435888671875,0.4678494104000639,0.0458103429873579,-0.0566130513929867,0.0735582711404724,0.0231026895148175
SLV,2026-08-24,2026-08-24,Start of Week,monthly,2026-09-25,20-45_day,24,4,put,2,64.0,4.1,4.3,4.4,1.0,65.0,0.4738822143554688,-0.5312930095392203,0.0453697126989359,-0.0506682124523573,0.0735708985928513,-0.0328074916374447
NFLX,2026-08-24,2026-08-24,Start of Week,weekly,2026-08-28,5-9_day,4,4,call,-2,78.0,2.34,2.38,2.44,239.0,2093.0,0.30664755859375,0.798656892905137,0.1093855971617249,-0.0965515694292885,0.023555283032585,0.0067459670406491
NFLX,2026-08-24,2026-08-24,Start of Week,weekly,2026-08-28,5-9_day,4,4,put,-2,78.0,0.47,0.47,0.49,2116.0,3903.0,0.340826904296875,-0.2247312576181278,0.1049354264858316,-0.1051327934466193,0.0251156646364384,-0.0020128029798819
NFLX,2026-08-24,2026-08-24,Start of Week,weekly,2026-08-28,5-9_day,4,4,call,-1,79.0,1.74,1.72,1.78,1081.0,2223.0,0.3183661914062499,0.6645831394747709,0.1366204837515382,-0.1267941514326305,0.0305443884552181,0.0056454549772896
NFLX,2026-08-24,2026-08-24,Start of Week,weekly,2026-08-28,5-9_day,4,4,put,-1,79.0,0.79,0.78,0.8,2049.0,1632.0,0.3383855224609374,-0.3438810260746011,0.1297718809347087,-0.1275697409407306,0.0308376337958493,-0.003089544095819
NFLX,2026-08-24,2026-08-24,Start of Week,weekly,2026-08-28,5-9_day,4,4,call,0,80.0,1.19,1.18,1.2,4427.0,7934.0,0.3144599804687499,0.5190465925066365,0.1512185296788401,-0.1353761736458504,0.0333932791283179,0.0044336652834176
NFLX,2026-08-24,2026-08-24,Start of Week,weekly,2026-08-28,5-9_day,4,4,put,0,80.0,1.22,1.22,1.24,1115.0,4188.0,0.3383855224609374,-0.4813362978233281,0.1405330104900385,-0.1372234771433581,0.0333947961800788,-0.004342006144212
NFLX,2026-08-24,2026-08-24,Start of Week,weekly,2026-08-28,5-9_day,4,4,call,1,81.0,0.78,0.77,0.78,6997.0,6806.0,0.3178779150390625,0.3723243550643109,0.1420266342013563,-0.1289399168643339,0.0317043478612025,0.0031925848313907
NFLX,2026-08-24,2026-08-24,Start of Week,weekly,2026-08-28,5-9_day,4,4,put,1,81.0,1.9,1.82,1.87,335.0,1911.0,0.3569400244140625,-0.612635353413654,0.1280219859300536,-0.1380140173646307,0.0320899087692091,-0.0055622330161382
NFLX,2026-08-24,2026-08-24,Start of Week,weekly,2026-08-28,5-9_day,4,4,call,2,82.0,0.47,0.47,0.49,3889.0,7203.0,0.3242255078124999,0.2481964238788924,0.1165084968128584,-0.1094913931460276,0.0265273246041724,0.0021340716194953
NFLX,2026-08-24,2026-08-24,Start of Week,weekly,2026-08-28,5-9_day,4,4,put,2,82.0,2.61,2.53,2.6,164.0,1193.0,0.3745179736328125,-0.7203652434879564,0.1071894989564929,-0.1258611887396345,0.028191201082492,-0.0065878857625743
NFLX,2026-08-24,2026-08-24,Start of Week,monthly,2026-09-25,20-45_day,24,4,call,-2,78.0,4.39,4.05,4.3,6.0,405.0,0.3344793115234374,0.6346982186692871,0.047424951516548,-0.051294709720905,0.08911582186513,0.0406842907349013
NFLX,2026-08-24,2026-08-24,Start of Week,monthly,2026-09-25,20-45_day,24,4,put,-2,78.0,2.02,1.97,2.02,126.0,1947.0,0.3093330786132812,-0.3577180311455011,0.0509136024290121,-0.039660960878999,0.0884787241097121,-0.0267490052038896
NFLX,2026-08-24,2026-08-24,Start of Week,monthly,2026-09-25,20-45_day,24,4,call,-1,79.0,3.87,3.5,3.85,20.0,319.0,0.3459538061523437,0.5839000707756294,0.0475722955584672,-0.0543333396647629,0.0924593597928201,0.0375258538424019
NFLX,2026-08-24,2026-08-24,Start of Week,monthly,2026-09-25,20-45_day,24,4,put,-1,79.0,2.32,2.41,2.46,10.0,83.0,0.3099434240722656,-0.4109054995785741,0.0529448939125108,-0.0410665765284738,0.0921902875343742,-0.0308532772677305
NFLX,2026-08-24,2026-08-24,Start of Week,monthly,2026-09-25,20-45_day,24,4,call,0,80.0,3.05,3.0,3.2,251.0,1036.0,0.3308172387695312,0.5352899481213659,0.0506791110566925,-0.0527114512271602,0.0941880447355196,0.0346929687564032
NFLX,2026-08-24,2026-08-24,Start of Week,monthly,2026-09-25,20-45_day,24,4,put,0,80.0,2.92,2.87,2.92,176.0,2134.0,0.3068916967773437,-0.4648908617971177,0.0546322944031265,-0.0411019910949741,0.0941918309325444,-0.0350311941185495
NFLX,2026-08-24,2026-08-24,Start of Week,monthly,2026-09-25,20-45_day,24,4,call,1,81.0,2.74,2.62,2.68,83.0,379.0,0.3243475769042968,0.4836699885277226,0.0518496748358716,-0.0515404017133438,0.0944790147004294,0.0315353834211957
NFLX,2026-08-24,2026-08-24,Start of Week,monthly,2026-09-25,20-45_day,24,4,put,1,81.0,3.35,3.4,3.55,4.0,52.0,0.3161689477539062,-0.5177298640804548,0.0531829410003845,-0.0421094762106194,0.0944648467567427,-0.0392780282462758
NFLX,2026-08-24,2026-08-24,Start of Week,monthly,2026-09-25,20-45_day,24,4,call,2,82.0,2.31,2.21,2.27,9.0,470.0,0.3242255078124999,0.4329736709777148,0.0511782778645849,-0.050514738349307,0.0932205170771059,0.0283458527089607
NFLX,2026-08-24,2026-08-24,Start of Week,monthly,2026-09-25,20-45_day,24,4,put,2,82.0,3.94,3.9,4.15,5.0,10.0,0.3167792932128905,-0.5694629762015655,0.0523254865717844,-0.0410537932348568,0.0931212338076048,-0.0434211002831826
PFE,2026-08-24,2026-08-24,Start of Week,weekly,2026-08-28,5-9_day,4,4,call,-2,27.0,0.94,0.9,0.98,143.0,4526.0,0.3222724023437499,0.8310512570162034,0.2681611965841455,-0.0318708579453379,0.0073510338301534,0.0024324441233073
PFE,2026-08-24,2026-08-24,Start of Week,weekly,2026-08-28,5-9_day,4,4,put,-2,27.0,0.05,0.04,0.05,108.0,1886.0,0.2382888671874999,-0.0992662445730893,0.2511698249552753,-0.0148793387596023,0.0050909705605473,-0.0003066860574584
PFE,2026-08-24,2026-08-24,Start of Week,weekly,2026-08-28,5-9_day,4,4,call,-1,27.5,0.5,0.48,0.56,183.0,4826.0,0.270515107421875,0.6871536070750303,0.4489358666637029,-0.0368239231917402,0.0103301159887001,0.0020396097032538
PFE,2026-08-24,2026-08-24,Start of Week,weekly,2026-08-28,5-9_day,4,4,put,-1,27.5,0.12,0.12,0.13,712.0,2073.0,0.2109453906249999,-0.2681449942572051,0.5355812421163393,-0.0245695893534016,0.0096100305492264,-0.0008298478167423
PFE,2026-08-24,2026-08-24,Start of Week,weekly,2026-08-28,5-9_day,4,4,call,0,28.0,0.25,0.24,0.25,1463.0,5292.0,0.2402419726562499,0.4322874815957316,0.5611513578920619,-0.0356390599109239,0.0114672234040869,0.0012956695374891
PFE,2026-08-24,2026-08-24,Start of Week,weekly,2026-08-28,5-9_day,4,4,put,0,28.0,0.35,0.32,0.36,1361.0,12288.0,0.2187578124999999,-0.5752133489058591,0.6141445266495874,-0.0295858503970925,0.011427823592747,-0.0017917809978311
PFE,2026-08-24,2026-08-24,Start of Week,weekly,2026-08-28,5-9_day,4,4,call,1,28.5,0.08,0.08,0.1,1068.0,5416.0,0.2461012890625,0.1968572621311999,0.3863403687433345,-0.0254292672677345,0.0080874824002862,0.0005925334869019
PFE,2026-08-24,2026-08-24,Start of Week,weekly,2026-08-28,5-9_day,4,4,put,1,28.5,0.73,0.68,0.76,22.0,546.0,0.26758544921875,-0.7829700319001687,0.3764460554884306,-0.0263667580973194,0.0085682990254956,-0.0024698558183613
PFE,2026-08-24,2026-08-24,Start of Week,weekly,2026-08-28,5-9_day,4,4,call,2,29.0,0.04,0.03,0.05,533.0,3596.0,0.2812571874999999,0.0911795684697073,0.1998897110862721,-0.0170676020347363,0.0047821527044925,0.0002746208267311
PFE,2026-08-24,2026-08-24,Start of Week,weekly,2026-08-28,5-9_day,4,4,put,2,29.0,1.13,1.03,1.23,11.0,89.0,0.33789724609375,-0.8653251710256937,0.2199525136666796,-0.0241277327987133,0.0063218320203775,-0.0027728387123182
PFE,2026-08-24,2026-08-24,Start of Week,monthly,2026-09-25,20-45_day,24,4,call,-2,27.0,1.38,1.23,1.41,14.0,643.0,0.278327529296875,0.6776647078110482,0.1562284559667333,-0.0146408601917556,0.0295893661532022,0.0152789567704554
PFE,2026-08-24,2026-08-24,Start of Week,monthly,2026-09-25,20-45_day,24,4,put,-2,27.0,0.35,0.3,0.39,199.0,356.0,0.225593681640625,-0.2906309104933553,0.1841269871139678,-0.0091040374777173,0.0282659597228131,-0.0074069206097064
PFE,2026-08-24,2026-08-24,Start of Week,monthly,2026-09-25,20-45_day,24,4,call,-1,27.5,1.01,0.95,1.03,14.0,1040.0,0.2524488818359375,0.6006076316394133,0.1854452752669952,-0.0141596759336515,0.0318572718435274,0.0137336375714277
PFE,2026-08-24,2026-08-24,Start of Week,monthly,2026-09-25,20-45_day,24,4,put,-1,27.5,0.5,0.48,0.58,3.0,72.0,0.2246171289062499,-0.3906000709890506,0.2071595832106683,-0.0099520391818372,0.0316641079423997,-0.0100053316346848
PFE,2026-08-24,2026-08-24,Start of Week,monthly,2026-09-25,20-45_day,24,4,call,0,28.0,0.76,0.67,0.8,45.0,914.0,0.2592847509765625,0.506182038086866,0.186496748342315,-0.0146812342454081,0.0329054320133284,0.0116363204679306
PFE,2026-08-24,2026-08-24,Start of Week,monthly,2026-09-25,20-45_day,24,4,put,0,28.0,0.85,0.71,0.85,28.0,58.0,0.23242955078125,-0.4964589618511402,0.2080616010733053,-0.0104638783688303,0.0329080869443459,-0.0128188754960165
PFE,2026-08-24,2026-08-24,Start of Week,monthly,2026-09-25,20-45_day,24,4,call,1,28.5,0.55,0.46,0.64,4.0,1119.0,0.273444765625,0.4208071651436784,0.173364324179591,-0.0149082031688829,0.032258836724274,0.0096988953570068
PFE,2026-08-24,2026-08-24,Start of Week,monthly,2026-09-25,20-45_day,24,4,put,1,28.5,0.99,0.97,1.12,2.0,15.0,0.2241288525390624,-0.6025706967117648,0.2086040374219249,-0.0093272918710426,0.0318155792397267,-0.015638600214177
PFE,2026-08-24,2026-08-24,Start of Week,monthly,2026-09-25,20-45_day,24,4,call,2,29.0,0.42,0.32,0.42,30.0,473.0,0.2563550927734375,0.3272555050512187,0.1706760238956698,-0.0128091811753771,0.0297737696159496,0.0076113448845788
PFE,2026-08-24,2026-08-24,Start of Week,monthly,2026-09-25,20-45_day,24,4,put,2,29.0,1.12,1.12,1.57,23.0,41.0,0.25977302734375,-0.6702526472096679,0.1689467364572379,-0.0100707961763903,0.0298650481703571,-0.0176787557390877
SOFI,2026-08-24,2026-08-24,Start of Week,weekly,2026-08-28,5-9_day,4,4,call,-2,18.0,0.87,0.85,0.88,986.0,8686.0,0.4570366796875,0.8135933919818255,0.2988723053715021,-0.0315466228322034,0.0052654798421609,0.0015784056111906
SOFI,2026-08-24,2026-08-24,Start of Week,weekly,2026-08-28,5-9_day,4,4,put,-2,18.0,0.18,0.17,0.18,3812.0,13459.0,0.5312546875,-0.2194839799642679,0.2834915405490733,-0.0381204185732113,0.0058055598153861,-0.0004658952205446
SOFI,2026-08-24,2026-08-24,Start of Week,weekly,2026-08-28,5-9_day,4,4,call,-1,18.5,0.54,0.53,0.56,3028.0,13704.0,0.48438015625,0.6191890553949232,0.4006274830362384,-0.0464205187695944,0.0074804600261302,0.0012153932648992
SOFI,2026-08-24,2026-08-24,Start of Week,weekly,2026-08-28,5-9_day,4,4,put,-1,18.5,0.35,0.34,0.36,6296.0,6738.0,0.5371140039062501,-0.3901922421678891,0.363883247727798,-0.0498082909660372,0.0075340719410786,-0.0008348002655576
SOFI,2026-08-24,2026-08-24,Start of Week,weekly,2026-08-28,5-9_day,4,4,call,0,19.0,0.32,0.32,0.33,7454.0,19867.0,0.5019581054687501,0.4156743781241247,0.395724385306154,-0.0488077137198983,0.0076570504690753,0.0008227652798711
SOFI,2026-08-24,2026-08-24,Start of Week,weekly,2026-08-28,5-9_day,4,4,put,0,19.0,0.63,0.61,0.63,2615.0,8115.0,0.55273884765625,-0.5746926992456313,0.3611497293644722,-0.0520126899469245,0.0076949979331281,-0.0012430526939202
SOFI,2026-08-24,2026-08-24,Start of Week,weekly,2026-08-28,5-9_day,4,4,call,1,19.5,0.17,0.17,0.18,5171.0,22038.0,0.507817421875,0.2424240437426943,0.3135069964275333,-0.0394042995939776,0.0061369990851549,0.0004830179568325
SOFI,2026-08-24,2026-08-24,Start of Week,weekly,2026-08-28,5-9_day,4,4,put,1,19.5,0.96,0.95,1.01,183.0,1311.0,0.5898478515625001,-0.7235404887731477,0.288874311406408,-0.0469535385954492,0.0065682571935315,-0.0015888675545332
SOFI,2026-08-24,2026-08-24,Start of Week,weekly,2026-08-28,5-9_day,4,4,call,2,20.0,0.09,0.09,0.1,10839.0,33024.0,0.5312546875,0.1312398355293384,0.2041502101730586,-0.0280065791248185,0.0041807464666769,0.0002623912200917
SOFI,2026-08-24,2026-08-24,Start of Week,weekly,2026-08-28,5-9_day,4,4,put,2,20.0,1.34,1.35,1.44,140.0,405.0,0.6289099609375001,-0.8256527594797899,0.2082676114851906,-0.0379801419286761,0.0050490704985793,-0.001844860942048
SOFI,2026-08-24,2026-08-24,Start of Week,monthly,2026-09-25,20-45_day,24,4,call,-2,18.0,1.54,1.49,1.63,21.0,1613.0,0.5190477783203125,0.6425851387067741,0.12946960697859,-0.0178726879307096,0.0207236561640375,0.0091833096441781
SOFI,2026-08-24,2026-08-24,Start of Week,monthly,2026-09-25,20-45_day,24,4,put,-2,18.0,0.72,0.71,0.78,168.0,712.0,0.507817421875,-0.3556555995847468,0.132103410287778,-0.0156611390330435,0.0206877299025597,-0.0064969118601324
SOFI,2026-08-24,2026-08-24,Start of Week,monthly,2026-09-25,20-45_day,24,4,call,-1,18.5,1.25,1.16,1.32,56.0,1021.0,0.532231240234375,0.5739030184864671,0.1326556689898955,-0.0190660406574591,0.0217729556891025,0.0082684998790301
SOFI,2026-08-24,2026-08-24,Start of Week,monthly,2026-09-25,20-45_day,24,4,put,-1,18.5,0.95,0.95,1.0,121.0,771.0,0.5029346582031251,-0.4253419003922116,0.1403323969443256,-0.0161953055814156,0.02176510265911,-0.0078296375606041
SOFI,2026-08-24,2026-08-24,Start of Week,monthly,2026-09-25,20-45_day,24,4,call,0,19.0,1.05,0.98,1.03,324.0,1649.0,0.507817421875,0.5041942905533738,0.1414597416055976,-0.0184337119440896,0.022152955173885,0.0073783874518883
SOFI,2026-08-24,2026-08-24,Start of Week,monthly,2026-09-25,20-45_day,24,4,put,0,19.0,1.22,1.17,1.31,117.0,297.0,0.523442265625,-0.4941129242004058,0.1372297851027141,-0.0170467742154696,0.0221517673865541,-0.0092275222138865
SOFI,2026-08-24,2026-08-24,Start of Week,monthly,2026-09-25,20-45_day,24,4,call,1,19.5,0.8,0.78,0.85,65.0,1045.0,0.5009815527343751,0.4338850184954977,0.1414241305643462,-0.0178475461148438,0.0218492464791769,0.0064147600148137
SOFI,2026-08-24,2026-08-24,Start of Week,monthly,2026-09-25,20-45_day,24,4,put,1,19.5,1.54,1.47,1.64,24.0,39.0,0.5376022802734376,-0.5575169107800962,0.1322385798867225,-0.0171911956389778,0.0219235303921371,-0.0105544668600849
SOFI,2026-08-24,2026-08-24,Start of Week,monthly,2026-09-25,20-45_day,24,4,call,2,20.0,0.63,0.61,0.64,362.0,3035.0,0.499028447265625,0.3672792370777473,0.1359171815160578,-0.0169444547845086,0.0209165896088818,0.0054737115674649
SOFI,2026-08-24,2026-08-24,Start of Week,monthly,2026-09-25,20-45_day,24,4,put,2,20.0,1.86,1.81,1.92,22.0,138.0,0.51562984375,-0.6267715986113307,0.1322292305745434,-0.0155550759429126,0.0210260033086701,-0.011936253476396
COIN,2026-08-24,2026-08-24,Start of Week,weekly,2026-08-28,5-9_day,4,4,call,-2,182.5,9.5,9.6,10.05,113.0,6018.0,0.8469253588867187,0.6287268420387587,0.0227889095149427,-0.7947298404005144,0.0740270663162356,0.0118904862748606
COIN,2026-08-24,2026-08-24,Start of Week,weekly,2026-08-28,5-9_day,4,4,put,-2,182.5,4.45,4.1,4.55,285.0,205.0,0.7368190380859375,-0.3574876482814978,0.0258630622411285,-0.6660082217854841,0.0730907875720022,-0.0077299493639432
COIN,2026-08-24,2026-08-24,Start of Week,weekly,2026-08-28,5-9_day,4,4,call,-1,185.0,8.25,8.35,8.8,462.0,5040.0,0.8620619262695313,0.5688795545048492,0.023276751518867,-0.8393673327806297,0.0769631248982173,0.0108053717774392
COIN,2026-08-24,2026-08-24,Start of Week,weekly,2026-08-28,5-9_day,4,4,put,-1,185.0,5.48,5.05,5.55,770.0,733.0,0.7241238525390624,-0.4243563610548858,0.0276238581228476,-0.685906482106682,0.0767218463768498,-0.0092054995003238
COIN,2026-08-24,2026-08-24,Start of Week,weekly,2026-08-28,5-9_day,4,4,call,0,187.5,7.1,7.1,7.4,913.0,1075.0,0.8527846752929689,0.5096037236210571,0.023879976039578,-0.8416529548695371,0.0781079306411759,0.0097359292810218
COIN,2026-08-24,2026-08-24,Start of Week,weekly,2026-08-28,5-9_day,4,4,put,0,187.5,6.3,6.25,6.5,2218.0,238.0,0.705203143310547,-0.4951938558204521,0.0288837368876734,-0.6786715476246108,0.0781249005405616,-0.010775674782066
COIN,2026-08-24,2026-08-24,Start of Week,weekly,2026-08-28,5-9_day,4,4,call,1,190.0,5.61,5.8,6.05,2818.0,3107.0,0.8283708569335937,0.4480664572869167,0.0243822362556582,-0.8101474937188788,0.0774676183783052,0.0086167797829129
COIN,2026-08-24,2026-08-24,Start of Week,weekly,2026-08-28,5-9_day,4,4,put,1,190.0,8.15,7.9,8.5,188.0,1194.0,0.7546411254882812,-0.5601691743388468,0.0266858689679791,-0.7171881074796371,0.0772402509708677,-0.0123030071738881
COIN,2026-08-24,2026-08-24,Start of Week,weekly,2026-08-28,5-9_day,4,4,call,2,192.5,5.0,4.95,5.25,1179.0,3318.0,0.8464370825195311,0.3922668102389726,0.0231830917827188,-0.8033497522779014,0.0752641036923347,0.0075633157217992
COIN,2026-08-24,2026-08-24,Start of Week,weekly,2026-08-28,5-9_day,4,4,put,2,192.5,8.6,9.5,9.85,41.0,147.0,0.747072841796875,-0.6258474631159697,0.0258987338938679,-0.680182093712286,0.0742101552329348,-0.0138139516124056
COIN,2026-08-24,2026-08-24,Start of Week,monthly,2026-09-25,20-45_day,24,4,call,-2,180.0,19.43,18.5,20.0,5.0,208.0,0.7030669342041016,0.6198350706509591,0.0097780225717746,-0.2415566379299861,0.2109402971692487,0.0847172117441741
COIN,2026-08-24,2026-08-24,Start of Week,monthly,2026-09-25,20-45_day,24,4,put,-2,180.0,11.15,11.05,11.7,15.0,26.0,0.666385172119141,-0.378022287796944,0.0102983924603444,-0.2109543289170111,0.2105749023908147,-0.0715489089978001
COIN,2026-08-24,2026-08-24,Start of Week,monthly,2026-09-25,20-45_day,24,4,call,-1,182.5,17.63,17.35,19.35,1.0,15.0,0.7210721252441408,0.5940947163532022,0.0097088087708148,-0.2514560332969667,0.2148109912356879,0.0813041103931322
COIN,2026-08-24,2026-08-24,Start of Week,monthly,2026-09-25,20-45_day,24,4,put,-1,182.5,14.0,12.05,13.15,9.0,8.0,0.6679720703125002,-0.4049053157864121,0.0104741355819945,-0.2151253906730164,0.2146783951398421,-0.0770121455847508
COIN,2026-08-24,2026-08-24,Start of Week,monthly,2026-09-25,20-45_day,24,4,call,0,185.0,17.11,16.45,18.9,30.0,130.0,0.7458521508789062,0.5697696855471095,0.0095080455012012,-0.2626299843625264,0.2175984726717624,0.0779275657105343
COIN,2026-08-24,2026-08-24,Start of Week,monthly,2026-09-25,20-45_day,24,4,put,0,185.0,14.07,13.35,14.45,5.0,10.0,0.6696810375976563,-0.4317400128918086,0.010596589115814,-0.2182659139343288,0.2177438720257052,-0.0825310683158831
COIN,2026-08-24,2026-08-24,Start of Week,monthly,2026-09-25,20-45_day,24,4,call,1,190.0,15.32,14.35,15.3,72.0,198.0,0.7194852270507812,0.5195790732702631,0.0099979007630165,-0.2565111747434846,0.2207204371938216,0.0722065429746491
COIN,2026-08-24,2026-08-24,Start of Week,monthly,2026-09-25,20-45_day,24,4,put,1,190.0,16.56,16.35,17.25,7.0,15.0,0.6776155285644532,-0.484305460961813,0.0106202453202137,-0.2229270592497361,0.220815595786436,-0.0936541694521686
COIN,2026-08-24,2026-08-24,Start of Week,monthly,2026-09-25,20-45_day,24,4,call,2,195.0,13.9,12.2,13.5,2.0,137.0,0.721804539794922,0.4713352079030447,0.0099520267127603,-0.2562526571387121,0.2204159342061224,0.066044688089903
COIN,2026-08-24,2026-08-24,Start of Week,monthly,2026-09-25,20-45_day,24,4,put,2,195.0,20.45,18.45,20.4,42.0,29.0,0.6618686157226563,-0.5386273833432459,0.0108302932447689,-0.2153013656165,0.219949940620706,-0.1048355589600484
GOOGL,2026-08-24,2026-08-24,Start of Week,aligned,2026-08-26,2-4_day,2,1,call,-2,345.0,6.0,6.0,6.25,2799.0,324.0,0.2321854125976562,0.8152721408101289,0.0443026768514549,-0.4297807704640438,0.0691406557806144,0.0153215608773049
GOOGL,2026-08-24,2026-08-24,Start of Week,aligned,2026-08-26,2-4_day,2,1,put,-2,345.0,1.43,1.38,1.48,339.0,90.0,0.2775951147460937,-0.225494993159212,0.0417242956596812,-0.5321525167751887,0.0778519380751497,-0.004379437206982
GOOGL,2026-08-24,2026-08-24,Start of Week,aligned,2026-08-26,2-4_day,2,1,call,-1,347.5,4.5,4.4,4.7,1358.0,362.0,0.2495192236328124,0.6720105061807685,0.0558444460517236,-0.6077609801561896,0.093659663521643,0.0126656701271061
GOOGL,2026-08-24,2026-08-24,Start of Week,aligned,2026-08-26,2-4_day,2,1,put,-1,347.5,2.21,2.12,2.26,135.0,52.0,0.2738109729003906,-0.3417583577843892,0.0517173605500171,-0.6392056637214424,0.0951822125453749,-0.0066483660536103
GOOGL,2026-08-24,2026-08-24,Start of Week,aligned,2026-08-26,2-4_day,2,1,call,0,350.0,3.02,3.0,3.2,8720.0,821.0,0.2435378381347656,0.5232539239252819,0.0630769528583949,-0.6470252562932663,0.1032537294669366,0.0098952354740005
GOOGL,2026-08-24,2026-08-24,Start of Week,aligned,2026-08-26,2-4_day,2,1,put,0,350.0,3.4,3.15,3.45,104.0,89.0,0.2815013256835937,-0.4788351460439657,0.0545862897012249,-0.7095231734519785,0.1032838969335258,-0.0093405192489947
GOOGL,2026-08-24,2026-08-24,Start of Week,aligned,2026-08-26,2-4_day,2,1,call,1,352.5,2.02,1.95,2.06,836.0,269.0,0.2409743872070312,0.3668302001024101,0.0602648652801862,-0.60096166244809,0.097612103115863,0.0069546156391695
GOOGL,2026-08-24,2026-08-24,Start of Week,aligned,2026-08-26,2-4_day,2,1,put,1,352.5,4.54,4.35,4.95,6.0,28.0,0.2915109912109374,-0.609438537523133,0.0507874270439147,-0.7030831102240699,0.099512982136229,-0.0119284088044654
GOOGL,2026-08-24,2026-08-24,Start of Week,aligned,2026-08-26,2-4_day,2,1,call,2,355.0,1.25,1.22,1.31,2351.0,635.0,0.2458571508789062,0.2353105884653535,0.0482463060310328,-0.4983429478141535,0.0797288513359676,0.0044682153915074
GOOGL,2026-08-24,2026-08-24,Start of Week,aligned,2026-08-26,2-4_day,2,1,put,2,355.0,6.29,6.15,6.7,16.0,41.0,0.3022530712890625,-0.7200763234345874,0.0429518430783788,-0.6331053093229658,0.0872611881972918,-0.0141496060774712
GOOGL,2026-08-24,2026-08-24,Start of Week,weekly,2026-08-28,5-9_day,4,1,call,-2,345.0,7.64,7.35,7.65,1260.0,5965.0,0.2813792565917968,0.7055023382198282,0.0334179603494337,-0.4689941266714746,0.1264068498071263,0.0262761200620098
GOOGL,2026-08-24,2026-08-24,Start of Week,weekly,2026-08-28,5-9_day,4,1,put,-2,345.0,2.58,2.49,2.62,790.0,1545.0,0.2949289257812499,-0.3026282829256794,0.032280081462563,-0.4608241477995043,0.1279824978635482,-0.0118476807935159
GOOGL,2026-08-24,2026-08-24,Start of Week,weekly,2026-08-28,5-9_day,4,1,call,-1,347.5,5.94,5.75,6.05,1924.0,6974.0,0.2796702893066405,0.6166896520720857,0.0372294086225159,-0.5107081219240512,0.1399687423581986,0.0230480885734498
GOOGL,2026-08-24,2026-08-24,Start of Week,weekly,2026-08-28,5-9_day,4,1,put,-1,347.5,3.42,3.35,3.55,358.0,255.0,0.2941965112304687,-0.3883483114732677,0.0355267156995239,-0.5025590408228944,0.1405048028706131,-0.0152343055724772
GOOGL,2026-08-24,2026-08-24,Start of Week,weekly,2026-08-28,5-9_day,4,1,call,0,350.0,4.6,4.5,4.6,5326.0,5413.0,0.2742992492675781,0.5208945431131957,0.0396132015768449,-0.5189696418059797,0.146070714631972,0.0195325068388303
GOOGL,2026-08-24,2026-08-24,Start of Week,weekly,2026-08-28,5-9_day,4,1,put,0,350.0,4.6,4.5,4.75,101.0,1166.0,0.2976144458007811,-0.4798065826995615,0.0365132028428192,-0.5259405019207616,0.1460839584106176,-0.0188722885373264
GOOGL,2026-08-24,2026-08-24,Start of Week,weekly,2026-08-28,5-9_day,4,1,call,1,352.5,3.49,3.3,3.5,1637.0,2493.0,0.2769847692871093,0.4233649673663145,0.0385559876000829,-0.5118331503809262,0.1435642518131274,0.0159108651403585
GOOGL,2026-08-24,2026-08-24,Start of Week,weekly,2026-08-28,5-9_day,4,1,put,1,352.5,5.92,5.75,6.1,71.0,102.0,0.2976144458007811,-0.5705636201411173,0.0359866487795497,-0.5147330943434137,0.1439772929885039,-0.0225030256744696
GOOGL,2026-08-24,2026-08-24,Start of Week,weekly,2026-08-28,5-9_day,4,1,call,2,355.0,2.48,2.48,2.55,4408.0,16256.0,0.2758861474609374,0.3303756019926405,0.0358183546136907,-0.4696651064209158,0.1328416060430163,0.0124434363752603
GOOGL,2026-08-24,2026-08-24,Start of Week,weekly,2026-08-28,5-9_day,4,1,put,2,355.0,7.55,7.4,7.8,23.0,801.0,0.307502042236328,-0.6519585380994534,0.0327854140168389,-0.4969758984818085,0.1355274502766873,-0.0258133023174439
GOOGL,2026-08-24,2026-08-24,Start of Week,monthly,2026-09-25,20-45_day,24,1,call,-2,340.0,17.71,17.35,18.65,26.0,239.0,0.311408253173828,0.6566065052388781,0.0113888695975454,-0.2070345315319579,0.3814163596374205,0.1848356810566229
GOOGL,2026-08-24,2026-08-24,Start of Week,monthly,2026-09-25,20-45_day,24,1,put,-2,340.0,7.02,6.75,7.4,24.0,1832.0,0.2856821920776367,-0.3330272315073648,0.0122684156954311,-0.1556940962099741,0.3769295887220757,-0.108239287135229
GOOGL,2026-08-24,2026-08-24,Start of Week,monthly,2026-09-25,20-45_day,24,1,call,-1,345.0,14.3,14.7,15.65,51.0,395.0,0.308478594970703,0.5972924493637497,0.0120979828680701,-0.213096578771377,0.4013530590080281,0.1693102946872096
GOOGL,2026-08-24,2026-08-24,Start of Week,monthly,2026-09-25,20-45_day,24,1,put,-1,345.0,9.03,9.1,9.55,6.0,397.0,0.2876047802734374,-0.3982731151225605,0.0129385529522642,-0.1647470515280209,0.4001938274328631,-0.1300773589261696
GOOGL,2026-08-24,2026-08-24,Start of Week,monthly,2026-09-25,20-45_day,24,1,call,0,350.0,12.5,12.15,12.55,121.0,451.0,0.2960275476074219,0.5353733309839895,0.0129441028024529,-0.2083698521313245,0.4120905532509519,0.1530642245081563
GOOGL,2026-08-24,2026-08-24,Start of Week,monthly,2026-09-25,20-45_day,24,1,put,0,350.0,11.3,10.9,11.75,29.0,130.0,0.2827220166015625,-0.4645686512117243,0.0135531054241101,-0.164369617354238,0.4120852070080974,-0.1522893273659923
GOOGL,2026-08-24,2026-08-24,Start of Week,monthly,2026-09-25,20-45_day,24,1,call,1,355.0,10.24,9.4,10.45,23.0,2103.0,0.3000558276367187,0.4717467315446808,0.0127885933052434,-0.2091934983566176,0.4126799987014869,0.1354268816131262
GOOGL,2026-08-24,2026-08-24,Start of Week,monthly,2026-09-25,20-45_day,24,1,put,1,355.0,14.7,13.65,14.6,6.0,66.0,0.2855296057128905,-0.5314424289245665,0.0134311429781731,-0.1636682742252861,0.4124323246146236,-0.175248361419879
GOOGL,2026-08-24,2026-08-24,Start of Week,monthly,2026-09-25,20-45_day,24,1,call,2,360.0,8.01,7.85,8.25,56.0,1134.0,0.2942270285034178,0.4072715055832647,0.0127199430692711,-0.1986833437010046,0.4024911275983045,0.1176080172007238
GOOGL,2026-08-24,2026-08-24,Start of Week,monthly,2026-09-25,20-45_day,24,1,put,2,360.0,19.6,16.35,17.95,1.0,37.0,0.2928232339477538,-0.593326541730584,0.0127762876724823,-0.1612158132146086,0.4023451704540411,-0.197116796191239
PLTR,2026-08-24,2026-08-24,Start of Week,weekly,2026-08-28,5-9_day,4,4,call,-2,172.5,6.5,6.5,6.6,3279.0,1664.0,0.4992725854492187,0.6945512127978553,0.0379234327760479,-0.4168029682128614,0.0648856972092501,0.0127738706919687
PLTR,2026-08-24,2026-08-24,Start of Week,weekly,2026-08-28,5-9_day,4,4,put,-2,172.5,2.36,2.35,2.36,4140.0,4708.0,0.5112353564453125,-0.309198075277455,0.0372354853856242,-0.4111226765497708,0.0652351273204538,-0.0062037360235606
PLTR,2026-08-24,2026-08-24,Start of Week,weekly,2026-08-28,5-9_day,4,4,call,-1,175.0,4.95,4.9,4.95,6255.0,8791.0,0.4826711889648438,0.594741429434811,0.04338347294031,-0.4431857405898322,0.0717594836143411,0.011023753817844
PLTR,2026-08-24,2026-08-24,Start of Week,weekly,2026-08-28,5-9_day,4,4,put,-1,175.0,3.4,3.35,3.45,5411.0,5005.0,0.5180712255859375,-0.4102292356160932,0.0405400061204738,-0.4584197666849693,0.0719742080463587,-0.0082707356393232
PLTR,2026-08-24,2026-08-24,Start of Week,weekly,2026-08-28,5-9_day,4,4,call,0,177.5,3.74,3.7,3.75,4405.0,7122.0,0.4924367163085938,0.4843882490637958,0.0437295620156504,-0.4626167927040631,0.0737953790097214,0.0090195163932617
PLTR,2026-08-24,2026-08-24,Start of Week,weekly,2026-08-28,5-9_day,4,4,put,0,177.5,4.63,4.6,4.7,1369.0,1736.0,0.5210008837890624,-0.5135967335691407,0.0413397139857779,-0.4710203154179061,0.0738090373226772,-0.0104086780365391
PLTR,2026-08-24,2026-08-24,Start of Week,weekly,2026-08-28,5-9_day,4,4,call,1,180.0,2.64,2.64,2.65,9709.0,19670.0,0.4846242944335938,0.3758939506099082,0.0422990682552728,-0.4320847741047496,0.0702489109892299,0.0070354564661497
PLTR,2026-08-24,2026-08-24,Start of Week,weekly,2026-08-28,5-9_day,4,4,put,1,180.0,6.45,6.2,6.35,778.0,3915.0,0.5422409057617189,-0.609096326898795,0.0382480024891809,-0.4701896045841208,0.0710730002943981,-0.0124363004767178
PLTR,2026-08-24,2026-08-24,Start of Week,weekly,2026-08-28,5-9_day,4,4,call,2,182.5,1.84,1.9,1.92,3369.0,6493.0,0.495122236328125,0.2827787160497551,0.0369019863431816,-0.3924420029919787,0.0626131839099458,0.0053081146238159
PLTR,2026-08-24,2026-08-24,Start of Week,weekly,2026-08-28,5-9_day,4,4,put,2,182.5,8.0,7.55,7.9,129.0,415.0,0.5144091528320311,-0.709211069328369,0.0359918331835186,-0.3944778668552322,0.0634477561847604,-0.0145418414015726
PLTR,2026-08-24,2026-08-24,Start of Week,monthly,2026-09-25,20-45_day,24,4,call,-2,172.5,12.08,12.15,12.4,19.0,253.0,0.4816946362304687,0.6057107311319205,0.0152590256485441,-0.1612835235057467,0.201507963416677,0.08289994357804
PLTR,2026-08-24,2026-08-24,Start of Week,monthly,2026-09-25,20-45_day,24,4,put,-2,172.5,7.99,7.75,7.95,119.0,167.0,0.4762015270996094,-0.3937284906908921,0.0154289950669527,-0.1420258744168363,0.2014290128227133,-0.0676574710686625
PLTR,2026-08-24,2026-08-24,Start of Week,monthly,2026-09-25,20-45_day,24,4,call,-1,175.0,10.84,10.7,10.95,78.0,383.0,0.4744925598144531,0.5665758705798284,0.0158335991048004,-0.1617689916934519,0.2059693754092547,0.0781203664167273
PLTR,2026-08-24,2026-08-24,Start of Week,monthly,2026-09-25,20-45_day,24,4,put,-1,175.0,9.0,8.85,9.15,41.0,465.0,0.4762625616455078,-0.4334634666155448,0.0157750188681044,-0.1445925796961503,0.2059728277080576,-0.0748437309394726
PLTR,2026-08-24,2026-08-24,Start of Week,monthly,2026-09-25,20-45_day,24,4,call,0,177.5,9.5,9.55,9.8,25.0,179.0,0.476994976196289,0.5267448697895663,0.0159375688402976,-0.1637998152837622,0.2084152429701199,0.0729714225133161
PLTR,2026-08-24,2026-08-24,Start of Week,monthly,2026-09-25,20-45_day,24,4,put,0,177.5,10.28,10.2,10.4,12.0,189.0,0.4740042834472656,-0.4734402322566324,0.0160386243099548,-0.1448360217849182,0.2084217226925386,-0.0821133218458151
PLTR,2026-08-24,2026-08-24,Start of Week,monthly,2026-09-25,20-45_day,24,4,call,1,180.0,8.44,8.3,8.5,105.0,906.0,0.467778759765625,0.4859109299649918,0.016278029215337,-0.16044584269782,0.2087545365105995,0.0677942507683571
PLTR,2026-08-24,2026-08-24,Start of Week,monthly,2026-09-25,20-45_day,24,4,put,1,180.0,11.5,11.55,11.75,85.0,445.0,0.4718070397949219,-0.5134953022052734,0.0161398788169065,-0.143518658004945,0.2087652868725758,-0.0894827737988749
PLTR,2026-08-24,2026-08-24,Start of Week,monthly,2026-09-25,20-45_day,24,4,call,2,182.5,7.0,7.3,7.55,7.0,165.0,0.4704642797851562,0.4469595718047716,0.0160518627377921,-0.1594564185928175,0.2070359162623311,0.0626057714967798
PLTR,2026-08-24,2026-08-24,Start of Week,monthly,2026-09-25,20-45_day,24,4,put,2,182.5,13.25,13.0,13.25,2.0,23.0,0.4722342816162109,-0.5526359321447134,0.0159938711223779,-0.1415486448574925,0.2070640498159183,-0.0968436572858236
SHOP,2026-08-24,2026-08-24,Start of Week,weekly,2026-08-28,5-9_day,4,4,call,-2,148.0,4.25,4.3,5.25,3.0,161.0,0.4858449853515625,0.6764935039295534,0.0467044138908111,-0.3552900264619851,0.0568720204667618,0.0106681410416841
SHOP,2026-08-24,2026-08-24,Start of Week,weekly,2026-08-28,5-9_day,4,4,put,-2,148.0,2.44,1.89,2.33,4.0,53.0,0.53320779296875,-0.3365202540326313,0.0432340095874829,-0.3797237608600171,0.0577783332278189,-0.005789882388501
SHOP,2026-08-24,2026-08-24,Start of Week,weekly,2026-08-28,5-9_day,4,4,call,-1,149.0,4.45,3.9,4.7,27.0,85.0,0.4953663745117188,0.6256084704607299,0.0483272610136498,-0.3807122030885566,0.0600014453182946,0.0098879316267804
SHOP,2026-08-24,2026-08-24,Start of Week,weekly,2026-08-28,5-9_day,4,4,put,-1,149.0,3.76,2.4,2.73,10.0,299.0,0.5092822509765625,-0.3771666280985288,0.0471157092054825,-0.3768325963959801,0.0601405340254562,-0.006489345866745
SHOP,2026-08-24,2026-08-24,Start of Week,weekly,2026-08-28,5-9_day,4,4,call,0,150.0,3.8,3.45,4.05,375.0,852.0,0.483403603515625,0.5771944308610893,0.0511499532246464,-0.3829711215706644,0.0619723737010625,0.0091572979977586
SHOP,2026-08-24,2026-08-24,Start of Week,weekly,2026-08-28,5-9_day,4,4,put,0,150.0,2.95,2.67,3.2,44.0,244.0,0.500005,-0.4246682263880807,0.0494969087544404,-0.3808941471790814,0.0620290929541099,-0.0073165208664296
SHOP,2026-08-24,2026-08-24,Start of Week,weekly,2026-08-28,5-9_day,4,4,call,1,152.5,2.62,2.33,2.66,545.0,348.0,0.4592339233398438,0.4437564977482851,0.054326256890476,-0.3655352843496747,0.0625297584804123,0.0070971778498322
SHOP,2026-08-24,2026-08-24,Start of Week,weekly,2026-08-28,5-9_day,4,4,put,1,152.5,6.13,3.95,4.8,4.0,156.0,0.5227098510742187,-0.5469792340555879,0.0478743212127122,-0.4009879061673917,0.0627200391800113,-0.0094983818277563
SHOP,2026-08-24,2026-08-24,Start of Week,weekly,2026-08-28,5-9_day,4,4,call,2,155.0,1.48,1.48,1.71,763.0,2862.0,0.45508357421875,0.3140166784783135,0.0492407755354001,-0.324178199813982,0.0561641320037919,0.0050482365199223
SHOP,2026-08-24,2026-08-24,Start of Week,weekly,2026-08-28,5-9_day,4,4,put,2,155.0,6.88,5.65,6.35,24.0,203.0,0.5349167602539062,-0.657060841915861,0.0434090830896593,-0.3784635017131189,0.0581982364690353,-0.0115019115789917
SHOP,2026-08-24,2026-08-24,Start of Week,monthly,2026-09-25,20-45_day,24,4,call,-2,148.0,9.5,8.5,10.8,4.0,2.0,0.5072070764160157,0.5950375946372176,0.0170645959057017,-0.1455804111860014,0.1735458793258353,0.0693208322133256
SHOP,2026-08-24,2026-08-24,Start of Week,monthly,2026-09-25,20-45_day,24,4,put,-2,148.0,8.15,5.9,7.4,1.0,2.0,0.4976856872558594,-0.4042822364680303,0.0173836965955536,-0.1279621122013912,0.1734723565866976,-0.0597758837619894
SHOP,2026-08-24,2026-08-24,Start of Week,monthly,2026-09-25,20-45_day,24,4,call,-1,149.0,8.36,8.75,10.4,1.0,11.0,0.5137377728271484,0.5773494504127907,0.0170151235733154,-0.1485056241520349,0.1752708124482052,0.0673358813483449
SHOP,2026-08-24,2026-08-24,Start of Week,monthly,2026-09-25,20-45_day,24,4,put,-1,149.0,7.8,6.55,7.95,1.0,1.0,0.5014698291015626,-0.4222214203483487,0.0174276417683925,-0.1300370114096358,0.1752332140851503,-0.0626243272821724
SHOP,2026-08-24,2026-08-24,Start of Week,monthly,2026-09-25,20-45_day,24,4,call,0,150.0,9.0,8.35,9.8,7.0,159.0,0.5080615600585938,0.5600683225605056,0.0173367110920927,-0.1478103759078917,0.176610306002113,0.065576796574782
SHOP,2026-08-24,2026-08-24,Start of Week,monthly,2026-09-25,20-45_day,24,4,put,0,150.0,9.37,7.3,8.2,4.0,37.0,0.4876760217285156,-0.4398702340280791,0.0180609843233201,-0.1270099983276336,0.1766061454400277,-0.0651788771106538
SHOP,2026-08-24,2026-08-24,Start of Week,monthly,2026-09-25,20-45_day,24,4,call,1,152.5,7.49,6.9,8.45,4.0,17.0,0.4984181018066406,0.5156266138805186,0.0178614381109928,-0.1460775509855695,0.1785020563745262,0.0608803723673139
SHOP,2026-08-24,2026-08-24,Start of Week,monthly,2026-09-25,20-45_day,24,4,put,1,152.5,11.89,7.95,10.25,6.0,58.0,0.5277146838378908,-0.4818787991366563,0.0168653768895277,-0.1387320595536368,0.1784547955813006,-0.0725114170410057
SHOP,2026-08-24,2026-08-24,Start of Week,monthly,2026-09-25,20-45_day,24,4,call,2,155.0,6.26,5.4,7.15,1.0,28.0,0.4854787780761719,0.4694004995220801,0.0182975651192167,-0.1415964001218994,0.1781133800281147,0.0559039848753033
SHOP,2026-08-24,2026-08-24,Start of Week,monthly,2026-09-25,20-45_day,24,4,put,2,155.0,11.2,9.4,11.7,2.0,11.0,0.5286912365722658,-0.5232171150294196,0.0168230672082257,-0.1381257831939054,0.1783365190137404,-0.0792412257683968
XOM,2026-08-24,2026-08-24,Start of Week,weekly,2026-08-28,5-9_day,4,4,call,-2,157.5,7.4,6.2,7.0,10.0,408.0,0.4401911450195312,0.7940726183119493,0.0378515399584431,-0.2805280915635509,0.0487106489802332,0.0134695793145998
XOM,2026-08-24,2026-08-24,Start of Week,weekly,2026-08-28,5-9_day,4,4,put,-2,157.5,0.42,0.39,0.45,205.0,1419.0,0.30274134765625,-0.1198852292880415,0.0386192364566822,-0.127323600097967,0.0341801908760047,-0.0021797608205559
XOM,2026-08-24,2026-08-24,Start of Week,weekly,2026-08-28,5-9_day,4,4,call,-1,160.0,4.6,4.5,5.0,10.0,3928.0,0.4040586938476562,0.6976851801527617,0.0505016424115118,-0.3124113593843484,0.0596552979031163,0.0119669672067091
XOM,2026-08-24,2026-08-24,Start of Week,weekly,2026-08-28,5-9_day,4,4,put,-1,160.0,0.89,0.84,0.88,350.0,1393.0,0.2844309838867186,-0.2356523192721951,0.0632852571189861,-0.1831117601769359,0.0526233525986294,-0.0042926358175964
XOM,2026-08-24,2026-08-24,Start of Week,weekly,2026-08-28,5-9_day,4,4,call,0,162.5,2.77,2.55,2.84,26.0,467.0,0.3159248095703124,0.572556294785261,0.0726296264868178,-0.2741508883174628,0.0670805483114749,0.0099604309512979
XOM,2026-08-24,2026-08-24,Start of Week,weekly,2026-08-28,5-9_day,4,4,put,0,162.5,1.65,1.62,1.79,234.0,1108.0,0.2866282275390625,-0.4213834989860198,0.0798174680820219,-0.2324747375419315,0.0668830340614869,-0.0077105641395913
XOM,2026-08-24,2026-08-24,Start of Week,weekly,2026-08-28,5-9_day,4,4,call,1,165.0,1.39,1.39,1.58,294.0,2572.0,0.30274134765625,0.3850290183804145,0.0738475376101004,-0.2535944220128854,0.065359213770769,0.006741412528187
XOM,2026-08-24,2026-08-24,Start of Week,weekly,2026-08-28,5-9_day,4,4,put,1,165.0,2.97,2.86,3.1,191.0,1912.0,0.282233740234375,-0.6239087141908695,0.0786503559824908,-0.2182879751353609,0.0648946186346778,-0.0114787626440256
XOM,2026-08-24,2026-08-24,Start of Week,weekly,2026-08-28,5-9_day,4,4,call,2,167.5,0.75,0.68,0.8,483.0,1455.0,0.2993234130859374,0.218901269673407,0.0576885408252615,-0.1924501245918877,0.0504811573887989,0.003848877412548
XOM,2026-08-24,2026-08-24,Start of Week,weekly,2026-08-28,5-9_day,4,4,put,2,167.5,4.24,4.1,4.95,5.0,577.0,0.295905478515625,-0.7838410812530365,0.0579318008314889,-0.1718635965286235,0.0501151570402385,-0.0145470210797864
XOM,2026-08-24,2026-08-24,Start of Week,monthly,2026-09-25,20-45_day,24,4,call,-2,157.5,12.45,8.8,11.0,1.0,79.0,0.4030821411132813,0.6522836458494388,0.0189557291138103,-0.1222452687891669,0.1786994016517833,0.0835770871636035
XOM,2026-08-24,2026-08-24,Start of Week,monthly,2026-09-25,20-45_day,24,4,put,-2,157.5,2.45,2.16,3.0,1.0,69.0,0.2816233947753905,-0.3027112602195112,0.0256325242786926,-0.0689825659729487,0.1688298188329896,-0.0457525510674457
XOM,2026-08-24,2026-08-24,Start of Week,monthly,2026-09-25,20-45_day,24,4,call,-1,160.0,8.6,7.3,9.7,1.0,131.0,0.4094297338867187,0.6015585036388983,0.0194917577725047,-0.1283941158280591,0.1866463203940247,0.0774802147653156
XOM,2026-08-24,2026-08-24,Start of Week,monthly,2026-09-25,20-45_day,24,4,put,-1,160.0,3.34,3.0,3.85,1.0,21.0,0.2756420092773437,-0.3695364168751508,0.0283125587135143,-0.0721091168561222,0.1825213089848205,-0.0560288916015525
XOM,2026-08-24,2026-08-24,Start of Week,monthly,2026-09-25,20-45_day,24,4,call,0,162.5,6.75,5.9,6.35,2.0,106.0,0.3038399694824218,0.5547990503248263,0.0268935121541959,-0.0992817212744262,0.1911091469979921,0.0737099937622544
XOM,2026-08-24,2026-08-24,Start of Week,monthly,2026-09-25,20-45_day,24,4,put,0,162.5,4.12,4.25,4.95,1.0,65.0,0.2736889038085937,-0.4429252580568465,0.0298320615064788,-0.0738318111470229,0.1909543268902436,-0.0674619066822844
XOM,2026-08-24,2026-08-24,Start of Week,monthly,2026-09-25,20-45_day,24,4,call,1,165.0,5.34,4.6,5.7,4.0,140.0,0.3306951696777344,0.4913480598298657,0.0249393736883244,-0.1072354817032096,0.1928867705248381,0.0652300687532237
XOM,2026-08-24,2026-08-24,Start of Week,monthly,2026-09-25,20-45_day,24,4,put,1,165.0,5.55,5.4,6.35,1.0,27.0,0.2775951147460937,-0.517174743220573,0.0296893727041834,-0.0744063210849032,0.1927533294040216,-0.0792800566322347
XOM,2026-08-24,2026-08-24,Start of Week,monthly,2026-09-25,20-45_day,24,4,call,2,167.5,3.92,3.7,4.85,4.0,31.0,0.3397282824707031,0.4333042317581513,0.0239418337170569,-0.1076726012379623,0.1902296292199874,0.0576902708608794
AMD,2026-08-24,2026-08-24,Start of Week,weekly,2026-08-28,5-9_day,4,4,call,-2,452.5,14.0,14.0,14.7,45.0,2.0,0.5717816259765626,0.5757676519205198,0.0143296996081096,-1.363964344508898,0.1872821795985558,0.027371914369056
AMD,2026-08-24,2026-08-24,Start of Week,weekly,2026-08-28,5-9_day,4,4,put,-2,452.5,8.85,8.85,9.1,388.0,430.0,0.5158129473876953,-0.4185384774616706,0.0158387575328629,-1.183817390116448,0.1867422223643001,-0.0217972648042786
AMD,2026-08-24,2026-08-24,Start of Week,weekly,2026-08-28,5-9_day,4,4,call,-1,455.0,13.0,12.35,13.0,226.0,48.0,0.5546919531250001,0.5399330180268471,0.0149678912181051,-1.339753254818986,0.1897761610582347,0.0257601793845841
AMD,2026-08-24,2026-08-24,Start of Week,weekly,2026-08-28,5-9_day,4,4,put,-1,455.0,10.04,9.95,10.25,444.0,947.0,0.513554669189453,-0.4586570596390416,0.0161610050057842,-1.1956041467740863,0.1897073774120535,-0.0239264432995506
AMD,2026-08-24,2026-08-24,Start of Week,weekly,2026-08-28,5-9_day,4,4,call,0,457.5,11.43,11.15,11.65,417.0,39.0,0.55273884765625,0.5022810510973679,0.0150962260806642,-1.3400871155865894,0.190729360787584,0.0240161880229503
AMD,2026-08-24,2026-08-24,Start of Week,weekly,2026-08-28,5-9_day,4,4,put,0,457.5,11.26,11.05,11.5,391.0,130.0,0.5094043200683593,-0.4994116552532789,0.0163806972291397,-1.1902757770209953,0.1907322711553763,-0.0260945422900692
AMD,2026-08-24,2026-08-24,Start of Week,weekly,2026-08-28,5-9_day,4,4,call,1,460.0,10.43,10.1,10.65,747.0,294.0,0.5585981640625001,0.4653656661327767,0.0148817919932927,-1.3474469561466316,0.1900132592109573,0.022282503670987
AMD,2026-08-24,2026-08-24,Start of Week,weekly,2026-08-28,5-9_day,4,4,put,1,460.0,12.75,12.35,13.0,289.0,1629.0,0.5115405291748047,-0.5398571830321677,0.0162308306539444,-1.1872577547459162,0.1897797928382917,-0.0282714145176235
AMD,2026-08-24,2026-08-24,Start of Week,weekly,2026-08-28,5-9_day,4,4,call,2,462.5,9.25,9.05,9.6,373.0,82.0,0.5593916131591796,0.4288610559256929,0.0146791379669706,-1.3315104336055132,0.1876919630027664,0.0205699529085015
AMD,2026-08-24,2026-08-24,Start of Week,weekly,2026-08-28,5-9_day,4,4,put,2,462.5,14.15,13.75,14.45,137.0,160.0,0.5106250109863282,-0.5799419071589312,0.0160123578774725,-1.1646340352392957,0.186890206796477,-0.0304348376454847
AMD,2026-08-24,2026-08-24,Start of Week,monthly,2026-09-25,20-45_day,24,4,call,-2,445.0,36.06,34.9,37.2,22.0,47.0,0.5523116058349609,0.6027104896971756,0.0051635150569058,-0.4743427512224171,0.5214933530696026,0.2094334671229424
AMD,2026-08-24,2026-08-24,Start of Week,monthly,2026-09-25,20-45_day,24,4,put,-2,445.0,24.09,21.25,23.3,49.0,348.0,0.5133715655517577,-0.3942913842794266,0.0055437630960263,-0.3969784117248545,0.5204219837941139,-0.1764565695577563
AMD,2026-08-24,2026-08-24,Start of Week,monthly,2026-09-25,20-45_day,24,4,call,-1,450.0,33.0,32.3,33.0,25.0,29.0,0.5370834866333009,0.5764884700546715,0.0053917162249876,-0.4678059724463412,0.529526850243152,0.2019350273675876
AMD,2026-08-24,2026-08-24,Start of Week,monthly,2026-09-25,20-45_day,24,4,put,-1,450.0,24.27,23.05,24.95,25.0,358.0,0.5010425872802735,-0.4224069004476081,0.005776383870852,-0.3923764638081853,0.5292365726280422,-0.1891883190403199
AMD,2026-08-24,2026-08-24,Start of Week,monthly,2026-09-25,20-45_day,24,4,call,0,455.0,30.66,29.95,31.45,30.0,40.0,0.5463302203369143,0.549365972781265,0.0053586228661122,-0.4793595842656185,0.5353373903371762,0.1928243911186643
AMD,2026-08-24,2026-08-24,Start of Week,monthly,2026-09-25,20-45_day,24,4,put,0,455.0,27.99,25.15,27.8,20.0,342.0,0.5000660345458985,-0.4517643405900861,0.0058564318631999,-0.3948722437742408,0.5355248306735417,-0.2030641290079839
AMD,2026-08-24,2026-08-24,Start of Week,monthly,2026-09-25,20-45_day,24,4,call,1,460.0,28.0,27.15,30.0,42.0,78.0,0.5498091894531252,0.5227940993252312,0.0053570885921205,-0.4840511573670009,0.5385921051910961,0.1840809547027413
AMD,2026-08-24,2026-08-24,Start of Week,monthly,2026-09-25,20-45_day,24,4,put,1,460.0,29.25,28.75,30.1,28.0,211.0,0.5051319018554687,-0.4806947154785762,0.0058336020017464,-0.4000904006867718,0.5388411492730291,-0.2171828418247617
AMD,2026-08-24,2026-08-24,Start of Week,monthly,2026-09-25,20-45_day,24,4,call,2,465.0,26.0,25.75,26.25,8.0,39.0,0.542668147583008,0.4954159722561737,0.0054361005773862,-0.4777510094024208,0.539437302118658,0.1754000044737592
AMD,2026-08-24,2026-08-24,Start of Week,monthly,2026-09-25,20-45_day,24,4,put,2,465.0,33.0,30.25,33.65,10.0,93.0,0.5308884802246094,-0.5060925073962139,0.0055564388125973,-0.4206453142924638,0.5394100058974799,-0.2309932241923157
BAC,2026-08-24,2026-08-24,Start of Week,weekly,2026-08-28,5-9_day,4,4,call,-2,60.0,2.69,2.56,2.68,72.0,2065.0,0.3564517480468749,0.8647900530171898,0.0932701836581752,-0.0685376985427143,0.0142093955403569,0.0056295717440095
BAC,2026-08-24,2026-08-24,Start of Week,weekly,2026-08-28,5-9_day,4,4,put,-2,60.0,0.06,0.06,0.07,1162.0,2877.0,0.2500075,-0.0596386814753362,0.0725389917804213,-0.0238393561332476,0.0077509792677022,-0.0004127990590102
BAC,2026-08-24,2026-08-24,Start of Week,weekly,2026-08-28,5-9_day,4,4,call,-1,61.0,1.81,1.69,1.76,157.0,868.0,0.2929758203124999,0.7865687959749246,0.1519033887757511,-0.0744812088753253,0.0190209088489537,0.0051956683378714
BAC,2026-08-24,2026-08-24,Start of Week,weekly,2026-08-28,5-9_day,4,4,put,-1,61.0,0.16,0.15,0.17,2878.0,8388.0,0.2275467871093749,-0.1550028447297533,0.1601843963390254,-0.0433131147541812,0.0155784031837502,-0.0010741504329663
BAC,2026-08-24,2026-08-24,Start of Week,weekly,2026-08-28,5-9_day,4,4,call,0,62.0,0.96,0.94,0.97,2709.0,4002.0,0.249030947265625,0.6202157845873729,0.2338307449252091,-0.0813202917653882,0.0248878257063,0.0041446879249671
BAC,2026-08-24,2026-08-24,Start of Week,weekly,2026-08-28,5-9_day,4,4,put,0,62.0,0.37,0.38,0.4,967.0,2593.0,0.2060626269531249,-0.3575938830762339,0.2770649532752205,-0.0605470440847789,0.0244012935228005,-0.002483586246206
BAC,2026-08-24,2026-08-24,Start of Week,weekly,2026-08-28,5-9_day,4,4,call,1,63.0,0.41,0.42,0.44,3683.0,5846.0,0.23242955078125,0.3701404007974057,0.2485092586968021,-0.0740370122941424,0.0246868648575856,0.0024913017982661
BAC,2026-08-24,2026-08-24,Start of Week,weekly,2026-08-28,5-9_day,4,4,put,1,63.0,0.82,0.85,0.91,142.0,3708.0,0.2031329687499999,-0.6489833095878391,0.2792099157421909,-0.0573430248144408,0.0242405950294936,-0.0045330196888193
BAC,2026-08-24,2026-08-24,Start of Week,weekly,2026-08-28,5-9_day,4,4,call,2,64.0,0.15,0.14,0.15,5574.0,12184.0,0.2207109179687499,0.151050546594808,0.1623420158595397,-0.0431976127703547,0.0153139341191761,0.0010214996399687
BAC,2026-08-24,2026-08-24,Start of Week,weekly,2026-08-28,5-9_day,4,4,put,2,64.0,1.6,1.55,1.63,54.0,1783.0,0.179695703125,-0.8983595901670913,0.1511722424927173,-0.0202110706103423,0.0116102553305387,-0.0063214023536108
BAC,2026-08-24,2026-08-24,Start of Week,monthly,2026-09-25,20-45_day,24,4,call,-2,60.0,2.65,3.0,3.25,6.0,34.0,0.2397536962890624,0.7405750651633847,0.0730822052549287,-0.0268055717717004,0.0599099510891007,0.0375967367535574
BAC,2026-08-24,2026-08-24,Start of Week,monthly,2026-09-25,20-45_day,24,4,put,-2,60.0,0.71,0.59,0.7,4.0,129.0,0.2236405761718749,-0.2461495224385366,0.0762103704730916,-0.01873642613983,0.0582755908108748,-0.0140246964667953
BAC,2026-08-24,2026-08-24,Start of Week,monthly,2026-09-25,20-45_day,24,4,call,-1,61.0,1.97,2.24,2.52,8.0,60.0,0.2292557543945312,0.6656660337182105,0.0858727176536648,-0.0280745141115765,0.0673127700135047,0.0341482510260594
BAC,2026-08-24,2026-08-24,Start of Week,monthly,2026-09-25,20-45_day,24,4,put,-1,61.0,0.97,0.89,1.04,7.0,96.0,0.2251054052734374,-0.3319164325029816,0.0872054849439233,-0.0214032571506687,0.0671199670926973,-0.019000576292003
BAC,2026-08-24,2026-08-24,Start of Week,monthly,2026-09-25,20-45_day,24,4,call,0,62.0,1.77,1.7,1.86,57.0,80.0,0.2177812597656249,0.5772541512454195,0.0972035688121476,-0.02809939515461,0.0723810244835528,0.0299001099978072
BAC,2026-08-24,2026-08-24,Start of Week,monthly,2026-09-25,20-45_day,24,4,put,0,62.0,1.36,1.27,1.44,12.0,131.0,0.2219316088867187,-0.4236960713229066,0.0954306042801952,-0.0222849703258896,0.0724150517401379,-0.0243577686901427
BAC,2026-08-24,2026-08-24,Start of Week,monthly,2026-09-25,20-45_day,24,4,call,1,63.0,1.3,1.19,1.34,38.0,225.0,0.2126543579101562,0.4776402458908945,0.1012959138522257,-0.027364038693398,0.0736526239824354,0.0249183042408362
BAC,2026-08-24,2026-08-24,Start of Week,monthly,2026-09-25,20-45_day,24,4,put,1,63.0,2.34,1.73,1.9,5.0,83.0,0.2141191870117187,-0.5220347708812081,0.100607499091285,-0.0211467889074587,0.0736559692864114,-0.0301267347935142
BAC,2026-08-24,2026-08-24,Start of Week,monthly,2026-09-25,20-45_day,24,4,call,2,64.0,0.79,0.83,0.95,6.0,119.0,0.2119219433593749,0.3792454199976575,0.0971058558381918,-0.0256067865565288,0.0703628396390369,0.0198884144367158
BAC,2026-08-24,2026-08-24,Start of Week,monthly,2026-09-25,20-45_day,24,4,put,2,64.0,2.53,2.29,2.55,8.0,25.0,0.2192460888671875,-0.6160258429787204,0.0942133235844711,-0.0200377376997525,0.0706262568301326,-0.035825187330045
FIG,2026-08-24,2026-08-24,Start of Week,weekly,2026-08-28,5-9_day,4,4,call,-2,26.5,1.1,1.26,1.66,2.0,344.0,0.6972686523437501,0.7067280522061856,0.171493322960845,-0.0881391901595338,0.0099019269837567,0.0019772680696767
FIG,2026-08-24,2026-08-24,Start of Week,weekly,2026-08-28,5-9_day,4,4,put,-2,26.5,0.62,0.46,0.56,21.0,145.0,0.7304714453125,-0.3006514374951745,0.1655700467114729,-0.0905640035714541,0.0100151481551516,-0.0009515144232546
FIG,2026-08-24,2026-08-24,Start of Week,weekly,2026-08-28,5-9_day,4,4,call,-1,27.0,1.21,1.09,1.23,51.0,1243.0,0.70312796875,0.6125548988660668,0.1892690900131397,-0.0984605770197401,0.0110201227187708,0.0017275741571664
FIG,2026-08-24,2026-08-24,Start of Week,weekly,2026-08-28,5-9_day,4,4,put,-1,27.0,0.8,0.67,0.77,42.0,642.0,0.7421900781249999,-0.3916910680520393,0.1798652319740114,-0.1013975960618135,0.0110543886548554,-0.0012476419734821
FIG,2026-08-24,2026-08-24,Start of Week,weekly,2026-08-28,5-9_day,4,4,call,0,27.5,0.91,0.86,0.99,1101.0,240.0,0.7246121289062499,0.5150867759306932,0.1911866617027836,-0.1052642702815978,0.0114719052799732,0.001460542866528
FIG,2026-08-24,2026-08-24,Start of Week,weekly,2026-08-28,5-9_day,4,4,put,0,27.5,1.0,0.88,1.02,24.0,104.0,0.73633076171875,-0.484668051222216,0.1881395321396037,-0.1041452223945207,0.0114716362412797,-0.0015526643994638
FIG,2026-08-24,2026-08-24,Start of Week,weekly,2026-08-28,5-9_day,4,4,call,1,28.0,0.65,0.68,0.76,325.0,2380.0,0.73633076171875,0.4225732694899063,0.1847214112307204,-0.104786151638658,0.0112632194388699,0.0012043789501733
FIG,2026-08-24,2026-08-24,Start of Week,weekly,2026-08-28,5-9_day,4,4,put,1,28.0,1.5,1.2,1.32,11.0,11.0,0.7597680273437502,-0.5741202984433268,0.1793121326614986,-0.1054179542311924,0.0112814014181917,-0.0018558007067403
FIG,2026-08-24,2026-08-24,Start of Week,weekly,2026-08-28,5-9_day,4,4,call,2,28.5,0.55,0.48,0.74,45.0,354.0,0.7949239257812499,0.3491176212447981,0.1617737279571413,-0.1067376320274617,0.0106489288540052,0.0009954515355334
FIG,2026-08-24,2026-08-24,Start of Week,weekly,2026-08-28,5-9_day,4,4,put,2,28.5,1.78,1.42,1.92,1.0,6.0,0.8339860351562498,-0.6426499825659548,0.1554884850298687,-0.1099881016886604,0.0107381477164083,-0.0021063439448666
FIG,2026-08-24,2026-08-24,Start of Week,monthly,2026-09-25,20-45_day,24,4,call,-2,26.5,2.77,2.15,3.35,2.0,13.0,0.6870148486328126,0.6170593196344728,0.0682510641403095,-0.0347889615480787,0.0310626069230257,0.0124490059612935
FIG,2026-08-24,2026-08-24,Start of Week,monthly,2026-09-25,20-45_day,24,4,put,-2,26.5,2.35,1.47,2.42,0.0,7.0,0.745119736328125,-0.3854950003153735,0.0630528097352316,-0.0349678644225283,0.0311238175894646,-0.0109283263189472
FIG,2026-08-24,2026-08-24,Start of Week,monthly,2026-09-25,20-45_day,24,4,call,-1,27.0,2.62,2.3,2.82,1.0,115.0,0.7075224560546876,0.5815632139347868,0.0678239792986395,-0.0365084961749369,0.0317896572441286,0.0117632799292524
FIG,2026-08-24,2026-08-24,Start of Week,monthly,2026-09-25,20-45_day,24,4,put,-1,27.0,2.35,1.84,2.49,2.0,11.0,0.73633076171875,-0.4183166292766146,0.0651662935641986,-0.0351904685103368,0.0317876421381224,-0.0119084148681496
FIG,2026-08-24,2026-08-24,Start of Week,monthly,2026-09-25,20-45_day,24,4,call,0,27.5,2.4,2.0,2.63,2.0,41.0,0.7050810742187501,0.5469626965664145,0.0690345859540374,-0.0368177815107727,0.0322454269890189,0.011146510283509
FIG,2026-08-24,2026-08-24,Start of Week,monthly,2026-09-25,20-45_day,24,4,call,1,28.0,1.56,1.95,2.34,30.0,69.0,0.7202176416015625,0.5141403692578158,0.0680130442417073,-0.0377368009900554,0.0324502703624256,0.0105076142129055
FIG,2026-08-24,2026-08-24,Start of Week,monthly,2026-09-25,20-45_day,24,4,put,1,28.0,2.59,2.3,2.95,1.0,8.0,0.710940390625,-0.4867775476150953,0.0689060058199553,-0.0344306820558008,0.0324528330201078,-0.0139562786424283
FIG,2026-08-24,2026-08-24,Start of Week,monthly,2026-09-25,20-45_day,24,4,call,2,28.5,1.65,1.42,2.13,1.0,12.0,0.6694368994140626,0.4733866677547649,0.0730552550574484,-0.0350315066130715,0.0323983922086835,0.0098503231152082
RKLB,2026-08-24,2026-08-24,Start of Week,weekly,2026-08-28,5-9_day,4,4,call,-2,67.0,4.09,3.55,3.95,10.0,38.0,0.7602563037109377,0.6814358348964747,0.0647023653344185,-0.2505796604780217,0.0259001214134924,0.0047891497588474
RKLB,2026-08-24,2026-08-24,Start of Week,weekly,2026-08-28,5-9_day,4,4,put,-2,67.0,1.31,1.22,1.28,181.0,459.0,0.6972686523437501,-0.3059235809089994,0.0693242274898111,-0.2195665425048457,0.0254511137563566,-0.0024365794003939
RKLB,2026-08-24,2026-08-24,Start of Week,weekly,2026-08-28,5-9_day,4,4,call,-1,68.0,3.05,3.1,3.25,9.0,112.0,0.7680687255859376,0.6115946753292447,0.0687621277750127,-0.2709950844425291,0.0278080798224837,0.0043238664158631
RKLB,2026-08-24,2026-08-24,Start of Week,weekly,2026-08-28,5-9_day,4,4,put,-1,68.0,1.61,1.6,1.66,211.0,997.0,0.694338994140625,-0.3800112707133342,0.0755731932327457,-0.2369753718877975,0.0276287312296686,-0.0030389940314059
RKLB,2026-08-24,2026-08-24,Start of Week,weekly,2026-08-28,5-9_day,4,4,call,0,69.0,2.55,2.55,2.73,562.0,196.0,0.7680687255859376,0.5405868018900721,0.0712104724658479,-0.2800559139677926,0.0287982144619828,0.0038441318598418
RKLB,2026-08-24,2026-08-24,Start of Week,weekly,2026-08-28,5-9_day,4,4,put,0,69.0,2.08,2.02,2.07,608.0,733.0,0.6811555322265627,-0.4580939316954676,0.0802690475425934,-0.2417032022465188,0.0287882993915483,-0.0036769890907355
RKLB,2026-08-24,2026-08-24,Start of Week,weekly,2026-08-28,5-9_day,4,4,call,1,70.0,2.09,2.08,2.22,911.0,434.0,0.7617211328125001,0.4687747725003487,0.0719565353021319,-0.2778974468361161,0.0288594374456796,0.0033524422228689
RKLB,2026-08-24,2026-08-24,Start of Week,weekly,2026-08-28,5-9_day,4,4,put,1,70.0,2.55,2.5,2.58,402.0,2106.0,0.6704134521484376,-0.5395223894486219,0.0816052980686265,-0.2373612322725936,0.0288059822039237,-0.0043498435888443
RKLB,2026-08-24,2026-08-24,Start of Week,weekly,2026-08-28,5-9_day,4,4,call,2,71.0,1.65,1.66,1.75,275.0,136.0,0.7500025,0.3968631944737817,0.0708419316474816,-0.2649184008112119,0.0279752977939405,0.0028538752736622
RKLB,2026-08-24,2026-08-24,Start of Week,weekly,2026-08-28,5-9_day,4,4,put,2,71.0,3.27,3.05,3.3,227.0,949.0,0.6816438085937502,-0.6160839347519385,0.0772177937143555,-0.2314945540662393,0.0277138266200023,-0.0050012657790445
RKLB,2026-08-24,2026-08-24,Start of Week,monthly,2026-09-25,20-45_day,24,4,call,-2,67.0,10.75,6.75,8.35,2.0,6.0,0.7753928710937501,0.6090821894105944,0.0241256858198041,-0.0989923551718925,0.0787976147398983,0.0303797272498866
RKLB,2026-08-24,2026-08-24,Start of Week,monthly,2026-09-25,20-45_day,24,4,put,-2,67.0,4.5,4.4,4.85,15.0,66.0,0.6994658959960938,-0.3884785985206408,0.0266969336157498,-0.0827753925569349,0.0786573889020783,-0.0274967645589893
RKLB,2026-08-24,2026-08-24,Start of Week,monthly,2026-09-25,20-45_day,24,4,call,-1,68.0,8.88,6.3,8.0,1.0,4.0,0.7875997802734375,0.5842169035569388,0.0241282196227468,-0.1018982560047923,0.0800465213585081,0.0292251706826372
RKLB,2026-08-24,2026-08-24,Start of Week,monthly,2026-09-25,20-45_day,24,4,put,-1,68.0,5.07,4.75,5.6,2.0,103.0,0.7067900415039063,-0.4161642260721271,0.0268924575113197,-0.0849777310962663,0.0800631204215442,-0.0296534913681409
RKLB,2026-08-24,2026-08-24,Start of Week,monthly,2026-09-25,20-45_day,24,4,call,0,69.0,6.63,5.9,7.05,10.0,47.0,0.7629418237304688,0.5586407510805526,0.0252021156727434,-0.0998294248710906,0.0809916083396855,0.0282648331609172
RKLB,2026-08-24,2026-08-24,Start of Week,monthly,2026-09-25,20-45_day,24,4,put,0,69.0,5.62,5.4,5.9,7.0,41.0,0.70117486328125,-0.4437670685194326,0.027446359880964,-0.0851287236826629,0.0810630036384127,-0.0317392579974924
RKLB,2026-08-24,2026-08-24,Start of Week,monthly,2026-09-25,20-45_day,24,4,call,1,70.0,6.07,5.65,6.6,14.0,140.0,0.7751487329101563,0.5343045925883967,0.0249838664367138,-0.1019451254250798,0.0815748512545282,0.0270971943539607
RKLB,2026-08-24,2026-08-24,Start of Week,monthly,2026-09-25,20-45_day,24,4,put,1,70.0,6.17,5.95,6.5,17.0,430.0,0.7045927978515626,-0.4709908727030381,0.0275147692631381,-0.0859706247037206,0.0816611843759454,-0.0338901498096076
RKLB,2026-08-24,2026-08-24,Start of Week,monthly,2026-09-25,20-45_day,24,4,call,2,71.0,8.4,5.2,6.2,2.0,47.0,0.7751487329101563,0.5096904779488203,0.0250692347489577,-0.1021528446806501,0.0818535874297632,0.0259778613596036
RKLB,2026-08-24,2026-08-24,Start of Week,monthly,2026-09-25,20-45_day,24,4,put,2,71.0,6.95,6.45,7.15,5.0,106.0,0.7048369360351563,-0.4980615800396751,0.0275778550593742,-0.0859905898747615,0.0818767770437548,-0.0360328454281656
SPCX,2026-08-24,2026-08-24,Start of Week,weekly,2026-08-28,5-9_day,4,4,call,-2,134.0,5.26,5.2,5.3,3613.0,1063.0,0.6162147753906251,0.6261654823013953,0.0430310683899973,-0.4250636529599609,0.0541198191850138,0.0088292486275417
SPCX,2026-08-24,2026-08-24,Start of Week,weekly,2026-08-28,5-9_day,4,4,put,-2,134.0,2.87,2.84,2.88,3823.0,1711.0,0.6293982373046876,-0.3758716870967497,0.0422020120729594,-0.421051432476725,0.054212667891563,-0.0058880016891103
SPCX,2026-08-24,2026-08-24,Start of Week,weekly,2026-08-28,5-9_day,4,4,call,-1,135.0,4.79,4.7,4.8,13472.0,4401.0,0.6269568554687501,0.5808372450889888,0.0436225839366764,-0.445079723996171,0.0558201684780995,0.0082081956534053
SPCX,2026-08-24,2026-08-24,Start of Week,weekly,2026-08-28,5-9_day,4,4,put,-1,135.0,3.45,3.35,3.4,6120.0,6808.0,0.6420934228515626,-0.4204306823917283,0.0426222127429365,-0.4421819505424155,0.0558568337773826,-0.0066085313568844
SPCX,2026-08-24,2026-08-24,Start of Week,weekly,2026-08-28,5-9_day,4,4,call,0,136.0,4.27,4.25,4.35,4239.0,2875.0,0.6384313500976562,0.5363072345022639,0.0435583364953274,-0.4600002210556185,0.0567580662844601,0.0075934391132461
SPCX,2026-08-24,2026-08-24,Start of Week,weekly,2026-08-28,5-9_day,4,4,put,0,136.0,3.86,3.8,3.85,2217.0,1747.0,0.637698935546875,-0.4636816596824992,0.0436082533152288,-0.4456509032291271,0.0567579216665631,-0.0073039855056915
SPCX,2026-08-24,2026-08-24,Start of Week,weekly,2026-08-28,5-9_day,4,4,call,1,137.0,3.8,3.75,3.85,5024.0,2596.0,0.6359899682617188,0.4924972724199392,0.0438997390948595,-0.4595085208554392,0.0569841802374625,0.0069931952534533
SPCX,2026-08-24,2026-08-24,Start of Week,weekly,2026-08-28,5-9_day,4,4,put,1,137.0,4.44,4.4,4.5,5268.0,1847.0,0.6547886083984377,-0.506513647033717,0.0426412579294703,-0.4589911898780304,0.0569866626319329,-0.0080113428806669
SPCX,2026-08-24,2026-08-24,Start of Week,weekly,2026-08-28,5-9_day,4,4,call,2,138.0,3.4,3.35,3.4,5799.0,1651.0,0.6391637646484375,0.4494399937290244,0.0433381422304217,-0.4576335141691086,0.0565359295404071,0.0063959542555841
SPCX,2026-08-24,2026-08-24,Start of Week,weekly,2026-08-28,5-9_day,4,4,put,2,138.0,4.95,4.9,5.0,1618.0,1324.0,0.6462437719726561,-0.5497172522092348,0.0428748481492259,-0.4487346525590435,0.0565511011799505,-0.00871296418949
SPCX,2026-08-24,2026-08-24,Start of Week,monthly,2026-09-25,20-45_day,24,4,call,-2,134.0,10.05,9.65,10.85,8.0,98.0,0.5529829858398438,0.5844555258590072,0.0174522831599827,-0.1432152927391171,0.1575781898544793,0.0608635786707861
SPCX,2026-08-24,2026-08-24,Start of Week,monthly,2026-09-25,20-45_day,24,4,put,-2,134.0,8.56,8.15,8.3,25.0,92.0,0.5808147387695313,-0.4163939860604558,0.0166236779414198,-0.1364906191211128,0.1576510372283619,-0.0567203029888164
SPCX,2026-08-24,2026-08-24,Start of Week,monthly,2026-09-25,20-45_day,24,4,call,-1,135.0,10.35,9.95,10.6,45.0,567.0,0.5855754333496093,0.5666821423074385,0.0166240666734177,-0.1522447819176939,0.1589469533626145,0.0587291847961281
SPCX,2026-08-24,2026-08-24,Start of Week,monthly,2026-09-25,20-45_day,24,4,put,-1,135.0,8.95,8.7,8.85,72.0,1671.0,0.5837443969726561,-0.4333242496659429,0.0166762570403699,-0.1381049206241016,0.1589473870900889,-0.0592175782094019
SPCX,2026-08-24,2026-08-24,Start of Week,monthly,2026-09-25,20-45_day,24,4,call,0,136.0,9.09,9.35,10.15,12.0,78.0,0.582889913330078,0.5497972393376649,0.0168056942467034,-0.1523078679524847,0.1599466268208673,0.0571742523151731
SPCX,2026-08-24,2026-08-24,Start of Week,monthly,2026-09-25,20-45_day,24,4,put,0,136.0,9.7,9.15,9.3,408.0,66.0,0.5794719787597657,-0.4503123433077568,0.0169054053345707,-0.1376729434814869,0.1599521622960097,-0.061636306107352
SPCX,2026-08-24,2026-08-24,Start of Week,monthly,2026-09-25,20-45_day,24,4,call,1,137.0,9.35,9.25,9.75,20.0,93.0,0.5959513061523438,0.5337555535493619,0.0165072566322683,-0.1560092812763964,0.1606267109021823,0.0554839992751179
SPCX,2026-08-24,2026-08-24,Start of Week,monthly,2026-09-25,20-45_day,24,4,put,1,137.0,9.9,9.75,9.9,23.0,46.0,0.5835002587890624,-0.467007071888882,0.0168622065198727,-0.1390264443637682,0.1606525207973829,-0.0641511310492081
SPCX,2026-08-24,2026-08-24,Start of Week,monthly,2026-09-25,20-45_day,24,4,call,2,138.0,9.0,8.95,9.25,48.0,83.0,0.5988809643554689,0.5176079584986125,0.01646949287098,-0.1569551069092604,0.1610470682153661,0.0539084950005036
SPCX,2026-08-24,2026-08-24,Start of Week,monthly,2026-09-25,20-45_day,24,4,put,2,138.0,11.25,10.25,10.4,23.0,90.0,0.5803264624023439,-0.4840541872824999,0.0169990458082556,-0.1383265005339924,0.1610753212313696,-0.0666214776458806
SPY,2026-08-25,2026-08-24,Start of Week,aligned,2026-08-26,0-1_day,1,1,call,-2,764.0,2.57,0.0,0.0,9942.0,1828.0,1.0000000000000003e-05,1.0,0.0,-0.07754335969829594,0.0,0.020929382265878836
SPY,2026-08-25,2026-08-24,Start of Week,aligned,2026-08-26,0-1_day,1,1,put,-2,764.0,2.67,0.0,0.0,9780.0,3513.0,0.007822421875,-4.884981308350689e-15,1.2368512705764647e-13,-5.704942942264195e-15,1.556744388756667e-14,-1.0359318376144893e-16
SPY,2026-08-25,2026-08-24,Start of Week,aligned,2026-08-26,0-1_day,1,1,call,-1,765.0,2.04,0.0,0.0,12558.0,3721.0,1.0000000000000003e-05,1.0,0.0,-0.07764485624240366,0.0,0.020956776745284435
SPY,2026-08-25,2026-08-24,Start of Week,aligned,2026-08-26,0-1_day,1,1,put,-1,765.0,3.16,0.0,0.0,16384.0,38944.0,0.007822421875,-2.730255266758519e-06,4.132066878894832e-05,-1.8217257702782293e-06,5.200764296170184e-06,-5.732870551946973e-08
SPY,2026-08-25,2026-08-24,Start of Week,aligned,2026-08-26,0-1_day,1,1,call,0,766.0,1.6,0.0,0.0,5025.0,1799.0,1.0000000000000003e-05,1.0,0.0,-0.07774635278651139,0.0,0.020984171224690037
SPY,2026-08-25,2026-08-24,Start of Week,aligned,2026-08-26,0-1_day,1,1,put,0,766.0,3.7,0.0,0.0,2734.0,2010.0,0.00196310546875,-3.303257645193014e-08,2.3389608958917894e-06,-4.68204913071868e-09,7.387971119015951e-08,-6.935584819296273e-10
SPY,2026-08-25,2026-08-24,Start of Week,aligned,2026-08-26,0-1_day,1,1,call,1,767.0,1.25,0.0,0.0,5385.0,2281.0,0.0039162109375,0.00012768835928373768,0.0031697174920319463,-4.904173536046782e-05,0.0001997308855577986,2.6807885657476825e-06
SPY,2026-08-25,2026-08-24,Start of Week,aligned,2026-08-26,0-1_day,1,1,put,1,767.0,4.31,0.0,0.0,3927.0,1461.0,1.0000000000000003e-05,-1.0,0.0,0.07784784933061908,0.0,-0.02101156570409564
SPY,2026-08-25,2026-08-24,Start of Week,aligned,2026-08-26,0-1_day,1,1,call,2,768.0,0.93,0.0,0.0,3327.0,2342.0,0.007822421875,2.68241931855792e-07,4.444419919469972e-06,-2.3965415795705824e-07,5.593902788076169e-07,5.631530555022229e-09
SPY,2026-08-25,2026-08-24,Start of Week,aligned,2026-08-26,0-1_day,1,1,put,2,768.0,5.07,0.0,0.0,3878.0,1341.0,1.0000000000000003e-05,-1.0,0.0,0.07794934587472682,0.0,-0.021038960183501244
SPY,2026-08-25,2026-08-24,Start of Week,weekly,2026-08-28,5-9_day,3,1,call,-2,764.0,4.31,0.0,0.0,7962.0,3435.0,1.0000000000000003e-05,1.0,0.0,-0.07752761893221316,0.0,0.06277540123779285
SPY,2026-08-25,2026-08-24,Start of Week,weekly,2026-08-28,5-9_day,3,1,put,-2,764.0,4.2,0.0,0.0,8625.0,5537.0,0.007822421875,-9.885869176606832e-07,9.00510674348375e-06,-3.66389923347357e-07,3.4002429539986852e-06,-6.2277187015654e-08
SPY,2026-08-25,2026-08-24,Start of Week,weekly,2026-08-28,5-9_day,3,1,call,-1,765.0,3.76,0.0,0.0,13372.0,7212.0,1.0000000000000003e-05,1.0,0.0,-0.0776290948732239,0.0,0.06285756799333969
SPY,2026-08-25,2026-08-24,Start of Week,weekly,2026-08-28,5-9_day,3,1,put,-1,765.0,4.63,0.0,0.0,5266.0,7743.0,0.0039162109375,-3.038586715575775e-09,6.675714165214999e-08,-5.872960547748406e-10,1.26195439054197e-08,-1.9140395241882472e-10
SPY,2026-08-25,2026-08-24,Start of Week,weekly,2026-08-28,5-9_day,3,1,call,0,766.0,3.25,0.0,0.0,3166.0,3803.0,1.0000000000000003e-05,1.0,0.0,-0.07773057081423465,0.0,0.06293973474888653
SPY,2026-08-25,2026-08-24,Start of Week,weekly,2026-08-28,5-9_day,3,1,put,0,766.0,5.3,0.0,0.0,1556.0,2617.0,0.00196310546875,-1.025161387613327e-05,0.00033623891573644944,-2.4497219711862017e-07,3.186188451777846e-05,-6.457477584311404e-07
SPY,2026-08-25,2026-08-24,Start of Week,weekly,2026-08-28,5-9_day,3,1,call,1,767.0,2.78,0.0,0.0,2134.0,5395.0,0.00196310546875,0.0010663532609727778,0.026185847057921947,-0.00016413324953245572,0.0024813619004579535,6.716356218210399e-05
SPY,2026-08-25,2026-08-24,Start of Week,weekly,2026-08-28,5-9_day,3,1,put,1,767.0,5.75,0.0,0.0,1006.0,2939.0,1.0000000000000003e-05,-1.0,0.0,0.07783204675524541,0.0,-0.06302190150443339
SPY,2026-08-25,2026-08-24,Start of Week,weekly,2026-08-28,5-9_day,3,1,call,2,768.0,2.37,0.0,0.0,1788.0,7894.0,0.007822421875,0.004558583698244675,0.02450114393608478,-0.0015606704108315453,0.009251399723147572,0.0002870698180729823
SPY,2026-08-25,2026-08-24,Start of Week,weekly,2026-08-28,5-9_day,3,1,put,2,768.0,6.29,0.0,0.0,585.0,3000.0,1.0000000000000003e-05,-1.0,0.0,0.07793352269625616,0.0,-0.06310406825998023
SPY,2026-08-25,2026-08-24,Start of Week,monthly,2026-09-25,20-45_day,23,1,call,-2,764.0,12.01,0.0,0.0,185.0,101.0,1.0000000000000003e-05,1.0,0.0,-0.07730758341511897,0.0,0.6468380931763882
SPY,2026-08-25,2026-08-24,Start of Week,monthly,2026-09-25,20-45_day,23,1,put,-2,764.0,11.22,0.0,0.0,627.0,812.0,0.00196310546875,0.0,2.162172436319266e-26,2.9062092830338986e-31,2.1171627700121323e-26,-5.63324209926583e-28
SPY,2026-08-25,2026-08-24,Start of Week,monthly,2026-09-25,20-45_day,23,1,call,-1,765.0,11.36,0.0,0.0,742.0,1438.0,1.0000000000000003e-05,1.0,0.0,-0.07740877135152618,0.0,0.6476847398952055
SPY,2026-08-25,2026-08-24,Start of Week,monthly,2026-09-25,20-45_day,23,1,put,-1,765.0,11.82,0.0,0.0,544.0,1783.0,0.00196310546875,0.0,9.686263747481716e-17,7.985986737746458e-20,9.484626037318687e-17,-3.180922200496892e-18
SPY,2026-08-25,2026-08-24,Start of Week,monthly,2026-09-25,20-45_day,23,1,call,0,766.0,11.0,0.0,0.0,472.0,729.0,1.0000000000000003e-05,1.0,0.0,-0.0775099592879334,0.0,0.6485313866140227
SPY,2026-08-25,2026-08-24,Start of Week,monthly,2026-09-25,20-45_day,23,1,put,0,766.0,11.93,0.0,0.0,285.0,526.0,0.0004982763671875,0.0,1.19409402602022e-133,1.7774692244453341e-137,2.967762233885845e-134,-3.4828566219665055e-136
SPY,2026-08-25,2026-08-24,Start of Week,monthly,2026-09-25,20-45_day,23,1,call,1,767.0,10.19,0.0,0.0,688.0,1301.0,0.000986552734375,0.9999999999999993,2.5949460581091186e-14,-0.0776111472243406,1.2769354031452078e-14,0.6493780333328395
SPY,2026-08-25,2026-08-24,Start of Week,monthly,2026-09-25,20-45_day,23,1,put,1,767.0,12.6,0.0,0.0,68.0,215.0,1.0000000000000003e-05,0.0,0.0,0.0,0.0,-0.0
SPY,2026-08-25,2026-08-24,Start of Week,monthly,2026-09-25,20-45_day,23,1,call,2,768.0,9.7,0.0,0.0,1503.0,1979.0,0.00196310546875,0.9586640299042328,0.20186040766492386,-0.07512192896549501,0.19765830544726407,0.6233140730005576
SPY,2026-08-25,2026-08-24,Start of Week,monthly,2026-09-25,20-45_day,23,1,put,2,768.0,13.25,0.0,0.0,117.0,2209.0,1.0000000000000003e-05,0.0,0.0,0.0,0.0,-0.0
QQQ,2026-08-25,2026-08-24,Start of Week,aligned,2026-08-26,0-1_day,1,1,call,-2,710.0,2.23,0.0,0.0,8853.0,2850.0,1.0000000000000003e-05,1.0,0.0,-0.07206254631647921,0.0,0.019450080377976405
QQQ,2026-08-25,2026-08-24,Start of Week,aligned,2026-08-26,0-1_day,1,1,put,-2,710.0,5.5,0.0,0.0,1993.0,2006.0,0.015634843750000002,-1.561572992003768e-05,0.00011739237621467462,-1.881833015934929e-05,2.5516957508357457e-05,-3.0481836567730475e-07
QQQ,2026-08-25,2026-08-24,Start of Week,aligned,2026-08-26,0-1_day,1,1,call,-1,711.0,2.0,0.0,0.0,2867.0,2731.0,1.0000000000000003e-05,1.0,0.0,-0.07216404286058693,0.0,0.019477474857382007
QQQ,2026-08-25,2026-08-24,Start of Week,aligned,2026-08-26,0-1_day,1,1,put,-1,711.0,6.12,0.0,0.0,1103.0,940.0,0.007822421875,-5.167046707166278e-07,8.991500194867617e-06,-3.45089706759559e-07,9.778423532586498e-07,-1.0085037714295624e-08
QQQ,2026-08-25,2026-08-24,Start of Week,aligned,2026-08-26,0-1_day,1,1,call,0,712.0,1.57,0.0,0.0,3426.0,1556.0,1.0000000000000003e-05,1.0,0.0,-0.07226553940469464,0.0,0.019504869336787606
QQQ,2026-08-25,2026-08-24,Start of Week,aligned,2026-08-26,0-1_day,1,1,put,0,712.0,6.88,0.0,0.0,499.0,838.0,0.00196310546875,-3.580978624739828e-09,2.9113086446717806e-07,-5.209640443892114e-10,7.945611644348781e-09,-6.98892427860063e-11
QQQ,2026-08-25,2026-08-24,Start of Week,aligned,2026-08-26,0-1_day,1,1,call,1,713.0,1.29,0.0,0.0,1746.0,1393.0,0.0039162109375,3.974734373080144e-05,0.0011361996884487035,-1.4986952870785326e-05,6.18608941873817e-05,7.756916083557846e-07
QQQ,2026-08-25,2026-08-24,Start of Week,aligned,2026-08-26,0-1_day,1,1,put,1,713.0,7.47,0.0,0.0,390.0,621.0,1.0000000000000003e-05,-1.0,0.0,0.07236703594880237,0.0,-0.019532263816193208
QQQ,2026-08-25,2026-08-24,Start of Week,aligned,2026-08-26,0-1_day,1,1,call,2,714.0,1.04,0.0,0.0,2094.0,1328.0,0.007822421875,3.3625923165516384e-08,6.424613639819577e-07,-2.9758455090533115e-08,6.986886708766053e-08,6.562125306879849e-10
QQQ,2026-08-25,2026-08-24,Start of Week,aligned,2026-08-26,0-1_day,1,1,put,2,714.0,8.35,0.0,0.0,993.0,855.0,1.0000000000000003e-05,-1.0,0.0,0.07246853249291009,0.0,-0.019559658295598806
QQQ,2026-08-25,2026-08-24,Start of Week,weekly,2026-08-28,5-9_day,3,1,call,-2,711.0,4.21,0.0,0.0,1482.0,1643.0,1.0000000000000003e-05,1.0,0.0,-0.07214939405864339,0.0,0.05842056319380983
QQQ,2026-08-25,2026-08-24,Start of Week,weekly,2026-08-28,5-9_day,3,1,put,-2,711.0,8.38,0.0,0.0,713.0,1038.0,0.0039162109375,-2.7270952163149786e-10,6.856848572942413e-09,-5.338050381201067e-11,1.1199724529290085e-09,-1.5967856484529853e-11
QQQ,2026-08-25,2026-08-24,Start of Week,weekly,2026-08-28,5-9_day,3,1,call,-1,712.0,3.78,0.0,0.0,3705.0,2923.0,1.0000000000000003e-05,1.0,0.0,-0.07225086999965415,0.0,0.05850272994935667
QQQ,2026-08-25,2026-08-24,Start of Week,weekly,2026-08-28,5-9_day,3,1,put,-1,712.0,8.77,0.0,0.0,1182.0,1661.0,0.00196310546875,-3.6986820796114372e-06,0.00013673666505794747,-9.884466198221928e-08,1.11955471304864e-05,-2.1656356827291277e-07
QQQ,2026-08-25,2026-08-24,Start of Week,weekly,2026-08-28,5-9_day,3,1,call,0,712.5,3.55,0.0,0.0,485.0,686.0,0.000986552734375,0.8575746121075816,3.534340367044708,-0.06439375907374141,0.14542711272101688,0.05020450884376929
QQQ,2026-08-25,2026-08-24,Start of Week,weekly,2026-08-28,5-9_day,3,1,put,0,712.5,9.25,0.0,0.0,205.0,497.0,1.0000000000000003e-05,0.0,0.0,0.0,0.0,-0.0
QQQ,2026-08-25,2026-08-24,Start of Week,weekly,2026-08-28,5-9_day,3,1,call,1,713.0,3.4,0.0,0.0,2075.0,1483.0,0.00196310546875,0.00033192617875822385,0.009585068649771999,-4.9677211373718346e-05,0.000784793806196701,1.9433194322401227e-05
QQQ,2026-08-25,2026-08-24,Start of Week,weekly,2026-08-28,5-9_day,3,1,put,1,713.0,9.34,0.0,0.0,531.0,1348.0,1.0000000000000003e-05,-1.0,0.0,0.07235234594066489,0.0,-0.05858489670490353
QQQ,2026-08-25,2026-08-24,Start of Week,weekly,2026-08-28,5-9_day,3,1,call,2,714.0,2.97,0.0,0.0,1471.0,2319.0,0.007822421875,0.0023256286734027014,0.014389659408027979,-0.0007801937970372628,0.004694706593956888,0.00013613566089996215
QQQ,2026-08-25,2026-08-24,Start of Week,weekly,2026-08-28,5-9_day,3,1,put,2,714.0,10.07,0.0,0.0,600.0,1852.0,1.0000000000000003e-05,-1.0,0.0,0.07245382188167565,0.0,-0.05866706346045038
QQQ,2026-08-25,2026-08-24,Start of Week,monthly,2026-09-25,20-45_day,23,1,call,-2,710.0,15.5,0.0,0.0,602.0,680.0,1.0000000000000003e-05,1.0,0.0,-0.07184343484912888,0.0,0.601119170360256
QQQ,2026-08-25,2026-08-24,Start of Week,monthly,2026-09-25,20-45_day,23,1,put,-2,710.0,17.06,0.0,0.0,368.0,401.0,0.0039162109375,-7.81719589060259e-09,5.597616940185913e-08,-3.140369778508782e-11,9.447706574400325e-08,-4.730389106623734e-09
QQQ,2026-08-25,2026-08-24,Start of Week,monthly,2026-09-25,20-45_day,23,1,call,-1,711.0,14.85,0.0,0.0,43.0,189.0,1.0000000000000003e-05,1.0,0.0,-0.0719446227855361,0.0,0.6019658170790732
QQQ,2026-08-25,2026-08-24,Start of Week,monthly,2026-09-25,20-45_day,23,1,put,-1,711.0,17.62,0.0,0.0,64.0,206.0,0.00196310546875,0.0,1.2638786973695597e-17,7.85362716584234e-21,1.0693162633599066e-17,-3.4900209743061633e-19
QQQ,2026-08-25,2026-08-24,Start of Week,monthly,2026-09-25,20-45_day,23,1,call,0,712.0,15.09,0.0,0.0,52.0,104.0,1.0000000000000003e-05,1.0,0.0,-0.07204581072194333,0.0,0.6028124637978906
QQQ,2026-08-25,2026-08-24,Start of Week,monthly,2026-09-25,20-45_day,23,1,put,0,712.0,16.8,0.0,0.0,55.0,181.0,0.0004982763671875,0.0,1.4297223302000797e-136,1.79215494429635e-140,3.0702881403856655e-137,-3.564086559591925e-139
QQQ,2026-08-25,2026-08-24,Start of Week,monthly,2026-09-25,20-45_day,23,1,call,1,713.0,13.8,0.0,0.0,58.0,438.0,0.000986552734375,0.9999999999999963,1.417096977320353e-13,-0.07214699865835038,6.025277057022375e-14,0.6036591105167056
QQQ,2026-08-25,2026-08-24,Start of Week,monthly,2026-09-25,20-45_day,23,1,put,1,713.0,17.26,0.0,0.0,50.0,235.0,1.0000000000000003e-05,0.0,0.0,0.0,0.0,-0.0
QQQ,2026-08-25,2026-08-24,Start of Week,monthly,2026-09-25,20-45_day,23,1,call,2,714.0,13.69,0.0,0.0,77.0,217.0,0.00196310546875,0.9277777967101416,0.3374602698408258,-0.06792859084961106,0.2855113829591702,0.5607994362374275
QQQ,2026-08-25,2026-08-24,Start of Week,monthly,2026-09-25,20-45_day,23,1,put,2,714.0,17.73,0.0,0.0,28.0,130.0,1.0000000000000003e-05,0.0,0.0,0.0,0.0,-0.0
TSLA,2026-08-25,2026-08-24,Start of Week,aligned,2026-08-26,2-4_day,1,1,call,-2,347.5,5.55,0.0,0.0,5557.0,601.0,1.0000000000000003e-05,1.0,0.0,-0.035270049077431725,0.0,0.0095195815934462
TSLA,2026-08-25,2026-08-24,Start of Week,aligned,2026-08-26,2-4_day,1,1,put,-2,347.5,3.8,0.0,0.0,12673.0,1337.0,0.0312596875,-9.590106486712102e-13,1.196813158378314e-11,-1.9450169012140026e-12,1.2663216919578837e-12,-9.23727874344981e-15
TSLA,2026-08-25,2026-08-24,Start of Week,aligned,2026-08-26,2-4_day,1,1,call,-1,350.0,4.1,0.0,0.0,24062.0,2762.0,1.0000000000000003e-05,1.0,0.0,-0.03552379043770102,0.0,0.009588067791960201
TSLA,2026-08-25,2026-08-24,Start of Week,aligned,2026-08-26,2-4_day,1,1,put,-1,350.0,5.05,0.0,0.0,28512.0,2712.0,0.015634843750000002,-5.321778329125948e-08,1.0160940067613795e-06,-4.013724471619507e-08,5.3772532906276454e-08,-5.125540686850186e-10
TSLA,2026-08-25,2026-08-24,Start of Week,aligned,2026-08-26,2-4_day,1,1,call,0,352.5,3.1,0.0,0.0,18859.0,1821.0,0.015634843750000002,0.0003600630771800213,0.004556490282342588,-0.0002013478602209629,0.00024113322390842035,3.4666252492171445e-06
TSLA,2026-08-25,2026-08-24,Start of Week,aligned,2026-08-26,2-4_day,1,1,put,0,352.5,6.35,0.0,0.0,21121.0,1818.0,1.0000000000000003e-05,-1.0,0.0,0.035777531797970316,0.0,-0.009656553990474201
TSLA,2026-08-25,2026-08-24,Start of Week,aligned,2026-08-26,2-4_day,1,1,call,1,355.0,2.28,0.0,0.0,33536.0,3152.0,0.0312596875,9.272409137379491e-10,9.945060243092472e-09,-1.6777478242995545e-09,1.0522649609501598e-09,8.926891405003324e-12
TSLA,2026-08-25,2026-08-24,Start of Week,aligned,2026-08-26,2-4_day,1,1,put,1,355.0,8.17,0.0,0.0,19880.0,2357.0,1.0000000000000003e-05,-1.0,0.0,0.036031273158239605,0.0,-0.009725040188988203
TSLA,2026-08-25,2026-08-24,Start of Week,aligned,2026-08-26,2-4_day,1,1,call,2,357.5,1.69,0.0,0.0,15200.0,2050.0,0.062509375,1.3087410827813638e-07,6.066493328940017e-07,-4.058390852472818e-07,1.283559306239983e-07,1.2595506885028898e-09
TSLA,2026-08-25,2026-08-24,Start of Week,aligned,2026-08-26,2-4_day,1,1,put,2,357.5,10.05,0.0,0.0,14941.0,1003.0,1.0000000000000003e-05,-1.0,0.0,0.0362850145185089,0.0,-0.009793526387502204
TSLA,2026-08-25,2026-08-24,Start of Week,weekly,2026-08-28,5-9_day,3,1,call,-2,347.5,7.4,0.0,0.0,2044.0,4293.0,1.0000000000000003e-05,1.0,0.0,-0.03526288950123569,0.0,0.028552947552530118
TSLA,2026-08-25,2026-08-24,Start of Week,weekly,2026-08-28,5-9_day,3,1,put,-2,347.5,5.76,0.0,0.0,4237.0,1825.0,0.0312596875,-1.7570173620695684e-05,7.684561128294395e-05,-1.208114538977024e-05,2.4392595573868658e-05,-5.079108278247408e-07
TSLA,2026-08-25,2026-08-24,Start of Week,weekly,2026-08-28,5-9_day,3,1,call,-1,350.0,6.2,0.0,0.0,9514.0,6608.0,1.0000000000000003e-05,1.0,0.0,-0.035516579353762574,0.0,0.028758364441397243
TSLA,2026-08-25,2026-08-24,Start of Week,weekly,2026-08-28,5-9_day,3,1,put,-1,350.0,6.95,0.0,0.0,12188.0,4477.0,0.015634843750000002,-0.0006578511622230554,0.004596745673821523,-0.00016668921649135355,0.0007297907172836996,-1.9012292502838215e-05
TSLA,2026-08-25,2026-08-24,Start of Week,weekly,2026-08-28,5-9_day,3,1,call,0,352.5,5.2,0.0,0.0,5506.0,3196.0,0.007822421875,0.0001494096026428038,0.002314395459392274,-2.929732588587408e-05,0.00018383708141540934,4.315632289305303e-06
TSLA,2026-08-25,2026-08-24,Start of Week,weekly,2026-08-28,5-9_day,3,1,put,0,352.5,8.25,0.0,0.0,4819.0,1692.0,1.0000000000000003e-05,-1.0,0.0,0.03577026920628945,0.0,-0.02896378133026437
TSLA,2026-08-25,2026-08-24,Start of Week,weekly,2026-08-28,5-9_day,3,1,call,1,355.0,4.25,0.0,0.0,13412.0,5492.0,0.0312596875,0.00034023032665115145,0.0012482813297183288,-0.0002185658070685376,0.0003962337097705978,9.821949996015901e-06
TSLA,2026-08-25,2026-08-24,Start of Week,weekly,2026-08-28,5-9_day,3,1,put,1,355.0,10.05,0.0,0.0,7867.0,1855.0,1.0000000000000003e-05,-1.0,0.0,0.03602395905881632,0.0,-0.02916919821913149
TSLA,2026-08-25,2026-08-24,Start of Week,weekly,2026-08-28,5-9_day,3,1,call,2,357.5,3.45,0.0,0.0,8188.0,1669.0,0.0312596875,2.1328440940792454e-09,1.2922102273452973e-08,-2.2130669676974775e-09,4.101777700224596e-09,6.158878613139177e-11
TSLA,2026-08-25,2026-08-24,Start of Week,weekly,2026-08-28,5-9_day,3,1,put,2,357.5,11.69,0.0,0.0,3665.0,874.0,1.0000000000000003e-05,-1.0,0.0,0.0362776489113432,0.0,-0.029374615107998613
TSLA,2026-08-25,2026-08-24,Start of Week,monthly,2026-09-25,20-45_day,23,1,call,-2,340.0,22.45,0.0,0.0,55.0,519.0,1.0000000000000003e-05,1.0,0.0,-0.03440389837845608,0.0,0.287859884397869
TSLA,2026-08-25,2026-08-24,Start of Week,monthly,2026-09-25,20-45_day,23,1,put,-2,340.0,11.79,0.0,0.0,195.0,420.0,0.0312596875,-3.1910546086866276e-05,4.209366473258894e-05,-5.820409013185093e-06,0.0001380689819061083,-9.545744321443892e-06
TSLA,2026-08-25,2026-08-24,Start of Week,monthly,2026-09-25,20-45_day,23,1,call,-1,345.0,19.58,0.0,0.0,42.0,456.0,1.0000000000000003e-05,1.0,0.0,-0.0349098380604922,0.0,0.29209311799195536
TSLA,2026-08-25,2026-08-24,Start of Week,monthly,2026-09-25,20-45_day,23,1,put,-1,345.0,14.0,0.0,0.0,719.0,811.0,0.015634843750000002,-8.631687637983276e-07,2.682358250950659e-06,-8.014642991892091e-08,4.400530942050638e-06,-2.579059047207053e-07
TSLA,2026-08-25,2026-08-24,Start of Week,monthly,2026-09-25,20-45_day,23,1,call,0,350.0,17.0,0.0,0.0,611.0,756.0,1.0000000000000003e-05,1.0,0.0,-0.035415777742528326,0.0,0.2963263515860417
TSLA,2026-08-25,2026-08-24,Start of Week,monthly,2026-09-25,20-45_day,23,1,put,0,350.0,16.45,0.0,0.0,496.0,450.0,0.0039162109375,-4.5912718071861036e-11,7.585297386239365e-10,-3.3044942585215773e-13,3.116975875198885e-10,-1.3708432905895034e-11
TSLA,2026-08-25,2026-08-24,Start of Week,monthly,2026-09-25,20-45_day,23,1,call,1,355.0,15.3,0.0,0.0,3413.0,924.0,0.007822421875,0.001454149685060054,0.005919725896113019,-0.00011315219301592058,0.004858895792164855,0.0004338195357469772
TSLA,2026-08-25,2026-08-24,Start of Week,monthly,2026-09-25,20-45_day,23,1,put,1,355.0,19.0,0.0,0.0,276.0,166.0,1.0000000000000003e-05,-1.0,0.0,0.03592171742456444,0.0,-0.300559585180128
TSLA,2026-08-25,2026-08-24,Start of Week,monthly,2026-09-25,20-45_day,23,1,call,2,360.0,12.58,0.0,0.0,2466.0,965.0,0.015634843750000002,2.589333580445603e-06,7.695045220262696e-06,-4.106463164625337e-07,1.2624072336438903e-05,7.722715103406745e-07
TSLA,2026-08-25,2026-08-24,Start of Week,monthly,2026-09-25,20-45_day,23,1,put,2,360.0,22.2,0.0,0.0,165.0,112.0,1.0000000000000003e-05,-1.0,0.0,0.03642765710660056,0.0,-0.30479281877421427
NVDA,2026-08-25,2026-08-24,Start of Week,aligned+weekly,2026-08-28,5-9_day,3,1,call,-2,207.5,6.86,0.0,0.0,8174.0,3981.0,1.0000000000000003e-05,1.0,0.0,-0.02105625775973067,0.0,0.017049601775971222
NVDA,2026-08-25,2026-08-24,Start of Week,aligned+weekly,2026-08-28,5-9_day,3,1,put,-2,207.5,5.77,0.0,0.0,9874.0,7254.0,0.062509375,-1.590324358746731e-05,5.785391102409016e-05,-1.3624773820611753e-05,1.340731145226458e-05,-2.7795182859401816e-07
NVDA,2026-08-25,2026-08-24,Start of Week,aligned+weekly,2026-08-28,5-9_day,3,1,call,-1,210.0,5.65,0.0,0.0,52381.0,27820.0,1.0000000000000003e-05,1.0,0.0,-0.021309947612257542,0.0,0.017255018664838348
NVDA,2026-08-25,2026-08-24,Start of Week,aligned+weekly,2026-08-28,5-9_day,3,1,put,-1,210.0,7.09,0.0,0.0,12767.0,19451.0,0.0312596875,-2.168278741876417e-05,0.000155276936734017,-8.907641886376298e-06,1.7995147266042768e-05,-3.787337037557375e-07
NVDA,2026-08-25,2026-08-24,Start of Week,aligned+weekly,2026-08-28,5-9_day,3,1,call,0,212.5,4.65,0.0,0.0,19606.0,6370.0,0.00196310546875,0.07931125929119787,3.907471601829294,-0.0026401281067756186,0.02843827709178981,0.0013843502191385627
NVDA,2026-08-25,2026-08-24,Start of Week,aligned+weekly,2026-08-28,5-9_day,3,1,put,0,212.5,8.55,0.0,0.0,3379.0,6449.0,1.0000000000000003e-05,-1.0,0.0,0.02156363746478442,0.0,-0.01746043555370547
NVDA,2026-08-25,2026-08-24,Start of Week,aligned+weekly,2026-08-28,5-9_day,3,1,call,1,215.0,3.8,0.0,0.0,40692.0,28038.0,0.0312596875,1.2534837564922763e-05,9.226208419550116e-05,-5.840703553315633e-06,1.0692314178080768e-05,2.1867494836687238e-07
NVDA,2026-08-25,2026-08-24,Start of Week,aligned+weekly,2026-08-28,5-9_day,3,1,put,1,215.0,10.2,0.0,0.0,10208.0,11647.0,1.0000000000000003e-05,-1.0,0.0,0.021817327317311293,0.0,-0.017665852442572592
NVDA,2026-08-25,2026-08-24,Start of Week,aligned+weekly,2026-08-28,5-9_day,3,1,call,2,217.5,3.05,0.0,0.0,16067.0,11267.0,0.062509375,1.6968885161769132e-05,6.153060943388629e-05,-1.522109901902727e-05,1.4259365182489601e-05,2.958425929672104e-07
NVDA,2026-08-25,2026-08-24,Start of Week,aligned+weekly,2026-08-28,5-9_day,3,1,put,2,217.5,11.97,0.0,0.0,6798.0,7746.0,1.0000000000000003e-05,-1.0,0.0,0.02207101716983817,0.0,-0.017871269331439718
NVDA,2026-08-25,2026-08-24,Start of Week,monthly,2026-09-25,20-45_day,23,1,call,-2,200.0,15.13,0.0,0.0,96.0,381.0,1.0000000000000003e-05,1.0,0.0,-0.020237587281444758,0.0,0.1693293437634524
NVDA,2026-08-25,2026-08-24,Start of Week,monthly,2026-09-25,20-45_day,23,1,put,-2,200.0,6.12,0.0,0.0,1542.0,2501.0,0.062509375,-0.000251412625362768,0.00024249960354693687,-5.310319053418139e-05,0.000580711527142738,-4.555919777750955e-05
NVDA,2026-08-25,2026-08-24,Start of Week,monthly,2026-09-25,20-45_day,23,1,call,-1,205.0,12.25,0.0,0.0,345.0,758.0,1.0000000000000003e-05,1.0,0.0,-0.020743526963480873,0.0,0.1735625773575387
NVDA,2026-08-25,2026-08-24,Start of Week,monthly,2026-09-25,20-45_day,23,1,put,-1,205.0,8.4,0.0,0.0,367.0,2269.0,0.0312596875,-1.1517921848613888e-05,2.6481523967678605e-05,-1.35011922961141e-06,3.1712601032225803e-05,-2.0816744790400174e-06
NVDA,2026-08-25,2026-08-24,Start of Week,monthly,2026-09-25,20-45_day,23,1,call,0,210.0,9.58,0.0,0.0,2075.0,1601.0,1.0000000000000003e-05,1.0,0.0,-0.021249466645516992,0.0,0.17779581095162503
NVDA,2026-08-25,2026-08-24,Start of Week,monthly,2026-09-25,20-45_day,23,1,put,0,210.0,11.18,0.0,0.0,2425.0,3592.0,0.007822421875,-1.2331280441202352e-10,1.6504098794556612e-09,-3.5807118649384055e-12,4.945808611506985e-10,-2.225072638207375e-11
NVDA,2026-08-25,2026-08-24,Start of Week,monthly,2026-09-25,20-45_day,23,1,call,1,215.0,7.4,0.0,0.0,2779.0,2363.0,0.007822421875,3.26599184583062e-05,0.0002845751442745174,-1.7796772458059883e-06,8.527907016879696e-05,5.888138156764392e-06
NVDA,2026-08-25,2026-08-24,Start of Week,monthly,2026-09-25,20-45_day,23,1,put,1,215.0,14.0,0.0,0.0,119.0,1355.0,1.0000000000000003e-05,-1.0,0.0,0.02175540632755311,0.0,-0.18202904454571134
NVDA,2026-08-25,2026-08-24,Start of Week,monthly,2026-09-25,20-45_day,23,1,call,2,220.0,5.65,0.0,0.0,1258.0,1728.0,0.0312596875,0.00021706912822473133,0.0004228240036083309,-3.0198426556618767e-05,0.0005063473291659972,3.906565787482304e-05
NVDA,2026-08-25,2026-08-24,Start of Week,monthly,2026-09-25,20-45_day,23,1,put,2,220.0,17.05,0.0,0.0,684.0,4285.0,1.0000000000000003e-05,-1.0,0.0,0.022261346009589227,0.0,-0.1862622781397976
IBIT,2026-08-25,2026-08-24,Start of Week,aligned,2026-08-26,2-4_day,1,1,call,-2,43.5,1.41,0.0,0.0,122.0,93.0,1.0000000000000003e-05,1.0,0.0,-0.004415099668685698,0.0,0.0011916598541436248
IBIT,2026-08-25,2026-08-24,Start of Week,aligned,2026-08-26,2-4_day,1,1,put,-2,43.5,0.23,0.0,0.0,9641.0,7025.0,0.12500875,-1.1740116669267664e-05,0.0001783318951542313,-7.57960621433965e-06,1.221189456793298e-06,-1.4402742808273094e-08
IBIT,2026-08-25,2026-08-24,Start of Week,aligned,2026-08-26,2-4_day,1,1,call,-1,44.0,0.94,0.0,0.0,1849.0,2918.0,1.0000000000000003e-05,1.0,0.0,-0.004465847940739557,0.0,0.0012053570938464252
IBIT,2026-08-25,2026-08-24,Start of Week,aligned,2026-08-26,2-4_day,1,1,put,-1,44.0,0.41,0.0,0.0,8865.0,4593.0,0.062509375,-3.537607042858326e-07,1.2445802850262199e-05,-1.3159107175597915e-07,4.2616883027216065e-08,-4.336476116261166e-10
IBIT,2026-08-25,2026-08-24,Start of Week,aligned,2026-08-26,2-4_day,1,1,call,0,44.5,0.77,0.0,0.0,1125.0,607.0,1.0000000000000003e-05,1.0,0.0,-0.004516596212793415,0.0,0.0012190543335492254
IBIT,2026-08-25,2026-08-24,Start of Week,aligned,2026-08-26,2-4_day,1,1,put,0,44.5,0.58,0.0,0.0,3280.0,1928.0,0.0312596875,-0.0013123153048042457,0.05903175363392278,-0.00015203406629081708,0.00010108435065644271,-1.6084195586873335e-06
IBIT,2026-08-25,2026-08-24,Start of Week,aligned,2026-08-26,2-4_day,1,1,call,1,45.0,0.52,0.0,0.0,15509.0,14749.0,0.0312596875,6.66737657216466e-05,0.003694875234755462,-1.0191514503568453e-05,6.3270026870283865e-06,8.16486287150784e-08
IBIT,2026-08-25,2026-08-24,Start of Week,aligned,2026-08-26,2-4_day,1,1,put,1,45.0,0.9,0.0,0.0,2384.0,1664.0,1.0000000000000003e-05,-1.0,0.0,0.004567344484847274,0.0,-0.0012327515732520257
IBIT,2026-08-25,2026-08-24,Start of Week,aligned,2026-08-26,2-4_day,1,1,call,2,45.5,0.34,0.0,0.0,7442.0,2953.0,0.062509375,6.23811075110681e-08,2.3297390031903593e-06,-2.521635821448567e-08,7.977485725705096e-09,7.637675601900077e-11
IBIT,2026-08-25,2026-08-24,Start of Week,aligned,2026-08-26,2-4_day,1,1,put,2,45.5,1.24,0.0,0.0,1038.0,909.0,1.0000000000000003e-05,-1.0,0.0,0.004618092756901133,0.0,-0.0012464488129548261
IBIT,2026-08-25,2026-08-24,Start of Week,weekly,2026-08-28,5-9_day,3,1,call,-2,43.5,1.71,0.0,0.0,100.0,71.0,1.0000000000000003e-05,1.0,0.0,-0.004414203433967634,0.0,0.003574253866287943
IBIT,2026-08-25,2026-08-24,Start of Week,weekly,2026-08-28,5-9_day,3,1,put,-2,43.5,0.45,0.0,0.0,1917.0,1070.0,0.062509375,-4.3796915139004966e-07,8.826450213703096e-06,-9.247260042674542e-08,9.067051780311784e-08,-1.6113545972101988e-09
IBIT,2026-08-25,2026-08-24,Start of Week,weekly,2026-08-28,5-9_day,3,1,call,-1,44.0,1.22,0.0,0.0,6598.0,18096.0,1.0000000000000003e-05,1.0,0.0,-0.004464941404473008,0.0,0.003615337244061368
IBIT,2026-08-25,2026-08-24,Start of Week,weekly,2026-08-28,5-9_day,3,1,put,-1,44.0,0.66,0.0,0.0,7550.0,4968.0,0.062509375,-0.0018601162221489886,0.02342512414871607,-0.00024224411173163853,0.0002406367321790291,-6.847571350927803e-06
IBIT,2026-08-25,2026-08-24,Start of Week,weekly,2026-08-28,5-9_day,3,1,call,0,44.5,1.01,0.0,0.0,1555.0,678.0,1.0000000000000003e-05,1.0,0.0,-0.004515679374978384,0.0,0.003656420621834792
IBIT,2026-08-25,2026-08-24,Start of Week,weekly,2026-08-28,5-9_day,3,1,put,0,44.5,0.87,0.0,0.0,11458.0,3440.0,0.015634843750000002,-0.00014965385269749554,0.009116106110001956,-5.424019231894383e-06,2.3422744467081698e-05,-5.501996877850805e-07
IBIT,2026-08-25,2026-08-24,Start of Week,weekly,2026-08-28,5-9_day,3,1,call,1,45.0,0.79,0.0,0.0,46477.0,20393.0,0.015634843750000002,9.915782907529628e-06,0.000700965279266087,-5.143109020140382e-07,1.801046457602345e-06,3.643150101658148e-08
IBIT,2026-08-25,2026-08-24,Start of Week,weekly,2026-08-28,5-9_day,3,1,put,1,45.0,1.14,0.0,0.0,9813.0,7222.0,1.0000000000000003e-05,-1.0,0.0,0.0045664173454837585,0.0,-0.003697503999608217
IBIT,2026-08-25,2026-08-24,Start of Week,weekly,2026-08-28,5-9_day,3,1,call,2,45.5,0.61,0.0,0.0,3076.0,1548.0,0.062509375,0.001287528745815276,0.01674915926081688,-0.00018508781730933684,0.00017205727174299763,4.72437955342914e-06
IBIT,2026-08-25,2026-08-24,Start of Week,weekly,2026-08-28,5-9_day,3,1,put,2,45.5,1.48,0.0,0.0,1936.0,1552.0,1.0000000000000003e-05,-1.0,0.0,0.0046171553159891346,0.0,-0.003738587377381642
IBIT,2026-08-25,2026-08-24,Start of Week,monthly,2026-09-25,20-45_day,23,1,call,-2,43.5,3.09,0.0,0.0,159.0,159.0,1.0000000000000003e-05,1.0,0.0,-0.004401675233714234,0.0,0.0368291322685509
IBIT,2026-08-25,2026-08-24,Start of Week,monthly,2026-09-25,20-45_day,23,1,put,-2,43.5,1.64,0.0,0.0,10.0,10.0,0.0312596875,-0.00037055448306755334,0.0033044937211266306,-7.158309278421398e-06,0.00017541424785912449,-1.4105841295901712e-05
IBIT,2026-08-25,2026-08-24,Start of Week,monthly,2026-09-25,20-45_day,23,1,call,-1,44.0,2.74,0.0,0.0,479.0,33293.0,1.0000000000000003e-05,1.0,0.0,-0.004452269201917845,0.0,0.03725245562795952
IBIT,2026-08-25,2026-08-24,Start of Week,monthly,2026-09-25,20-45_day,23,1,put,-1,44.0,1.91,0.0,0.0,578.0,1129.0,0.015634843750000002,-1.165456700769063e-05,0.0002543153918751838,-1.1732143490501613e-07,6.7521408573586596e-06,-4.430415427491422e-07
IBIT,2026-08-25,2026-08-24,Start of Week,monthly,2026-09-25,20-45_day,23,1,call,0,44.5,2.44,0.0,0.0,120.0,97.0,1.0000000000000003e-05,1.0,0.0,-0.004502863170121458,0.0,0.03767577898736816
IBIT,2026-08-25,2026-08-24,Start of Week,monthly,2026-09-25,20-45_day,23,1,put,0,44.5,2.13,0.0,0.0,483.0,382.0,0.007822421875,-0.00023639788853424548,0.008690382037906114,-3.828842356702544e-07,0.00011543975750824664,-8.98286466893941e-06
IBIT,2026-08-25,2026-08-24,Start of Week,monthly,2026-09-25,20-45_day,23,1,call,1,45.0,2.2,0.0,0.0,1807.0,11994.0,0.007822421875,0.07993263719539895,1.4574940886263634,-0.0006067016122372066,0.01936080179523036,0.0030324783364873626
IBIT,2026-08-25,2026-08-24,Start of Week,monthly,2026-09-25,20-45_day,23,1,put,1,45.0,2.4,0.0,0.0,224.0,317.0,1.0000000000000003e-05,-1.0,0.0,0.00455345713832507,0.0,-0.038099102346776784
IBIT,2026-08-25,2026-08-24,Start of Week,monthly,2026-09-25,20-45_day,23,1,call,2,45.5,2.04,0.0,0.0,232.0,133.0,0.015634843750000002,0.0008842196380232126,0.014760001097522431,-1.3890632079025475e-05,0.0003918819294828725,3.353818089416689e-05
IBIT,2026-08-25,2026-08-24,Start of Week,monthly,2026-09-25,20-45_day,23,1,put,2,45.5,2.7,0.0,0.0,207.0,206.0,1.0000000000000003e-05,-1.0,0.0,0.004604051106528681,0.0,-0.038522425706185415
AAPL,2026-08-25,2026-08-24,Start of Week,aligned,2026-08-26,2-4_day,1,1,call,-2,305.0,6.05,0.0,0.0,807.0,587.0,1.0000000000000003e-05,1.0,0.0,-0.030956445952853746,0.0,0.008355316218708175
AAPL,2026-08-25,2026-08-24,Start of Week,aligned,2026-08-26,2-4_day,1,1,put,-2,305.0,0.59,0.0,0.0,4855.0,3537.0,0.062509375,-5.764874355662641e-09,3.329986307076786e-08,-1.7026234705225452e-08,5.505783994320768e-09,-4.910151606489433e-11
AAPL,2026-08-25,2026-08-24,Start of Week,aligned,2026-08-26,2-4_day,1,1,call,-1,307.5,4.12,0.0,0.0,428.0,1701.0,1.0000000000000003e-05,1.0,0.0,-0.03121018731312304,0.0,0.008423802417222176
AAPL,2026-08-25,2026-08-24,Start of Week,aligned,2026-08-26,2-4_day,1,1,put,-1,307.5,1.18,0.0,0.0,5178.0,2032.0,0.0312596875,-6.830369603250119e-11,8.825073067780194e-10,-1.1189358172925694e-10,7.296834675780293e-11,-5.815935673800342e-13
AAPL,2026-08-25,2026-08-24,Start of Week,aligned,2026-08-26,2-4_day,1,1,call,0,310.0,2.59,0.0,0.0,4605.0,1854.0,1.0000000000000003e-05,1.0,0.0,-0.03146392867339233,0.0,0.008492288615736176
AAPL,2026-08-25,2026-08-24,Start of Week,aligned,2026-08-26,2-4_day,1,1,put,0,310.0,2.12,0.0,0.0,13460.0,1734.0,0.007822421875,-2.117660380385189e-09,1.0047735763286689e-07,-7.463207148727756e-10,2.078935447751216e-09,-1.8028284119507458e-11
AAPL,2026-08-25,2026-08-24,Start of Week,aligned,2026-08-26,2-4_day,1,1,call,1,312.5,1.41,0.0,0.0,19723.0,3689.0,0.015634843750000002,3.091911282518647e-12,8.530181158874878e-11,-2.855206127315881e-12,3.527632739291183e-12,2.631762348546529e-14
AAPL,2026-08-25,2026-08-24,Start of Week,aligned,2026-08-26,2-4_day,1,1,put,1,312.5,3.43,0.0,0.0,6865.0,1080.0,1.0000000000000003e-05,-1.0,0.0,0.031717670033661625,0.0,-0.008560774814250178
AAPL,2026-08-25,2026-08-24,Start of Week,aligned,2026-08-26,2-4_day,1,1,call,2,315.0,0.76,0.0,0.0,39836.0,5714.0,0.062509375,1.6373559899152633e-05,7.041645250104453e-05,-3.690470471448084e-05,1.1642623763742689e-05,1.3928420607887168e-07
AAPL,2026-08-25,2026-08-24,Start of Week,aligned,2026-08-26,2-4_day,1,1,put,2,315.0,5.2,0.0,0.0,572.0,539.0,1.0000000000000003e-05,-1.0,0.0,0.03197141139393092,0.0,-0.00862926101276418
AAPL,2026-08-25,2026-08-24,Start of Week,weekly,2026-08-28,5-9_day,3,1,call,-2,305.0,7.02,0.0,0.0,411.0,2827.0,1.0000000000000003e-05,1.0,0.0,-0.03095016200827881,0.0,0.025060860441789026
AAPL,2026-08-25,2026-08-24,Start of Week,weekly,2026-08-28,5-9_day,3,1,put,-2,305.0,1.36,0.0,0.0,3926.0,4832.0,0.0312596875,-1.3742562643415113e-11,1.061791737923416e-10,-1.3288157661787926e-11,2.6337636115523122e-11,-3.511041199518684e-13
AAPL,2026-08-25,2026-08-24,Start of Week,weekly,2026-08-28,5-9_day,3,1,call,-1,307.5,5.1,0.0,0.0,656.0,1057.0,1.0000000000000003e-05,1.0,0.0,-0.031203851860805685,0.0,0.02526627733065615
AAPL,2026-08-25,2026-08-24,Start of Week,weekly,2026-08-28,5-9_day,3,1,put,-1,307.5,2.08,0.0,0.0,2258.0,2022.0,0.0312596875,-7.874424778464562e-05,0.00035907011260968505,-4.3918196093364144e-05,8.906697639566589e-05,-2.01233584571018e-06
AAPL,2026-08-25,2026-08-24,Start of Week,weekly,2026-08-28,5-9_day,3,1,call,0,310.0,3.7,0.0,0.0,11132.0,21334.0,1.0000000000000003e-05,1.0,0.0,-0.031457541713332565,0.0,0.025471694219523274
AAPL,2026-08-25,2026-08-24,Start of Week,weekly,2026-08-28,5-9_day,3,1,put,0,310.0,3.15,0.0,0.0,6239.0,9092.0,0.007822421875,-0.00011740621235756254,0.0020885575589724282,-1.3198112551937733e-05,0.00012964044177639402,-2.9988593670170134e-06
AAPL,2026-08-25,2026-08-24,Start of Week,weekly,2026-08-28,5-9_day,3,1,call,1,312.5,2.53,0.0,0.0,9224.0,4161.0,0.015634843750000002,6.517732685468323e-05,0.0006008025917157219,-2.1478177113665094e-05,7.45380732101681e-05,1.6639608811318368e-06
AAPL,2026-08-25,2026-08-24,Start of Week,weekly,2026-08-28,5-9_day,3,1,put,1,312.5,4.45,0.0,0.0,1605.0,1411.0,1.0000000000000003e-05,-1.0,0.0,0.03171123156585944,0.0,-0.025677111108390396
AAPL,2026-08-25,2026-08-24,Start of Week,weekly,2026-08-28,5-9_day,3,1,call,2,315.0,1.65,0.0,0.0,21722.0,12838.0,0.0312596875,1.155777647195372e-06,6.457759108603119e-06,-8.709832472644946e-07,1.6018405818143733e-06,2.9500119683506035e-08
AAPL,2026-08-25,2026-08-24,Start of Week,weekly,2026-08-28,5-9_day,3,1,put,2,315.0,5.99,0.0,0.0,752.0,1616.0,1.0000000000000003e-05,-1.0,0.0,0.03196492141838631,0.0,-0.025882527997257522
AAPL,2026-08-25,2026-08-24,Start of Week,monthly,2026-09-25,20-45_day,23,1,call,-2,300.0,16.65,0.0,0.0,183.0,865.0,1.0000000000000003e-05,1.0,0.0,-0.030356380922167133,0.0,0.2539940156451786
AAPL,2026-08-25,2026-08-24,Start of Week,monthly,2026-09-25,20-45_day,23,1,put,-2,300.0,4.48,0.0,0.0,89.0,581.0,0.0312596875,-1.3218503441381202e-05,2.0634539504236342e-05,-2.248915967789625e-06,5.288989098132671e-05,-3.4951898689475085e-06
AAPL,2026-08-25,2026-08-24,Start of Week,monthly,2026-09-25,20-45_day,23,1,call,-1,305.0,13.4,0.0,0.0,32.0,283.0,1.0000000000000003e-05,1.0,0.0,-0.03086232060420325,0.0,0.2582272492392649
AAPL,2026-08-25,2026-08-24,Start of Week,monthly,2026-09-25,20-45_day,23,1,put,-1,305.0,5.68,0.0,0.0,142.0,600.0,0.015634843750000002,-9.342004660961578e-07,3.273935468011855e-06,-7.635165329208911e-08,4.1971734664667434e-06,-2.4674934784436963e-07
AAPL,2026-08-25,2026-08-24,Start of Week,monthly,2026-09-25,20-45_day,23,1,call,0,310.0,9.85,0.0,0.0,287.0,774.0,1.0000000000000003e-05,1.0,0.0,-0.03136826028623937,0.0,0.26246048283335116
AAPL,2026-08-25,2026-08-24,Start of Week,monthly,2026-09-25,20-45_day,23,1,put,0,310.0,8.13,0.0,0.0,67.0,321.0,0.00196310546875,0.0,4.371456059257983e-20,3.1718406850955264e-24,7.036602344384579e-21,-2.1295727521439514e-22
AAPL,2026-08-25,2026-08-24,Start of Week,monthly,2026-09-25,20-45_day,23,1,call,1,315.0,7.45,0.0,0.0,361.0,1059.0,0.015634843750000002,0.010359131448499172,0.01941372702210575,-0.000953839386905992,0.02488832805000041,0.002729491279164502
AAPL,2026-08-25,2026-08-24,Start of Week,monthly,2026-09-25,20-45_day,23,1,put,1,315.0,10.8,0.0,0.0,113.0,178.0,1.0000000000000003e-05,-1.0,0.0,0.031874199968275486,0.0,-0.2666937164274375
AAPL,2026-08-25,2026-08-24,Start of Week,monthly,2026-09-25,20-45_day,23,1,call,2,320.0,5.6,0.0,0.0,329.0,1088.0,0.0312596875,0.0019746664700472484,0.0022140848660007905,-0.0003482464528633541,0.005675082168038962,0.0005197234339891245
AAPL,2026-08-25,2026-08-24,Start of Week,monthly,2026-09-25,20-45_day,23,1,put,2,320.0,14.61,0.0,0.0,23.0,61.0,1.0000000000000003e-05,-1.0,0.0,0.032380139650311605,0.0,-0.27092695002152384
AMZN,2026-08-25,2026-08-24,Start of Week,aligned,2026-08-26,2-4_day,1,1,call,-2,257.5,5.7,0.0,0.0,6789.0,1344.0,1.0000000000000003e-05,1.0,0.0,-0.026135360107737177,0.0,0.007054078446942148
AMZN,2026-08-25,2026-08-24,Start of Week,aligned,2026-08-26,2-4_day,1,1,put,-2,257.5,0.78,0.0,0.0,4638.0,1568.0,0.062509375,-9.653751131821764e-10,6.92392369865478e-09,-2.5295621961102907e-09,8.175753878528065e-10,-6.948483110097946e-12
AMZN,2026-08-25,2026-08-24,Start of Week,aligned,2026-08-26,2-4_day,1,1,call,-1,260.0,3.67,0.0,0.0,5966.0,1773.0,1.0000000000000003e-05,1.0,0.0,-0.026389101468006475,0.0,0.007122564645456148
AMZN,2026-08-25,2026-08-24,Start of Week,aligned,2026-08-26,2-4_day,1,1,put,-1,260.0,1.49,0.0,0.0,6376.0,1883.0,0.0312596875,-5.383101742140184e-10,7.835668737293079e-09,-7.088272395717831e-10,4.6269102838911396e-10,-3.873578555631347e-12
AMZN,2026-08-25,2026-08-24,Start of Week,aligned,2026-08-26,2-4_day,1,1,call,0,262.5,2.26,0.0,0.0,9511.0,2634.0,1.0000000000000003e-05,1.0,0.0,-0.02664284282827577,0.0,0.007191050843970151
AMZN,2026-08-25,2026-08-24,Start of Week,aligned,2026-08-26,2-4_day,1,1,put,0,262.5,2.52,0.0,0.0,3609.0,1058.0,0.00196310546875,-3.8602321060565714e-05,0.005981468133581374,-1.1482680652690657e-06,2.218103491106268e-05,-2.7771052705550794e-07
AMZN,2026-08-25,2026-08-24,Start of Week,aligned,2026-08-26,2-4_day,1,1,call,1,265.0,1.22,0.0,0.0,13234.0,3187.0,0.0312596875,1.4776597178532497e-08,1.9653240606637882e-07,-1.8532343149435187e-08,1.160510788847537e-08,1.062728360774395e-10
AMZN,2026-08-25,2026-08-24,Start of Week,aligned,2026-08-26,2-4_day,1,1,put,1,265.0,4.15,0.0,0.0,2105.0,450.0,1.0000000000000003e-05,-1.0,0.0,0.02689658418854506,0.0,-0.007259537042484152
AMZN,2026-08-25,2026-08-24,Start of Week,aligned,2026-08-26,2-4_day,1,1,call,2,267.5,0.65,0.0,0.0,5461.0,1978.0,0.062509375,8.449851345112048e-09,5.7129798972105135e-08,-2.1309114802192385e-08,6.745874100496862e-09,6.07546867180289e-11
AMZN,2026-08-25,2026-08-24,Start of Week,aligned,2026-08-26,2-4_day,1,1,put,2,267.5,5.94,0.0,0.0,1513.0,292.0,1.0000000000000003e-05,-1.0,0.0,0.02715032554881435,0.0,-0.007328023240998154
AMZN,2026-08-25,2026-08-24,Start of Week,weekly,2026-08-28,5-9_day,3,1,call,-2,257.5,6.57,0.0,0.0,2272.0,1339.0,1.0000000000000003e-05,1.0,0.0,-0.02613005481026818,0.0,0.021157939553313687
AMZN,2026-08-25,2026-08-24,Start of Week,weekly,2026-08-28,5-9_day,3,1,put,-2,257.5,1.75,0.0,0.0,2434.0,2225.0,0.062509375,-0.0002292908726698739,0.0005785999939770427,-0.0002074148722823253,0.00020496288018568957,-4.955589868143745e-06
AMZN,2026-08-25,2026-08-24,Start of Week,weekly,2026-08-28,5-9_day,3,1,call,-1,260.0,4.9,0.0,0.0,8270.0,6417.0,1.0000000000000003e-05,1.0,0.0,-0.026383744662795056,0.0,0.02136335644218081
AMZN,2026-08-25,2026-08-24,Start of Week,weekly,2026-08-28,5-9_day,3,1,put,-1,260.0,2.6,0.0,0.0,5862.0,6621.0,0.0312596875,-0.00016342115631606813,0.0008431259176737602,-7.345596471117295e-05,0.00014935807433511582,-3.5294042109656953e-06
AMZN,2026-08-25,2026-08-24,Start of Week,weekly,2026-08-28,5-9_day,3,1,call,0,262.5,3.5,0.0,0.0,4577.0,8778.0,1.0000000000000003e-05,1.0,0.0,-0.02663743451532193,0.0,0.02156877333104794
AMZN,2026-08-25,2026-08-24,Start of Week,weekly,2026-08-28,5-9_day,3,1,put,0,262.5,3.66,0.0,0.0,864.0,962.0,0.000986552734375,-4.84268181111247e-12,1.4335356648128996e-09,-2.703909001145699e-15,8.01457395333804e-12,-1.0451505354824387e-13
AMZN,2026-08-25,2026-08-24,Start of Week,weekly,2026-08-28,5-9_day,3,1,call,1,265.0,2.36,0.0,0.0,12343.0,9920.0,0.0312596875,0.0008791433168638092,0.004019835899990668,-0.0003944176611480504,0.0007121059103749327,1.895885927919766e-05
AMZN,2026-08-25,2026-08-24,Start of Week,weekly,2026-08-28,5-9_day,3,1,put,1,265.0,5.15,0.0,0.0,1957.0,2611.0,1.0000000000000003e-05,-1.0,0.0,0.026891124367848802,0.0,-0.021774190219915054
AMZN,2026-08-25,2026-08-24,Start of Week,weekly,2026-08-28,5-9_day,3,1,call,2,267.5,1.56,0.0,0.0,4202.0,4436.0,0.0312596875,5.91333424474424e-11,5.236752293738175e-10,-4.990711361958446e-11,9.276802218590804e-11,1.2756738946968845e-12
AMZN,2026-08-25,2026-08-24,Start of Week,weekly,2026-08-28,5-9_day,3,1,put,2,267.5,6.85,0.0,0.0,1855.0,570.0,1.0000000000000003e-05,-1.0,0.0,0.027144814220375676,0.0,-0.021979607108782176
AMZN,2026-08-25,2026-08-24,Start of Week,monthly,2026-09-25,20-45_day,23,1,call,-2,255.0,13.6,0.0,0.0,125.0,236.0,1.0000000000000003e-05,1.0,0.0,-0.02580292378384206,0.0,0.2158949132984018
AMZN,2026-08-25,2026-08-24,Start of Week,monthly,2026-09-25,20-45_day,23,1,put,-2,255.0,5.64,0.0,0.0,52.0,531.0,0.0312596875,-0.00018168386883932186,0.0002896081353141924,-2.187536496967202e-05,0.0005301362020243769,-4.0609524810896845e-05
AMZN,2026-08-25,2026-08-24,Start of Week,monthly,2026-09-25,20-45_day,23,1,call,-1,260.0,10.95,0.0,0.0,565.0,580.0,1.0000000000000003e-05,1.0,0.0,-0.026308863465878185,0.0,0.22012814689248814
AMZN,2026-08-25,2026-08-24,Start of Week,monthly,2026-09-25,20-45_day,23,1,put,-1,260.0,7.6,0.0,0.0,88.0,334.0,0.007822421875,-5.556363369407791e-09,5.456551613421461e-08,-1.6720260418032184e-10,2.499490986043214e-08,-1.239610215325144e-09
AMZN,2026-08-25,2026-08-24,Start of Week,monthly,2026-09-25,20-45_day,23,1,call,0,265.0,8.33,0.0,0.0,698.0,715.0,0.007822421875,0.004111146684510096,0.02028281756050536,-0.00022672217218531042,0.00929098142118616,0.0009161912529498538
AMZN,2026-08-25,2026-08-24,Start of Week,monthly,2026-09-25,20-45_day,23,1,put,0,265.0,10.25,0.0,0.0,67.0,194.0,1.0000000000000003e-05,-1.0,0.0,0.0268148031479143,0.0,-0.2243613804865744
AMZN,2026-08-25,2026-08-24,Start of Week,monthly,2026-09-25,20-45_day,23,1,call,1,270.0,6.2,0.0,0.0,707.0,898.0,0.0312596875,0.0033754602074576637,0.004252920753860483,-0.0004822346251955402,0.007785096414906398,0.0007506853937833403
AMZN,2026-08-25,2026-08-24,Start of Week,monthly,2026-09-25,20-45_day,23,1,put,1,270.0,12.86,0.0,0.0,15.0,128.0,1.0000000000000003e-05,-1.0,0.0,0.027320742829950416,0.0,-0.2285946140806607
AMZN,2026-08-25,2026-08-24,Start of Week,monthly,2026-09-25,20-45_day,23,1,call,2,275.0,4.55,0.0,0.0,833.0,3312.0,0.0312596875,1.1616114236528297e-06,2.388700457866184e-06,-2.5136679816431453e-07,4.372586381709324e-06,2.5859286636258056e-07
AMZN,2026-08-25,2026-08-24,Start of Week,monthly,2026-09-25,20-45_day,23,1,put,2,275.0,18.77,0.0,0.0,10.0,51.0,1.0000000000000003e-05,-1.0,0.0,0.027826682511986542,0.0,-0.23282784767474707
TLT,2026-08-25,2026-08-24,Start of Week,weekly,2026-08-28,5-9_day,3,3,call,-2,82.0,0.78,0.0,0.0,277.0,4164.0,1.0000000000000003e-05,1.0,0.0,-0.008321027162881516,0.0,0.006737673954841639
TLT,2026-08-25,2026-08-24,Start of Week,weekly,2026-08-28,5-9_day,3,3,put,-2,82.0,0.18,0.0,0.0,1853.0,18475.0,0.0312596875,-1.145211623865272e-06,2.3939650977626858e-05,-2.1152263487249847e-07,4.2454509896648967e-07,-7.824413534929035e-09
TLT,2026-08-25,2026-08-24,Start of Week,weekly,2026-08-28,5-9_day,3,3,call,-1,82.5,0.45,0.0,0.0,14246.0,67029.0,1.0000000000000003e-05,1.0,0.0,-0.008371765133386892,0.0,0.0067787573326150655
TLT,2026-08-25,2026-08-24,Start of Week,weekly,2026-08-28,5-9_day,3,3,put,-1,82.5,0.34,0.0,0.0,2105.0,4666.0,0.015634843750000002,-1.2477925159792846e-07,5.657685757133148e-06,-1.2024078618950942e-08,5.01826686072637e-08,-8.522735060189978e-10
TLT,2026-08-25,2026-08-24,Start of Week,weekly,2026-08-28,5-9_day,3,3,call,0,83.0,0.24,0.0,0.0,6693.0,31191.0,1.0000000000000003e-05,1.0,0.0,-0.008422503103892268,0.0,0.006819840710388489
TLT,2026-08-25,2026-08-24,Start of Week,weekly,2026-08-28,5-9_day,3,3,put,0,83.0,0.61,0.0,0.0,2809.0,4529.0,0.0039162109375,-0.00017754241103618007,0.02298529394199076,-1.8357505035930133e-06,5.1066668143856094e-05,-1.2124536566953946e-06
TLT,2026-08-25,2026-08-24,Start of Week,weekly,2026-08-28,5-9_day,3,3,call,1,83.5,0.12,0.0,0.0,6564.0,9343.0,0.015634843750000002,0.0004159192678739409,0.012724156759055154,-3.2915635070235534e-05,0.00011286101232142226,2.8390528398639835e-06
TLT,2026-08-25,2026-08-24,Start of Week,weekly,2026-08-28,5-9_day,3,3,put,1,83.5,1.02,0.0,0.0,364.0,3832.0,1.0000000000000003e-05,-1.0,0.0,0.008473241074397644,0.0,-0.0068609240881619135
TLT,2026-08-25,2026-08-24,Start of Week,weekly,2026-08-28,5-9_day,3,3,call,2,84.0,0.06,0.0,0.0,1301.0,7939.0,0.0312596875,7.933642874116327e-05,0.0013524062053087258,-1.316390716043838e-05,2.3983533712010873e-05,5.413854449286978e-07
TLT,2026-08-25,2026-08-24,Start of Week,weekly,2026-08-28,5-9_day,3,3,put,2,84.0,1.48,0.0,0.0,111.0,510.0,1.0000000000000003e-05,-1.0,0.0,0.008523979044903016,0.0,-0.006902007465935339
TLT,2026-08-25,2026-08-24,Start of Week,monthly,2026-09-25,20-45_day,23,3,call,-2,82.0,1.39,0.0,0.0,466.0,1324.0,1.0000000000000003e-05,1.0,0.0,-0.008297410785392348,0.0,0.06942503094301547
TLT,2026-08-25,2026-08-24,Start of Week,monthly,2026-09-25,20-45_day,23,3,put,-2,82.0,0.81,0.0,0.0,127.0,1817.0,0.015634843750000002,-0.0001822218296964051,0.0018351330991052755,-2.7031041479061617e-06,0.0001681988174194066,-1.2872303336396179e-05
TLT,2026-08-25,2026-08-24,Start of Week,monthly,2026-09-25,20-45_day,23,3,call,-1,82.5,1.08,0.0,0.0,1260.0,6480.0,1.0000000000000003e-05,1.0,0.0,-0.00834800475359596,0.0,0.06984835430242411
TLT,2026-08-25,2026-08-24,Start of Week,monthly,2026-09-25,20-45_day,23,3,put,-1,82.5,1.06,0.0,0.0,262.0,662.0,0.007822421875,-4.203047750728217e-06,0.0001034285471109666,-2.4378441505479752e-08,4.742894700128831e-06,-2.967110657551559e-07
TLT,2026-08-25,2026-08-24,Start of Week,monthly,2026-09-25,20-45_day,23,3,call,0,83.0,0.81,0.0,0.0,466.0,1954.0,1.0000000000000003e-05,1.0,0.0,-0.008398598721799573,0.0,0.07027167766183275
TLT,2026-08-25,2026-08-24,Start of Week,monthly,2026-09-25,20-45_day,23,3,put,0,83.0,1.25,0.0,0.0,22.0,238.0,0.00196310546875,-3.3739677718358507e-13,5.1946015209589116e-11,9.524057954674042e-16,5.978024567386618e-13,-2.380621999421123e-14
TLT,2026-08-25,2026-08-24,Start of Week,monthly,2026-09-25,20-45_day,23,3,call,1,83.5,0.71,0.0,0.0,60.0,2614.0,0.0039162109375,0.048396768767605985,1.0597624587909953,-0.0005616232362930384,0.024329681924166197,0.003413309652532595
TLT,2026-08-25,2026-08-24,Start of Week,monthly,2026-09-25,20-45_day,23,3,put,1,83.5,1.61,0.0,0.0,7.0,562.0,1.0000000000000003e-05,-1.0,0.0,0.008449192690003184,0.0,-0.07069500102124138
TLT,2026-08-25,2026-08-24,Start of Week,monthly,2026-09-25,20-45_day,23,3,call,2,84.0,0.48,0.0,0.0,1150.0,2654.0,0.007822421875,0.00028095934682558144,0.005494180466040022,-5.546754211942954e-06,0.000251945136442602,1.9813313023331683e-05
TLT,2026-08-25,2026-08-24,Start of Week,monthly,2026-09-25,20-45_day,23,3,put,2,84.0,1.94,0.0,0.0,18.0,427.0,1.0000000000000003e-05,-1.0,0.0,0.008499786658206797,0.0,-0.07111832438065
INTC,2026-08-25,2026-08-24,Start of Week,weekly,2026-08-28,5-9_day,3,3,call,-2,88.0,2.17,0.0,0.0,3557.0,2030.0,1.0000000000000003e-05,1.0,0.0,-0.008929882808946016,0.0,0.007230674488122736
INTC,2026-08-25,2026-08-24,Start of Week,weekly,2026-08-28,5-9_day,3,3,put,-2,88.0,2.84,0.0,0.0,680.0,2486.0,0.062509375,-0.0005274470449322388,0.0036766232202293993,-0.00015325622093360287,0.00015171641725142924,-3.891027929111021e-06
INTC,2026-08-25,2026-08-24,Start of Week,weekly,2026-08-28,5-9_day,3,3,call,-1,89.0,1.73,0.0,0.0,663.0,557.0,1.0000000000000003e-05,1.0,0.0,-0.009031358749956768,0.0,0.007312841243669584
INTC,2026-08-25,2026-08-24,Start of Week,weekly,2026-08-28,5-9_day,3,3,put,-1,89.0,3.35,0.0,0.0,1409.0,2091.0,0.015634843750000002,-1.5837911948590744e-07,6.602957015537446e-06,-1.6317603344028103e-08,6.81506985120214e-08,-1.1669274470676944e-09
INTC,2026-08-25,2026-08-24,Start of Week,weekly,2026-08-28,5-9_day,3,3,call,0,90.0,1.42,0.0,0.0,12430.0,7758.0,0.015634843750000002,0.0028072570233420666,0.0678373456255863,-0.00020797650475757598,0.0007001654680935135,2.0669536089150778e-05
INTC,2026-08-25,2026-08-24,Start of Week,weekly,2026-08-28,5-9_day,3,3,put,0,90.0,4.07,0.0,0.0,2994.0,6508.0,1.0000000000000003e-05,-1.0,0.0,0.009132834690967517,0.0,-0.007395007999216434
INTC,2026-08-25,2026-08-24,Start of Week,weekly,2026-08-28,5-9_day,3,3,call,1,91.0,1.13,0.0,0.0,3946.0,2449.0,0.0312596875,6.348843829306306e-08,1.3650499509369455e-06,-1.5253170166809827e-08,2.816900272702822e-08,4.674222441061988e-10
INTC,2026-08-25,2026-08-24,Start of Week,weekly,2026-08-28,5-9_day,3,3,put,1,91.0,4.81,0.0,0.0,844.0,1541.0,1.0000000000000003e-05,-1.0,0.0,0.009234310631978269,0.0,-0.007477174754763284
INTC,2026-08-25,2026-08-24,Start of Week,weekly,2026-08-28,5-9_day,3,3,call,2,92.0,0.9,0.0,0.0,3467.0,3860.0,0.062509375,2.4573696292895254e-06,2.3079846394991455e-05,-1.0145545215019402e-06,9.523933772966106e-07,1.808038527334088e-08
INTC,2026-08-25,2026-08-24,Start of Week,weekly,2026-08-28,5-9_day,3,3,put,2,92.0,5.59,0.0,0.0,137.0,950.0,1.0000000000000003e-05,-1.0,0.0,0.009335786572989018,0.0,-0.0075593415103101325
INTC,2026-08-25,2026-08-24,Start of Week,monthly,2026-09-25,20-45_day,23,3,call,-2,88.0,6.0,0.0,0.0,180.0,138.0,1.0000000000000003e-05,1.0,0.0,-0.00890453840383569,0.0,0.07450491125591904
INTC,2026-08-25,2026-08-24,Start of Week,monthly,2026-09-25,20-45_day,23,3,put,-2,88.0,6.45,0.0,0.0,229.0,496.0,0.015634843750000002,-1.3241612144554438e-06,1.5867613612944668e-05,-3.061942868572872e-08,1.6923254947638833e-06,-1.0087987926522859e-07
INTC,2026-08-25,2026-08-24,Start of Week,monthly,2026-09-25,20-45_day,23,3,call,-1,89.0,5.66,0.0,0.0,5.0,70.0,1.0000000000000003e-05,1.0,0.0,-0.009005726340242916,0.0,0.07535155797473632
INTC,2026-08-25,2026-08-24,Start of Week,monthly,2026-09-25,20-45_day,23,3,put,-1,89.0,7.0,0.0,0.0,58.0,186.0,0.007822421875,-4.784471102081689e-06,0.0001085174192610762,-2.9513088269082124e-08,5.790544806333505e-06,-3.64345076792799e-07
INTC,2026-08-25,2026-08-24,Start of Week,monthly,2026-09-25,20-45_day,23,3,call,0,90.0,5.0,0.0,0.0,759.0,1323.0,0.0039162109375,0.17116074974998913,2.484843668439854,-0.0019753996847769726,0.06638101395473876,0.01302005089793328
INTC,2026-08-25,2026-08-24,Start of Week,monthly,2026-09-25,20-45_day,23,3,put,0,90.0,7.25,0.0,0.0,99.0,1281.0,1.0000000000000003e-05,-1.0,0.0,0.00910691427665014,0.0,-0.07619820469355357
INTC,2026-08-25,2026-08-24,Start of Week,monthly,2026-09-25,20-45_day,23,3,call,1,91.0,4.82,0.0,0.0,23.0,265.0,0.015634843750000002,0.0038976767579725936,0.028346358407346395,-0.00011164546954593803,0.0030232186254732273,0.0002962569600427818
INTC,2026-08-25,2026-08-24,Start of Week,monthly,2026-09-25,20-45_day,23,3,put,1,91.0,8.12,0.0,0.0,2.0,95.0,1.0000000000000003e-05,-1.0,0.0,0.009208102213057363,0.0,-0.07704485141237083
INTC,2026-08-25,2026-08-24,Start of Week,monthly,2026-09-25,20-45_day,23,3,call,2,92.0,4.5,0.0,0.0,32.0,139.0,0.0312596875,0.005750595521959746,0.02005596088992948,-0.000267786494670944,0.004276680843566295,0.00043643617617834416
INTC,2026-08-25,2026-08-24,Start of Week,monthly,2026-09-25,20-45_day,23,3,put,2,92.0,8.62,0.0,0.0,43.0,1212.0,1.0000000000000003e-05,-1.0,0.0,0.009309290149464586,0.0,-0.07789149813118809
IWM,2026-08-25,2026-08-24,Start of Week,aligned,2026-08-26,0-1_day,1,1,call,-2,297.0,1.85,0.0,0.0,152.0,112.0,1.0000000000000003e-05,1.0,0.0,-0.03014447359999201,0.0,0.00813616038346337
IWM,2026-08-25,2026-08-24,Start of Week,aligned,2026-08-26,0-1_day,1,1,put,-2,297.0,0.88,0.0,0.0,1293.0,592.0,0.0312596875,-6.239003971453272e-06,5.837032619055391e-05,-6.800421048727165e-06,4.472153809691249e-06,-5.114318011306209e-08
IWM,2026-08-25,2026-08-24,Start of Week,aligned,2026-08-26,0-1_day,1,1,call,-1,298.0,1.3,0.0,0.0,1343.0,809.0,1.0000000000000003e-05,1.0,0.0,-0.030245970144099726,0.0,0.00816355486286897
IWM,2026-08-25,2026-08-24,Start of Week,aligned,2026-08-26,0-1_day,1,1,put,-1,298.0,1.23,0.0,0.0,1966.0,955.0,0.015634843750000002,-1.8575663378594953e-06,3.662589612516304e-05,-1.0407926036619268e-06,1.4035302718379619e-06,-1.5224351532706403e-08
IWM,2026-08-25,2026-08-24,Start of Week,aligned,2026-08-26,0-1_day,1,1,call,0,299.0,0.83,0.0,0.0,2123.0,1136.0,1.0000000000000003e-05,1.0,0.0,-0.030347466688207442,0.0,0.008190949342274571
IWM,2026-08-25,2026-08-24,Start of Week,aligned,2026-08-26,0-1_day,1,1,put,0,299.0,1.73,0.0,0.0,754.0,543.0,0.00196310546875,-1.1055785287705788e-05,0.0016033940058633933,-4.2157812812172375e-07,7.714785719834792e-06,-9.05988611693725e-08
IWM,2026-08-25,2026-08-24,Start of Week,aligned,2026-08-26,0-1_day,1,1,call,1,300.0,0.48,0.0,0.0,1496.0,810.0,0.015634843750000002,0.00019490742583479423,0.0030223795652084603,-9.645748632417481e-05,0.00011581972488149319,1.5968478708496455e-06
IWM,2026-08-25,2026-08-24,Start of Week,aligned,2026-08-26,0-1_day,1,1,put,1,300.0,2.4,0.0,0.0,805.0,1381.0,1.0000000000000003e-05,-1.0,0.0,0.030448963232315163,0.0,-0.008218343821680171
IWM,2026-08-25,2026-08-24,Start of Week,aligned,2026-08-26,0-1_day,1,1,call,2,301.0,0.26,0.0,0.0,1332.0,718.0,0.0312596875,7.026296904393461e-05,0.0005803478492762346,-7.162966422854951e-05,4.446445676205336e-05,5.755500973031013e-07
IWM,2026-08-25,2026-08-24,Start of Week,aligned,2026-08-26,0-1_day,1,1,put,2,301.0,3.2,0.0,0.0,1863.0,1724.0,1.0000000000000003e-05,-1.0,0.0,0.03055045977642288,0.0,-0.008245738301085773
IWM,2026-08-25,2026-08-24,Start of Week,weekly,2026-08-28,5-9_day,3,1,call,-2,297.5,2.49,0.0,0.0,178.0,205.0,1.0000000000000003e-05,1.0,0.0,-0.030189092450698184,0.0,0.024444609775187656
IWM,2026-08-25,2026-08-24,Start of Week,weekly,2026-08-28,5-9_day,3,1,put,-2,297.5,1.94,0.0,0.0,505.0,3256.0,0.015634843750000002,-3.171978035254597e-05,0.00031612556271311666,-8.506803559469268e-06,3.634246617093748e-05,-7.800346517456242e-07
IWM,2026-08-25,2026-08-24,Start of Week,weekly,2026-08-28,5-9_day,3,1,call,-1,298.0,2.29,0.0,0.0,851.0,858.0,1.0000000000000003e-05,1.0,0.0,-0.03023983042120356,0.0,0.024485693152961084
IWM,2026-08-25,2026-08-24,Start of Week,weekly,2026-08-28,5-9_day,3,1,put,-1,298.0,2.07,0.0,0.0,1126.0,2917.0,0.007822421875,-9.264518152640733e-09,2.530281400689368e-07,-1.6160996388668445e-09,1.4553628727550622e-08,-2.277819937189944e-10
IWM,2026-08-25,2026-08-24,Start of Week,weekly,2026-08-28,5-9_day,3,1,call,0,299.0,1.74,0.0,0.0,1928.0,1246.0,1.0000000000000003e-05,1.0,0.0,-0.030341306362214313,0.0,0.02456785990850793
IWM,2026-08-25,2026-08-24,Start of Week,weekly,2026-08-28,5-9_day,3,1,put,0,299.0,2.64,0.0,0.0,6837.0,6726.0,0.000986552734375,-4.5419223937415154e-13,1.2358903363229755e-10,-9.501314106439997e-16,8.96523081271859e-13,-1.1166793922531552e-14
IWM,2026-08-25,2026-08-24,Start of Week,weekly,2026-08-28,5-9_day,3,1,call,1,300.0,1.32,0.0,0.0,1079.0,2333.0,0.007822421875,7.03815477051553e-05,0.0013410991773456348,-1.2193127243600163e-05,7.71371101593457e-05,1.7299408821989124e-06
IWM,2026-08-25,2026-08-24,Start of Week,weekly,2026-08-28,5-9_day,3,1,put,1,300.0,3.16,0.0,0.0,1751.0,11115.0,1.0000000000000003e-05,-1.0,0.0,0.03044278230322506,0.0,-0.024650026664054782
IWM,2026-08-25,2026-08-24,Start of Week,weekly,2026-08-28,5-9_day,3,1,call,2,301.0,0.97,0.0,0.0,377.0,2079.0,0.015634843750000002,1.0601631061208512e-05,0.00011168349207721966,-3.6674679198179156e-06,1.2839371475795273e-05,2.60546676307309e-07
IWM,2026-08-25,2026-08-24,Start of Week,weekly,2026-08-28,5-9_day,3,1,put,2,301.0,3.85,0.0,0.0,105.0,960.0,1.0000000000000003e-05,-1.0,0.0,0.030544258244235813,0.0,-0.02473219341960163
IWM,2026-08-25,2026-08-24,Start of Week,monthly,2026-09-25,20-45_day,23,1,call,-2,297.5,7.04,0.0,0.0,2.0,58.0,1.0000000000000003e-05,1.0,0.0,-0.03010341108114907,0.0,0.2518773988481354
IWM,2026-08-25,2026-08-24,Start of Week,monthly,2026-09-25,20-45_day,23,1,put,-2,297.5,5.19,0.0,0.0,61.0,68.0,0.0039162109375,-4.4075854077618715e-14,9.807953228385667e-13,-5.034220270414556e-16,2.918408861296297e-13,-1.1211725109481519e-14
IWM,2026-08-25,2026-08-24,Start of Week,monthly,2026-09-25,20-45_day,23,1,call,-1,298.0,6.35,0.0,0.0,93.0,121.0,1.0000000000000003e-05,1.0,0.0,-0.030154005049352686,0.0,0.25230072220754407
IWM,2026-08-25,2026-08-24,Start of Week,monthly,2026-09-25,20-45_day,23,1,put,-1,298.0,6.13,0.0,0.0,36.0,149.0,0.0039162109375,-1.0751441958944952e-09,1.935355467304569e-08,-3.726944295586955e-12,5.758753548287001e-09,-2.731685369193885e-10
IWM,2026-08-25,2026-08-24,Start of Week,monthly,2026-09-25,20-45_day,23,1,call,0,299.0,5.74,0.0,0.0,47.0,311.0,1.0000000000000003e-05,1.0,0.0,-0.030255192985759908,0.0,0.25314736892636136
IWM,2026-08-25,2026-08-24,Start of Week,monthly,2026-09-25,20-45_day,23,1,put,0,299.0,6.53,0.0,0.0,85.0,124.0,0.0004982763671875,0.0,1.4828136088620377e-124,3.630750355537356e-129,5.613820548187764e-126,-6.812819747884048e-128
IWM,2026-08-25,2026-08-24,Start of Week,monthly,2026-09-25,20-45_day,23,1,call,1,300.0,5.2,0.0,0.0,71.0,136.0,0.0039162109375,0.5498118260118197,1.1595517241545679,-0.018855958948509305,0.3450308079681866,0.1395341610937723
IWM,2026-08-25,2026-08-24,Start of Week,monthly,2026-09-25,20-45_day,23,1,put,1,300.0,7.2,0.0,0.0,32.0,295.0,1.0000000000000003e-05,0.0,0.0,0.0,0.0,-0.0
IWM,2026-08-25,2026-08-24,Start of Week,monthly,2026-09-25,20-45_day,23,1,call,2,301.0,4.76,0.0,0.0,12.0,35.0,0.007822421875,0.08132279134533243,0.22074923231498247,-0.004121816979514141,0.13120249973249648,0.020637047973363572
IWM,2026-08-25,2026-08-24,Start of Week,monthly,2026-09-25,20-45_day,23,1,put,2,301.0,7.57,0.0,0.0,2.0,57.0,1.0000000000000003e-05,-1.0,0.0,0.03045756885857436,0.0,-0.25484066236399583
MU,2026-08-25,2026-08-24,Start of Week,weekly,2026-08-28,5-9_day,3,3,call,-2,927.5,18.95,0.0,0.0,89.0,81.0,1.0000000000000003e-05,1.0,0.0,-0.09411893528747081,0.0,0.0762096657697027
MU,2026-08-25,2026-08-24,Start of Week,weekly,2026-08-28,5-9_day,3,3,put,-2,927.5,38.1,0.0,0.0,65.0,265.0,0.015634843750000002,-3.9369975624037323e-07,1.5251043122069951e-06,-4.0792768832639145e-07,1.7086932022034926e-06,-3.022253683766818e-08
MU,2026-08-25,2026-08-24,Start of Week,weekly,2026-08-28,5-9_day,3,3,call,-1,930.0,18.7,0.0,0.0,1372.0,657.0,1.0000000000000003e-05,1.0,0.0,-0.09437262513999768,0.0,0.07641508265856983
MU,2026-08-25,2026-08-24,Start of Week,weekly,2026-08-28,5-9_day,3,3,put,-1,930.0,38.6,0.0,0.0,219.0,859.0,0.007822421875,-6.241795968975339e-10,5.873069188168687e-09,-3.7004121879178805e-10,3.2921328229224904e-09,-4.790794541199506e-11
MU,2026-08-25,2026-08-24,Start of Week,weekly,2026-08-28,5-9_day,3,3,call,0,932.5,18.25,0.0,0.0,59.0,89.0,1.0000000000000003e-05,1.0,0.0,-0.09462631499252457,0.0,0.07662049954743694
MU,2026-08-25,2026-08-24,Start of Week,weekly,2026-08-28,5-9_day,3,3,put,0,932.5,33.4,0.0,0.0,20.0,153.0,0.00196310546875,0.0,2.13389947091519e-18,-6.17800383058693e-21,3.001847226592932e-19,-2.9502570223236116e-21
MU,2026-08-25,2026-08-24,Start of Week,weekly,2026-08-28,5-9_day,3,3,call,1,935.0,17.0,0.0,0.0,954.0,1143.0,0.0039162109375,0.0014866335082066244,0.014599717980338888,-0.0004083103655955044,0.004097146941597459,0.00011408003299020159
MU,2026-08-25,2026-08-24,Start of Week,weekly,2026-08-28,5-9_day,3,3,put,1,935.0,40.75,0.0,0.0,204.0,759.0,1.0000000000000003e-05,-1.0,0.0,0.09488000484505144,0.0,-0.07682591643630406
MU,2026-08-25,2026-08-24,Start of Week,weekly,2026-08-28,5-9_day,3,3,call,2,937.5,18.95,0.0,0.0,70.0,138.0,0.007822421875,7.517917262763405e-08,6.16563130685165e-07,-5.218339369194958e-08,3.4561277160186257e-07,5.768889682345655e-09
MU,2026-08-25,2026-08-24,Start of Week,weekly,2026-08-28,5-9_day,3,3,put,2,937.5,44.4,0.0,0.0,33.0,202.0,1.0000000000000003e-05,-1.0,0.0,0.09513369469757833,0.0,-0.07703133332517119
MU,2026-08-25,2026-08-24,Start of Week,monthly,2026-09-25,20-45_day,23,3,call,-2,925.0,65.76,0.0,0.0,196.0,191.0,1.0000000000000003e-05,1.0,0.0,-0.09359884117668199,0.0,0.7831482149059673
MU,2026-08-25,2026-08-24,Start of Week,monthly,2026-09-25,20-45_day,23,3,put,-2,925.0,76.85,0.0,0.0,171.0,172.0,0.007822421875,-1.8774443888425196e-08,5.003923837654422e-08,-1.8767615849449834e-09,2.898433640219475e-07,-1.4894533213363494e-08
MU,2026-08-25,2026-08-24,Start of Week,monthly,2026-09-25,20-45_day,23,3,call,-1,930.0,63.73,0.0,0.0,42.0,192.0,1.0000000000000003e-05,1.0,0.0,-0.0941047808587181,0.0,0.7873814485000535
MU,2026-08-25,2026-08-24,Start of Week,monthly,2026-09-25,20-45_day,23,3,put,-1,930.0,77.9,0.0,0.0,16.0,1159.0,0.0039162109375,-1.8660351042143475e-10,1.1236830691964112e-09,-2.8930377231540627e-12,3.2585271932642665e-09,-1.4800805225222058e-10
MU,2026-08-25,2026-08-24,Start of Week,monthly,2026-09-25,20-45_day,23,3,call,0,935.0,63.5,0.0,0.0,17.0,48.0,0.00196310546875,0.9991099456668625,0.005663618808763945,-0.0945524155498256,0.008232828803232513,0.7909087305867197
MU,2026-08-25,2026-08-24,Start of Week,monthly,2026-09-25,20-45_day,23,3,put,0,935.0,80.44,0.0,0.0,15.0,223.0,1.0000000000000003e-05,0.0,0.0,0.0,0.0,-0.0
MU,2026-08-25,2026-08-24,Start of Week,monthly,2026-09-25,20-45_day,23,3,call,1,940.0,62.3,0.0,0.0,19.0,139.0,0.007822421875,0.06005919605951869,0.056005915785955186,-0.009779772736940704,0.32440427878575184,0.04758207885007372
MU,2026-08-25,2026-08-24,Start of Week,monthly,2026-09-25,20-45_day,23,3,put,1,940.0,85.0,0.0,0.0,19.0,275.0,1.0000000000000003e-05,-1.0,0.0,0.09511666022279035,0.0,-0.7958479156882262
MU,2026-08-25,2026-08-24,Start of Week,monthly,2026-09-25,20-45_day,23,3,call,2,945.0,63.45,0.0,0.0,11.0,30.0,0.007822421875,5.193455193550711e-05,0.00010034148099709711,-1.2252779746931544e-05,0.0005812101332216855,4.1164003317461046e-05
MU,2026-08-25,2026-08-24,Start of Week,monthly,2026-09-25,20-45_day,23,3,put,2,945.0,95.35,0.0,0.0,1.0,42.0,1.0000000000000003e-05,-1.0,0.0,0.09562259990482645,0.0,-0.8000811492823126
MSTR,2026-08-25,2026-08-24,Start of Week,weekly,2026-08-28,5-9_day,3,3,call,-2,121.0,5.61,0.0,0.0,1663.0,12052.0,1.0000000000000003e-05,1.0,0.0,-0.012278588862300776,0.0,0.009942177421168761
MSTR,2026-08-25,2026-08-24,Start of Week,weekly,2026-08-28,5-9_day,3,3,put,-2,121.0,3.9,0.0,0.0,1143.0,1364.0,0.0312596875,-2.8202288349099547e-07,4.2092541546806875e-06,-8.130032624533029e-08,1.6279329809609238e-07,-2.845452836709736e-09
MSTR,2026-08-25,2026-08-24,Start of Week,weekly,2026-08-28,5-9_day,3,3,call,-1,122.0,5.15,0.0,0.0,3763.0,16576.0,1.0000000000000003e-05,1.0,0.0,-0.012380064803311525,0.0,0.010024344176715612
MSTR,2026-08-25,2026-08-24,Start of Week,weekly,2026-08-28,5-9_day,3,3,put,-1,122.0,4.35,0.0,0.0,1738.0,540.0,0.015634843750000002,-1.3679871986527203e-05,0.0003469984829784873,-1.5786621411206912e-06,6.712245957207295e-06,-1.379917475819495e-07
MSTR,2026-08-25,2026-08-24,Start of Week,weekly,2026-08-28,5-9_day,3,3,call,0,123.0,4.7,0.0,0.0,5235.0,21351.0,0.007822421875,0.0008782926523502497,0.034349279333381603,-5.42766867656409e-05,0.00033243412964494804,8.855077081228093e-06
MSTR,2026-08-25,2026-08-24,Start of Week,weekly,2026-08-28,5-9_day,3,3,put,0,123.0,4.88,0.0,0.0,1846.0,561.0,1.0000000000000003e-05,-1.0,0.0,0.012481540744322273,0.0,-0.01010651093226246
MSTR,2026-08-25,2026-08-24,Start of Week,weekly,2026-08-28,5-9_day,3,3,call,1,124.0,4.1,0.0,0.0,5387.0,15024.0,0.0312596875,0.00013698843488990116,0.0015296142466341399,-3.252585570080747e-05,5.915797404332104e-05,1.3804529342446042e-06
MSTR,2026-08-25,2026-08-24,Start of Week,weekly,2026-08-28,5-9_day,3,3,put,1,124.0,5.35,0.0,0.0,1646.0,301.0,1.0000000000000003e-05,-1.0,0.0,0.012583016685333024,0.0,-0.01018867768780931
MSTR,2026-08-25,2026-08-24,Start of Week,weekly,2026-08-28,5-9_day,3,3,call,2,125.0,3.83,0.0,0.0,13975.0,3951.0,0.062509375,0.0006084820875496052,0.003064952923900284,-0.0002545168254429315,0.00023703676175955383,6.126716684357698e-06
MSTR,2026-08-25,2026-08-24,Start of Week,weekly,2026-08-28,5-9_day,3,3,put,2,125.0,6.1,0.0,0.0,2452.0,3639.0,1.0000000000000003e-05,-1.0,0.0,0.012684492626343776,0.0,-0.01027084444335616
MSTR,2026-08-25,2026-08-24,Start of Week,monthly,2026-09-25,20-45_day,23,3,call,-2,121.0,11.9,0.0,0.0,28.0,24.0,1.0000000000000003e-05,1.0,0.0,-0.012243740305274078,0.0,0.10244425297688871
MSTR,2026-08-25,2026-08-24,Start of Week,monthly,2026-09-25,20-45_day,23,3,put,-2,121.0,9.94,0.0,0.0,25.0,10.0,0.015634843750000002,-9.312182049725504e-05,0.0006622275948682445,-2.177037762052013e-06,0.00013236952143208923,-9.714080798964305e-06
MSTR,2026-08-25,2026-08-24,Start of Week,monthly,2026-09-25,20-45_day,23,3,call,-1,122.0,11.5,0.0,0.0,49.0,32.0,1.0000000000000003e-05,1.0,0.0,-0.012344928241681298,0.0,0.10329089969570594
MSTR,2026-08-25,2026-08-24,Start of Week,monthly,2026-09-25,20-45_day,23,3,put,-1,122.0,10.75,0.0,0.0,9.0,5.0,0.007822421875,-5.776811867996834e-05,0.0008443249945963919,-3.455199167170178e-07,8.443802368942188e-05,-6.022773338938918e-06
MSTR,2026-08-25,2026-08-24,Start of Week,monthly,2026-09-25,20-45_day,23,3,call,0,123.0,11.1,0.0,0.0,31.0,21.0,0.0039162109375,0.7076856578885999,2.4536600005479148,-0.009579020768420625,0.1228478722228402,0.0736558003773675
MSTR,2026-08-25,2026-08-24,Start of Week,monthly,2026-09-25,20-45_day,23,3,put,0,123.0,11.02,0.0,0.0,10.0,6.0,1.0000000000000003e-05,0.0,0.0,0.0,0.0,-0.0
MSTR,2026-08-25,2026-08-24,Start of Week,monthly,2026-09-25,20-45_day,23,3,call,1,124.0,10.56,0.0,0.0,30.0,22.0,0.007822421875,0.0005238940000477141,0.006634567525139286,-1.4891831205156008e-05,0.0006635001610068101,5.455812762375339e-05
MSTR,2026-08-25,2026-08-24,Start of Week,monthly,2026-09-25,20-45_day,23,3,put,1,124.0,11.85,0.0,0.0,15.0,7.0,1.0000000000000003e-05,-1.0,0.0,0.012547304114495748,0.0,-0.10498419313334048
MSTR,2026-08-25,2026-08-24,Start of Week,monthly,2026-09-25,20-45_day,23,3,call,2,125.0,11.1,0.0,0.0,222.0,640.0,0.015634843750000002,0.0003359037613794026,0.002197961308242631,-1.5257459954185209e-05,0.00043934002260387724,3.496103398661329e-05
MSTR,2026-08-25,2026-08-24,Start of Week,monthly,2026-09-25,20-45_day,23,3,put,2,125.0,11.93,0.0,0.0,50.0,310.0,1.0000000000000003e-05,-1.0,0.0,0.012648492050902972,0.0,-0.10583083985215774
MSFT,2026-08-25,2026-08-24,Start of Week,aligned,2026-08-26,2-4_day,1,1,call,-2,482.5,7.0,0.0,0.0,265.0,143.0,1.0000000000000003e-05,1.0,0.0,-0.048972082531973556,0.0,0.013217836313202275
MSFT,2026-08-25,2026-08-24,Start of Week,aligned,2026-08-26,2-4_day,1,1,put,-2,482.5,2.07,0.0,0.0,1564.0,407.0,0.0312596875,-1.373012814553931e-12,1.2256372251441354e-11,-3.839015518367866e-12,2.4997314518120017e-12,-1.8360508478044294e-14
MSFT,2026-08-25,2026-08-24,Start of Week,aligned,2026-08-26,2-4_day,1,1,call,-1,485.0,5.43,0.0,0.0,1370.0,573.0,1.0000000000000003e-05,1.0,0.0,-0.04922582389224284,0.0,0.013286322511716277
MSFT,2026-08-25,2026-08-24,Start of Week,aligned,2026-08-26,2-4_day,1,1,put,-1,485.0,2.9,0.0,0.0,1843.0,623.0,0.015634843750000002,-9.325873406851315e-15,1.8180264471333493e-13,-1.4035899698098392e-14,1.8545584334031113e-14,-1.2468717332407615e-16
MSFT,2026-08-25,2026-08-24,Start of Week,aligned,2026-08-26,2-4_day,1,1,call,0,487.5,4.1,0.0,0.0,2742.0,786.0,1.0000000000000003e-05,1.0,0.0,-0.04947956525251214,0.0,0.01335480871023028
MSFT,2026-08-25,2026-08-24,Start of Week,aligned,2026-08-26,2-4_day,1,1,put,0,487.5,4.08,0.0,0.0,1148.0,328.0,0.0039162109375,-1.9397196737713784e-08,1.0990352377725046e-06,-4.53782612699601e-09,2.8081769661348335e-08,-2.59346981753575e-10
MSFT,2026-08-25,2026-08-24,Start of Week,aligned,2026-08-26,2-4_day,1,1,call,1,490.0,2.82,0.0,0.0,5479.0,1608.0,0.015634843750000002,5.487306040153007e-07,6.958080549062784e-06,-5.82049975814476e-07,7.097898373761137e-07,7.335308026570328e-09
MSFT,2026-08-25,2026-08-24,Start of Week,aligned,2026-08-26,2-4_day,1,1,put,1,490.0,5.3,0.0,0.0,441.0,211.0,1.0000000000000003e-05,-1.0,0.0,0.04973330661278143,0.0,-0.013423294908744282
MSFT,2026-08-25,2026-08-24,Start of Week,aligned,2026-08-26,2-4_day,1,1,call,2,492.5,2.05,0.0,0.0,1868.0,579.0,0.0312596875,1.4522004981811098e-08,1.0398071674914454e-07,-3.386574219156559e-08,2.1207243277816117e-08,1.9410319199031463e-10
MSFT,2026-08-25,2026-08-24,Start of Week,aligned,2026-08-26,2-4_day,1,1,put,2,492.5,6.12,0.0,0.0,19.0,28.0,1.0000000000000003e-05,-1.0,0.0,0.04998704797305072,0.0,-0.013491781107258283
MSFT,2026-08-25,2026-08-24,Start of Week,weekly,2026-08-28,5-9_day,3,1,call,-2,482.5,8.9,0.0,0.0,190.0,745.0,1.0000000000000003e-05,1.0,0.0,-0.04896214153768698,0.0,0.03964545955135477
MSFT,2026-08-25,2026-08-24,Start of Week,weekly,2026-08-28,5-9_day,3,1,put,-2,482.5,3.72,0.0,0.0,1300.0,677.0,0.0312596875,-1.992525752370078e-05,6.236955764583256e-05,-1.889431584390834e-05,3.8161490615109536e-05,-7.996939507185212e-07
MSFT,2026-08-25,2026-08-24,Start of Week,weekly,2026-08-28,5-9_day,3,1,call,-1,485.0,7.4,0.0,0.0,1121.0,2018.0,1.0000000000000003e-05,1.0,0.0,-0.04921583139021384,0.0,0.039850876440221894
MSFT,2026-08-25,2026-08-24,Start of Week,weekly,2026-08-28,5-9_day,3,1,put,-1,485.0,4.69,0.0,0.0,2869.0,1254.0,0.015634843750000002,-2.4858993808996033e-06,1.713446880906466e-05,-1.24321440680667e-06,5.243632238987333e-06,-9.9736929592657e-08
MSFT,2026-08-25,2026-08-24,Start of Week,weekly,2026-08-28,5-9_day,3,1,call,0,487.5,6.05,0.0,0.0,1153.0,1567.0,1.0000000000000003e-05,1.0,0.0,-0.049469521242740726,0.0,0.04005629332908902
MSFT,2026-08-25,2026-08-24,Start of Week,weekly,2026-08-28,5-9_day,3,1,put,0,487.5,5.87,0.0,0.0,418.0,325.0,0.0039162109375,-9.013109513333895e-05,0.0020721277596225307,-5.902243159307947e-06,0.00015883662085086996,-3.61542682604513e-06
MSFT,2026-08-25,2026-08-24,Start of Week,weekly,2026-08-28,5-9_day,3,1,call,1,490.0,4.75,0.0,0.0,3568.0,2848.0,0.007822421875,4.712792459322263e-08,7.508132747561059e-07,-1.732177538934257e-08,1.149585325124214e-07,1.8900457058228246e-09
MSFT,2026-08-25,2026-08-24,Start of Week,weekly,2026-08-28,5-9_day,3,1,put,1,490.0,7.05,0.0,0.0,490.0,1157.0,1.0000000000000003e-05,-1.0,0.0,0.049723211095267596,0.0,-0.04026171021795614
MSFT,2026-08-25,2026-08-24,Start of Week,weekly,2026-08-28,5-9_day,3,1,call,2,492.5,3.85,0.0,0.0,670.0,632.0,0.015634843750000002,1.92233933810627e-10,1.7821394908928058e-09,-1.516371646638854e-10,5.453851060660986e-10,7.708758092781728e-12
MSFT,2026-08-25,2026-08-24,Start of Week,weekly,2026-08-28,5-9_day,3,1,put,2,492.5,8.1,0.0,0.0,63.0,132.0,1.0000000000000003e-05,-1.0,0.0,0.04997690094779447,0.0,-0.040467127106823264
MSFT,2026-08-25,2026-08-24,Start of Week,monthly,2026-09-25,20-45_day,23,1,call,-2,480.0,21.0,0.0,0.0,79.0,168.0,1.0000000000000003e-05,1.0,0.0,-0.04857020947546741,0.0,0.40639042503228573
MSFT,2026-08-25,2026-08-24,Start of Week,monthly,2026-09-25,20-45_day,23,1,put,-2,480.0,10.6,0.0,0.0,27.0,161.0,0.015634843750000002,-7.782320917470997e-06,1.5861952802786718e-05,-8.790408297250521e-07,5.016013215858729e-05,-3.228616994275425e-06
MSFT,2026-08-25,2026-08-24,Start of Week,monthly,2026-09-25,20-45_day,23,1,call,-1,485.0,17.63,0.0,0.0,47.0,237.0,1.0000000000000003e-05,1.0,0.0,-0.04907614915750353,0.0,0.41062365862637207
MSFT,2026-08-25,2026-08-24,Start of Week,monthly,2026-09-25,20-45_day,23,1,put,-1,485.0,12.45,0.0,0.0,36.0,146.0,0.0039162109375,-1.1102230246251565e-16,2.4748693413046198e-15,-4.134766114096951e-18,1.9603193421573334e-15,-6.900768101628354e-17
MSFT,2026-08-25,2026-08-24,Start of Week,monthly,2026-09-25,20-45_day,23,1,call,0,490.0,14.83,0.0,0.0,124.0,198.0,0.0039162109375,0.204425297676481,0.5092895999171457,-0.012667873544618619,0.4034032168142108,0.08467300454728473
MSFT,2026-08-25,2026-08-24,Start of Week,monthly,2026-09-25,20-45_day,23,1,put,0,490.0,14.78,0.0,0.0,24.0,116.0,1.0000000000000003e-05,-1.0,0.0,0.04958208883953964,0.0,-0.41485689222045835
MSFT,2026-08-25,2026-08-24,Start of Week,monthly,2026-09-25,20-45_day,23,1,call,1,495.0,12.22,0.0,0.0,22.0,159.0,0.015634843750000002,0.00748993539600289,0.00930258960579052,-0.0011122971177929763,0.029417508036058117,0.0030996771403945895
MSFT,2026-08-25,2026-08-24,Start of Week,monthly,2026-09-25,20-45_day,23,1,put,1,495.0,16.99,0.0,0.0,2.0,135.0,1.0000000000000003e-05,-1.0,0.0,0.05008802852157577,0.0,-0.41909012581454463
MSFT,2026-08-25,2026-08-24,Start of Week,monthly,2026-09-25,20-45_day,23,1,call,2,500.0,9.95,0.0,0.0,138.0,304.0,0.015634843750000002,1.753914134814024e-06,3.8158955101750285e-06,-3.911008753200264e-07,1.2066977217339344e-05,7.262785489705666e-07
MSFT,2026-08-25,2026-08-24,Start of Week,monthly,2026-09-25,20-45_day,23,1,put,2,500.0,20.8,0.0,0.0,3.0,78.0,1.0000000000000003e-05,-1.0,0.0,0.05059396820361189,0.0,-0.423323359408631
GLD,2026-08-25,2026-08-24,Start of Week,weekly,2026-08-28,5-9_day,3,3,call,-2,421.0,8.43,0.0,0.0,79.0,550.0,1.0000000000000003e-05,1.0,0.0,-0.04272137116552584,0.0,0.03459220408522354
GLD,2026-08-25,2026-08-24,Start of Week,weekly,2026-08-28,5-9_day,3,3,put,-2,421.0,2.51,0.0,0.0,87.0,87.0,0.015634843750000002,-6.0475986393138115e-06,4.619361595756176e-05,-2.514120225536391e-06,1.0646091496679553e-05,-2.1056361522131683e-07
GLD,2026-08-25,2026-08-24,Start of Week,weekly,2026-08-28,5-9_day,3,3,call,-1,422.0,7.2,0.0,0.0,163.0,561.0,1.0000000000000003e-05,1.0,0.0,-0.04282284710653659,0.0,0.034674370840770394
GLD,2026-08-25,2026-08-24,Start of Week,weekly,2026-08-28,5-9_day,3,3,put,-1,422.0,2.9,0.0,0.0,102.0,143.0,0.007822421875,-3.3379891073437307e-08,6.19509285637638e-07,-7.87800528156043e-09,7.143379847180983e-08,-1.1620106971617899e-09
GLD,2026-08-25,2026-08-24,Start of Week,weekly,2026-08-28,5-9_day,3,3,call,0,423.0,7.22,0.0,0.0,282.0,262.0,1.0000000000000003e-05,1.0,0.0,-0.04292432304754734,0.0,0.03475653759631724
GLD,2026-08-25,2026-08-24,Start of Week,weekly,2026-08-28,5-9_day,3,3,put,0,423.0,3.2,0.0,0.0,285.0,386.0,0.0039162109375,-1.905795656775844e-05,0.0005499501057149795,-1.2528280026481986e-06,3.1747099667763686e-05,-6.634097139836669e-07
GLD,2026-08-25,2026-08-24,Start of Week,weekly,2026-08-28,5-9_day,3,3,call,1,424.0,6.75,0.0,0.0,395.0,344.0,0.0039162109375,0.005669506305621679,0.10753982564628399,-0.0006488839320045431,0.0062079769193023986,0.00019731834156864886
GLD,2026-08-25,2026-08-24,Start of Week,weekly,2026-08-28,5-9_day,3,3,put,1,424.0,3.78,0.0,0.0,162.0,94.0,1.0000000000000003e-05,-1.0,0.0,0.04302579898855809,0.0,-0.034838704351864085
GLD,2026-08-25,2026-08-24,Start of Week,weekly,2026-08-28,5-9_day,3,3,call,2,425.0,6.2,0.0,0.0,4216.0,62900.0,0.007822421875,2.225372173704885e-06,3.549314950679732e-05,-6.292175671005464e-07,4.0926109547958935e-06,7.74483763232064e-08
GLD,2026-08-25,2026-08-24,Start of Week,weekly,2026-08-28,5-9_day,3,3,put,2,425.0,4.2,0.0,0.0,3614.0,1643.0,1.0000000000000003e-05,-1.0,0.0,0.04312727492956884,0.0,-0.03492087110741094
GLD,2026-08-25,2026-08-24,Start of Week,monthly,2026-09-25,20-45_day,23,3,call,-2,421.0,16.1,0.0,0.0,22.0,38.0,1.0000000000000003e-05,1.0,0.0,-0.0426001212274412,0.0,0.3564382686220673
GLD,2026-08-25,2026-08-24,Start of Week,monthly,2026-09-25,20-45_day,23,3,put,-2,421.0,9.73,0.0,0.0,2.0,4.0,0.0039162109375,-1.1102230246251565e-15,1.904717548247375e-14,-2.258207041408073e-17,1.1361921585598643e-14,-4.115357429927451e-16
GLD,2026-08-25,2026-08-24,Start of Week,monthly,2026-09-25,20-45_day,23,3,call,-1,422.0,16.8,0.0,0.0,4.0,11.0,1.0000000000000003e-05,1.0,0.0,-0.042701309163848435,0.0,0.35728491534088447
GLD,2026-08-25,2026-08-24,Start of Week,monthly,2026-09-25,20-45_day,23,3,put,-1,422.0,9.93,0.0,0.0,6.0,6.0,0.0039162109375,-2.5192961050635176e-09,3.131675712298489e-08,-9.680006489932266e-12,1.868090830968604e-08,-9.062992551143321e-10
GLD,2026-08-25,2026-08-24,Start of Week,monthly,2026-09-25,20-45_day,23,3,call,0,423.0,14.55,0.0,0.0,14.0,59.0,1.0000000000000003e-05,1.0,0.0,-0.04280249710025566,0.0,0.35813156205970176
GLD,2026-08-25,2026-08-24,Start of Week,monthly,2026-09-25,20-45_day,23,3,put,0,423.0,11.5,0.0,0.0,22.0,25.0,0.000986552734375,0.0,6.970119573773367e-49,7.59431100162288e-53,1.0474074578015168e-49,-2.029919034512252e-51
GLD,2026-08-25,2026-08-24,Start of Week,monthly,2026-09-25,20-45_day,23,3,call,1,424.0,16.65,0.0,0.0,2.0,9.0,0.000986552734375,0.999999999993034,3.9480225601941494e-10,-0.04290368503645783,5.932736489450712e-11,0.3589782087760135
GLD,2026-08-25,2026-08-24,Start of Week,monthly,2026-09-25,20-45_day,23,3,put,1,424.0,12.0,0.0,0.0,11.0,12.0,1.0000000000000003e-05,0.0,0.0,0.0,0.0,-0.0
GLD,2026-08-25,2026-08-24,Start of Week,monthly,2026-09-25,20-45_day,23,3,call,2,425.0,14.32,0.0,0.0,105.0,350.0,0.0039162109375,0.35907676417244483,0.7733550410755844,-0.018337607559061928,0.4613177078466766,0.12905127436441874
GLD,2026-08-25,2026-08-24,Start of Week,monthly,2026-09-25,20-45_day,23,3,put,2,425.0,11.67,0.0,0.0,308.0,310.0,1.0000000000000003e-05,-1.0,0.0,0.0430048729730701,0.0,-0.35982485549733634
VIX,2026-08-25,2026-08-24,Start of Week,weekly,2026-08-26,5-9_day,1,3,call,-2,14.5,1.44,1.01,1.8,1.0,351.0,1.1484417578125,0.927868109491873,0.14466341229686486,-0.06660096320946887,0.0011362895171897443,0.00036514081297208447
VIX,2026-08-25,2026-08-24,Start of Week,weekly,2026-08-26,5-9_day,1,3,put,-2,14.5,0.02,0.0,0.04,943.0,17443.0,0.73437765625,-0.012049155584388793,0.051610020729222585,-0.009498822311721248,0.00025922376151758743,-5.285994618563965e-06
VIX,2026-08-25,2026-08-24,Start of Week,weekly,2026-08-26,5-9_day,1,3,call,-1,15.0,1.18,0.0,0.0,260.0,3347.0,1.0000000000000003e-05,1.0,0.0,-0.0015224481616157581,0.0,0.00041091719108400854
VIX,2026-08-25,2026-08-24,Start of Week,weekly,2026-08-26,5-9_day,1,3,put,-1,15.0,0.03,0.01,0.07,8.0,29186.0,0.5937540625000001,-0.04544779151721201,0.19457648050984977,-0.023384376486098122,0.0007901658529169905,-1.9927874854059196e-05
VIX,2026-08-25,2026-08-24,Start of Week,weekly,2026-08-26,5-9_day,1,3,call,0,16.0,0.42,0.05,0.38,26.0,8697.0,0.648441015625,0.36292686759212966,0.6995682084357752,-0.10116056717367122,0.003102571953132522,0.00015352814262884653
VIX,2026-08-25,2026-08-24,Start of Week,weekly,2026-08-26,5-9_day,1,3,put,0,16.0,0.3,0.22,0.63,389.0,8485.0,0.6718782812500002,-0.6320204157238893,0.678292436334577,-0.10366256484568173,0.0031169432613658028,-0.0002827960150891122
VIX,2026-08-25,2026-08-24,Start of Week,weekly,2026-08-26,5-9_day,1,3,call,1,17.0,0.2,0.0,0.0,4.0,3826.0,0.2500075,1.2044774936996774e-08,3.349060902341003e-07,-7.1777486964498855e-09,5.726607298859287e-10,5.202382051006534e-12
VIX,2026-08-25,2026-08-24,Start of Week,weekly,2026-08-26,5-9_day,1,3,put,1,17.0,1.03,0.68,1.47,657.0,1390.0,1.4765651171875,-0.8178512813855436,0.21648577449974146,-0.15996314553334548,0.0021862674452483633,-0.000390058521250181
VIX,2026-08-25,2026-08-24,Start of Week,weekly,2026-08-26,5-9_day,1,3,call,2,18.0,0.08,0.02,0.13,2.0,5639.0,1.3437532812499997,0.034622051222696675,0.06891435599125463,-0.04260799341296059,0.0006333598946341941,1.4580724083776193e-05
VIX,2026-08-25,2026-08-24,Start of Week,weekly,2026-08-26,5-9_day,1,3,put,2,18.0,2.08,1.39,2.59,31.0,1124.0,2.3671915820312495,-0.8387525599841357,0.12491711822327285,-0.23779140054012096,0.0020224448347792873,-0.00042761643538707684
VIX,2026-08-25,2026-08-24,Start of Week,monthly,2026-09-23,20-45_day,21,3,call,-2,14.5,3.75,0.0,0.0,26.0,977.0,1.0000000000000003e-05,1.0,0.0,-0.0014675229749259635,0.0,0.011486684790611998
VIX,2026-08-25,2026-08-24,Start of Week,monthly,2026-09-23,20-45_day,21,3,put,-2,14.5,0.21,0.0,0.23,0.0,6.0,0.401373173828125,-0.20003167182141546,0.15663265430865864,-0.008286979702560267,0.012469526658628946,-0.0026786135993333176
VIX,2026-08-25,2026-08-24,Start of Week,monthly,2026-09-23,20-45_day,21,3,call,-1,15.0,3.35,0.0,0.0,10.0,709.0,1.0000000000000003e-05,1.0,0.0,-0.0015181272154406518,0.0,0.011882777369598618
VIX,2026-08-25,2026-08-24,Start of Week,monthly,2026-09-23,20-45_day,21,3,put,-1,15.0,0.1,0.0,0.0,5.0,58.0,0.062509375,-0.0008895034445364214,0.01086153940333673,-1.308000369132468e-05,0.00013466534763102391,-1.1220574773629654e-05
VIX,2026-08-25,2026-08-24,Start of Week,monthly,2026-09-23,20-45_day,21,3,call,0,16.0,2.57,0.0,0.0,56.0,525.0,0.015634843750000002,0.01447775000269359,0.5275439868139744,-6.72832967818876e-05,0.001635955704128273,0.00018146289601104508
VIX,2026-08-25,2026-08-24,Start of Week,monthly,2026-09-23,20-45_day,21,3,put,0,16.0,0.36,0.0,0.0,1.0,25.0,1.0000000000000003e-05,-1.0,0.0,0.0016193356964700287,0.0,-0.012674962527571861
VIX,2026-08-25,2026-08-24,Start of Week,monthly,2026-09-23,20-45_day,21,3,call,1,17.0,1.96,0.0,0.0,87.0,973.0,0.062509375,3.463751247698321e-05,0.0005232334766842817,-7.544919162298311e-07,6.487240474239945e-06,4.33089940009477e-07
VIX,2026-08-25,2026-08-24,Start of Week,monthly,2026-09-23,20-45_day,21,3,put,1,17.0,0.81,0.42,1.32,52.0,84.0,0.27246821289062495,-0.8096002056754072,0.2239183292631416,-0.004257124610775249,0.0121010987814925,-0.011174527689710008
VIX,2026-08-25,2026-08-24,Start of Week,monthly,2026-09-23,20-45_day,21,3,call,2,18.0,1.68,0.0,0.0,69.0,712.0,0.12500875,0.00016005174631521783,0.0011051835710069948,-6.160664901459812e-06,2.7402750135278983e-05,1.991931240385702e-06
VIX,2026-08-25,2026-08-24,Start of Week,monthly,2026-09-23,20-45_day,21,3,put,2,18.0,1.36,1.02,2.94,1.0,51.0,0.8339860351562498,-0.6643945778230922,0.09815537313415733,-0.021988932535398624,0.01623649094834042,-0.01062652977787257
ETHA,2026-08-25,2026-08-24,Start of Week,weekly,2026-08-28,5-9_day,3,3,call,-2,17.5,1.26,0.0,0.0,272.0,15636.0,1.0000000000000003e-05,1.0,0.0,-0.0017758289676881283,0.0,0.0014379182220698621
ETHA,2026-08-25,2026-08-24,Start of Week,weekly,2026-08-28,5-9_day,3,3,put,-2,17.5,0.12,0.0,0.0,1869.0,2344.0,0.2500075,-0.001645803892491693,0.012532137413512764,-0.00037188052775511814,9.000310671234112e-05,-2.5454796216279137e-06
ETHA,2026-08-25,2026-08-24,Start of Week,weekly,2026-08-28,5-9_day,3,3,call,-1,18.0,0.9,0.0,0.0,8756.0,5972.0,1.0000000000000003e-05,1.0,0.0,-0.0018265669381935035,0.0,0.0014790015998432868
ETHA,2026-08-25,2026-08-24,Start of Week,weekly,2026-08-28,5-9_day,3,3,put,-1,18.0,0.23,0.0,0.0,11420.0,6523.0,0.12500875,-0.000368682809240517,0.006323456846567888,-4.660944862485023e-05,2.2707759543330667e-05,-5.681743480200904e-07
ETHA,2026-08-25,2026-08-24,Start of Week,weekly,2026-08-28,5-9_day,3,3,call,0,18.5,0.58,0.0,0.0,2030.0,8267.0,1.0000000000000003e-05,1.0,0.0,-0.0018773049086988785,0.0,0.0015200849776167116
ETHA,2026-08-25,2026-08-24,Start of Week,weekly,2026-08-28,5-9_day,3,3,put,0,18.5,0.43,0.0,0.0,2390.0,1218.0,0.0312596875,-6.98431017973622e-05,0.005330488087725111,-2.3611879500921585e-06,4.786641748136334e-06,-1.07390666390434e-07
ETHA,2026-08-25,2026-08-24,Start of Week,weekly,2026-08-28,5-9_day,3,3,call,1,19.0,0.39,0.0,0.0,68142.0,30485.0,0.062509375,0.0025628448242259526,0.07491593686895376,-0.00014500507190344844,0.00013452366371626866,3.93136543308451e-06
ETHA,2026-08-25,2026-08-24,Start of Week,weekly,2026-08-28,5-9_day,3,3,put,1,19.0,0.66,0.0,0.0,1586.0,1668.0,1.0000000000000003e-05,-1.0,0.0,0.0019280428792042537,0.0,-0.0015611683553901363
ETHA,2026-08-25,2026-08-24,Start of Week,weekly,2026-08-28,5-9_day,3,3,call,2,19.5,0.24,0.0,0.0,619.0,292.0,0.12500875,0.00011330240863656071,0.0021007892374376017,-1.5932210677871405e-05,7.544009236157267e-06,1.7362316243910378e-07
ETHA,2026-08-25,2026-08-24,Start of Week,weekly,2026-08-28,5-9_day,3,3,put,2,19.5,1.13,0.0,0.0,31.0,26.0,1.0000000000000003e-05,-1.0,0.0,0.001978780849709629,0.0,-0.0016022517331635607
ETHA,2026-08-25,2026-08-24,Start of Week,monthly,2026-09-25,20-45_day,23,3,call,-2,17.5,2.15,0.0,0.0,32.0,638.0,1.0000000000000003e-05,1.0,0.0,-0.001770788887126416,0.0,0.014816317579302083
ETHA,2026-08-25,2026-08-24,Start of Week,monthly,2026-09-25,20-45_day,23,3,put,-2,17.5,0.73,0.0,0.0,255.0,293.0,0.062509375,-7.009295487558909e-05,0.0008320453236777006,-1.4229732938065744e-06,1.543874147438111e-05,-1.1177144385366076e-06
ETHA,2026-08-25,2026-08-24,Start of Week,monthly,2026-09-25,20-45_day,23,3,call,-1,18.0,1.63,0.0,0.0,35.0,165.0,1.0000000000000003e-05,1.0,0.0,-0.0018213828553300278,0.0,0.015239640938710714
ETHA,2026-08-25,2026-08-24,Start of Week,monthly,2026-09-25,20-45_day,23,3,put,-1,18.0,0.9,0.0,0.0,22.0,37.0,0.0312596875,-3.264303645500455e-06,9.032270849943672e-05,-3.605046875235718e-08,8.381106098842907e-07,-5.192692588650602e-08
ETHA,2026-08-25,2026-08-24,Start of Week,monthly,2026-09-25,20-45_day,23,3,call,0,18.5,1.4,0.0,0.0,94.0,11900.0,1.0000000000000003e-05,1.0,0.0,-0.0018719768235336395,0.0,0.015662964298119347
ETHA,2026-08-25,2026-08-24,Start of Week,monthly,2026-09-25,20-45_day,23,3,put,0,18.5,1.19,0.0,0.0,51.0,50.0,0.015634843750000002,-0.0013763344219167584,0.05295744570075999,-3.582658690236813e-06,0.0002457764851902316,-2.1881627379424442e-05
ETHA,2026-08-25,2026-08-24,Start of Week,monthly,2026-09-25,20-45_day,23,3,call,1,19.0,1.2,0.0,0.0,65.0,199.0,0.015634843750000002,0.002126565969163204,0.07869202992016176,-1.3239842383780172e-05,0.0003652111666326903,3.3720415699590435e-05
ETHA,2026-08-25,2026-08-24,Start of Week,monthly,2026-09-25,20-45_day,23,3,put,1,19.0,1.47,0.0,0.0,35.0,34.0,1.0000000000000003e-05,-1.0,0.0,0.0019225707917372517,0.0,-0.016086287657527974
ETHA,2026-08-25,2026-08-24,Start of Week,monthly,2026-09-25,20-45_day,23,3,call,2,19.5,1.06,0.0,0.0,34.0,32.0,0.0312596875,9.440513313958325e-06,0.0002489413195878696,-1.3434493748138308e-07,2.3099435861856455e-06,1.4960522024216407e-07
ETHA,2026-08-25,2026-08-24,Start of Week,monthly,2026-09-25,20-45_day,23,3,put,2,19.5,1.61,0.0,0.0,1.0,1.0,1.0000000000000003e-05,-1.0,0.0,0.0019731647599408636,0.0,-0.01650961101693661
META,2026-08-25,2026-08-24,Start of Week,aligned,2026-08-26,2-4_day,1,1,call,-2,562.5,4.76,0.0,0.0,1662.0,766.0,1.0000000000000003e-05,1.0,0.0,-0.05709180606059093,0.0,0.015409394665650323
META,2026-08-25,2026-08-24,Start of Week,aligned,2026-08-26,2-4_day,1,1,put,-2,562.5,7.69,0.0,0.0,91.0,42.0,0.0312596875,-4.871646464010837e-08,2.890279690427555e-07,-1.2173642387014993e-07,7.968275997762977e-08,-7.574858271396294e-10
META,2026-08-25,2026-08-24,Start of Week,aligned,2026-08-26,2-4_day,1,1,call,-1,565.0,4.0,0.0,0.0,7495.0,1129.0,1.0000000000000003e-05,1.0,0.0,-0.05734554742086022,0.0,0.015477880864164325
META,2026-08-25,2026-08-24,Start of Week,aligned,2026-08-26,2-4_day,1,1,put,-1,565.0,9.18,0.0,0.0,124.0,133.0,0.015634843750000002,-8.054551892122674e-08,9.399348532863899e-07,-9.668043884793403e-08,1.2960780758135468e-07,-1.2522138362563095e-09
META,2026-08-25,2026-08-24,Start of Week,aligned,2026-08-26,2-4_day,1,1,call,0,567.5,3.05,0.0,0.0,858.0,332.0,0.000986552734375,0.006735788155478888,0.6429040672580296,-0.0006638491446845667,0.0055937923799608165,0.0001047019147837705
META,2026-08-25,2026-08-24,Start of Week,aligned,2026-08-26,2-4_day,1,1,put,0,567.5,11.7,0.0,0.0,8.0,53.0,1.0000000000000003e-05,-1.0,0.0,0.05759928878112951,0.0,-0.015546367062678326
META,2026-08-25,2026-08-24,Start of Week,aligned,2026-08-26,2-4_day,1,1,call,1,570.0,2.45,0.0,0.0,4866.0,1566.0,0.015634843750000002,1.6313129950668196e-08,2.0017051231214035e-07,-2.2516671655648963e-08,2.7601552546438313e-08,2.5354213466769325e-10
META,2026-08-25,2026-08-24,Start of Week,aligned,2026-08-26,2-4_day,1,1,put,1,570.0,12.78,0.0,0.0,110.0,163.0,1.0000000000000003e-05,-1.0,0.0,0.0578530301413988,0.0,-0.015614853261192328
META,2026-08-25,2026-08-24,Start of Week,aligned,2026-08-26,2-4_day,1,1,call,2,572.5,1.96,0.0,0.0,1085.0,351.0,0.0312596875,2.6889512301167506e-08,1.6253848754701286e-07,-7.158644051891086e-08,4.4810595089569654e-08,4.1786250778465177e-10
META,2026-08-25,2026-08-24,Start of Week,aligned,2026-08-26,2-4_day,1,1,put,2,572.5,14.3,0.0,0.0,16.0,62.0,1.0000000000000003e-05,-1.0,0.0,0.0581067715016681,0.0,-0.01568333945970633
META,2026-08-25,2026-08-24,Start of Week,weekly,2026-08-28,5-9_day,3,1,call,-2,562.5,7.8,0.0,0.0,528.0,249.0,1.0000000000000003e-05,1.0,0.0,-0.05708021681854699,0.0,0.046218799995102706
META,2026-08-25,2026-08-24,Start of Week,weekly,2026-08-28,5-9_day,3,1,put,-2,562.5,9.84,0.0,0.0,25.0,21.0,0.015634843750000002,-1.5149048682161492e-10,1.2147766069893083e-09,-1.2221983827005344e-10,5.025173782497113e-10,-7.065997370749455e-12
META,2026-08-25,2026-08-24,Start of Week,weekly,2026-08-28,5-9_day,3,1,call,-1,565.0,6.79,0.0,0.0,1519.0,946.0,1.0000000000000003e-05,1.0,0.0,-0.05733390667107385,0.0,0.04642421688396983
META,2026-08-25,2026-08-24,Start of Week,weekly,2026-08-28,5-9_day,3,1,put,-1,565.0,11.95,0.0,0.0,166.0,683.0,0.007822421875,-1.2082090883325236e-10,1.9467216262268157e-09,-4.5569587256664513e-11,4.0290829412639446e-10,-5.634864059264402e-12
META,2026-08-25,2026-08-24,Start of Week,weekly,2026-08-28,5-9_day,3,1,call,0,567.5,5.9,0.0,0.0,290.0,268.0,0.000986552734375,0.8004370913188514,5.509682057780499,-0.048458513365807046,0.1438162507305298,0.03732292231434437
META,2026-08-25,2026-08-24,Start of Week,weekly,2026-08-28,5-9_day,3,1,put,0,567.5,13.5,0.0,0.0,80.0,134.0,1.0000000000000003e-05,0.0,0.0,0.0,0.0,-0.0
META,2026-08-25,2026-08-24,Start of Week,weekly,2026-08-28,5-9_day,3,1,call,1,570.0,5.0,0.0,0.0,2783.0,1997.0,0.015634843750000002,0.001155075646539428,0.004778422927671221,-0.0005815848073838267,0.0019766931203366394,5.3843460823547784e-05
META,2026-08-25,2026-08-24,Start of Week,weekly,2026-08-28,5-9_day,3,1,put,1,570.0,15.2,0.0,0.0,264.0,836.0,1.0000000000000003e-05,-1.0,0.0,0.057841286376127614,0.0,-0.046835050661704083
META,2026-08-25,2026-08-24,Start of Week,weekly,2026-08-28,5-9_day,3,1,call,2,572.5,4.35,0.0,0.0,358.0,710.0,0.015634843750000002,4.267132069761451e-10,3.3374188140214706e-09,-3.8432552081617477e-10,1.3805920717389078e-09,1.989460128475877e-11
META,2026-08-25,2026-08-24,Start of Week,weekly,2026-08-28,5-9_day,3,1,put,2,572.5,21.49,0.0,0.0,5.0,97.0,1.0000000000000003e-05,-1.0,0.0,0.058094976228654484,0.0,-0.04704046755057121
META,2026-08-25,2026-08-24,Start of Week,monthly,2026-09-25,20-45_day,23,1,call,-2,555.0,26.64,0.0,0.0,116.0,154.0,1.0000000000000003e-05,1.0,0.0,-0.056159304706009196,0.0,0.4698889289435803
META,2026-08-25,2026-08-24,Start of Week,monthly,2026-09-25,20-45_day,23,1,put,-2,555.0,20.5,0.0,0.0,27.0,208.0,0.015634843750000002,-1.5944131015466212e-08,3.5162542180890194e-08,-2.8713641941407927e-09,1.5030567229063966e-07,-7.689067643294885e-09
META,2026-08-25,2026-08-24,Start of Week,monthly,2026-09-25,20-45_day,23,1,call,-1,560.0,24.15,0.0,0.0,131.0,148.0,1.0000000000000003e-05,1.0,0.0,-0.056665244388045315,0.0,0.47412216253766665
META,2026-08-25,2026-08-24,Start of Week,monthly,2026-09-25,20-45_day,23,1,put,-1,560.0,22.98,0.0,0.0,11.0,343.0,0.007822421875,-5.522249324485529e-13,3.096071661192386e-12,-5.173091276565097e-14,6.621460575161767e-12,-2.6616319215957753e-13
META,2026-08-25,2026-08-24,Start of Week,monthly,2026-09-25,20-45_day,23,1,call,0,565.0,22.0,0.0,0.0,37.0,144.0,1.0000000000000003e-05,1.0,0.0,-0.05717118407008143,0.0,0.478355396131753
META,2026-08-25,2026-08-24,Start of Week,monthly,2026-09-25,20-45_day,23,1,put,0,565.0,25.25,0.0,0.0,8.0,158.0,0.0039162109375,-6.577993705292329e-11,6.678385482605823e-10,-7.275820684752413e-13,7.150544574366693e-10,-3.170314781433371e-11
META,2026-08-25,2026-08-24,Start of Week,monthly,2026-09-25,20-45_day,23,1,call,1,570.0,20.19,0.0,0.0,30.0,131.0,0.0039162109375,0.09775507733005562,0.2665577556625666,-0.007429618923477633,0.2854032787524296,0.047080490722626635
META,2026-08-25,2026-08-24,Start of Week,monthly,2026-09-25,20-45_day,23,1,put,1,570.0,33.05,0.0,0.0,5.0,241.0,1.0000000000000003e-05,-1.0,0.0,0.057677123752117546,0.0,-0.48258862972583927
META,2026-08-25,2026-08-24,Start of Week,monthly,2026-09-25,20-45_day,23,1,call,2,575.0,18.0,0.0,0.0,25.0,165.0,0.007822421875,3.7623145708414604e-06,1.3623188526053245e-05,-5.841739721217424e-07,2.9135438583006512e-05,1.8121210981258901e-06
META,2026-08-25,2026-08-24,Start of Week,monthly,2026-09-25,20-45_day,23,1,put,2,575.0,35.29,0.0,0.0,3.0,111.0,1.0000000000000003e-05,-1.0,0.0,0.05818306343415367,0.0,-0.4868218633199256
SLV,2026-08-25,2026-08-24,Start of Week,weekly,2026-08-28,5-9_day,3,3,call,-2,60.0,2.6,0.0,0.0,616.0,7997.0,1.0000000000000003e-05,1.0,0.0,-0.006088556460645012,0.0,0.004930005332810956
SLV,2026-08-25,2026-08-24,Start of Week,weekly,2026-08-28,5-9_day,3,3,put,-2,60.0,0.38,0.0,0.0,1537.0,2735.0,0.062509375,-0.0004055896338365228,0.004225579479129289,-8.200014581808937e-05,8.112760000230692e-05,-2.0408478464632793e-06
SLV,2026-08-25,2026-08-24,Start of Week,weekly,2026-08-28,5-9_day,3,3,call,-1,60.5,2.23,0.0,0.0,51.0,36.0,1.0000000000000003e-05,1.0,0.0,-0.006139294431150388,0.0,0.004971088710584381
SLV,2026-08-25,2026-08-24,Start of Week,weekly,2026-08-28,5-9_day,3,3,put,-1,60.5,0.52,0.0,0.0,255.0,238.0,0.0312596875,-8.351620458380005e-05,0.0019289890847784845,-9.130483400083827e-06,1.8520452754146124e-05,-4.198996233307463e-07
SLV,2026-08-25,2026-08-24,Start of Week,weekly,2026-08-28,5-9_day,3,3,call,0,61.0,1.91,0.0,0.0,2120.0,2928.0,1.0000000000000003e-05,1.0,0.0,-0.006190032401655762,0.0,0.005012172088357806
SLV,2026-08-25,2026-08-24,Start of Week,weekly,2026-08-28,5-9_day,3,3,put,0,61.0,0.69,0.0,0.0,922.0,1934.0,0.007822421875,-0.0002999330524307009,0.025508740336357496,-6.128740166187756e-06,6.128687034566457e-05,-1.507251654127309e-06
SLV,2026-08-25,2026-08-24,Start of Week,weekly,2026-08-28,5-9_day,3,3,call,1,61.5,1.45,0.0,0.0,241.0,219.0,0.015634843750000002,2.653409513021168e-05,0.0013061653559477949,-1.7990432295349077e-06,6.2723300519183115e-06,1.3327521815498115e-07
SLV,2026-08-25,2026-08-24,Start of Week,weekly,2026-08-28,5-9_day,3,3,put,1,61.5,0.93,0.0,0.0,343.0,139.0,1.0000000000000003e-05,-1.0,0.0,0.006240770372161137,0.0,-0.00505325546613123
SLV,2026-08-25,2026-08-24,Start of Week,weekly,2026-08-28,5-9_day,3,3,call,2,62.0,1.36,0.0,0.0,2353.0,5012.0,0.0312596875,5.369208484967211e-07,1.5707600574858417e-05,-8.190135916897205e-08,1.5081053419287265e-07,2.696239995616673e-09
SLV,2026-08-25,2026-08-24,Start of Week,weekly,2026-08-28,5-9_day,3,3,put,2,62.0,1.11,0.0,0.0,1205.0,1663.0,1.0000000000000003e-05,-1.0,0.0,0.006291508342666512,0.0,-0.005094338843904655
SLV,2026-08-25,2026-08-24,Start of Week,monthly,2026-09-25,20-45_day,23,3,call,-2,60.0,4.29,0.0,0.0,39.0,705.0,1.0000000000000003e-05,1.0,0.0,-0.0060712761844334264,0.0,0.050798803129035716
SLV,2026-08-25,2026-08-24,Start of Week,monthly,2026-09-25,20-45_day,23,3,put,-2,60.0,2.21,0.0,0.0,124.0,211.0,0.015634843750000002,-8.432332720964553e-07,1.508072746993015e-05,-1.3634037848568072e-08,7.483305464081481e-07,-4.381818849112772e-08
SLV,2026-08-25,2026-08-24,Start of Week,monthly,2026-09-25,20-45_day,23,3,call,-1,60.5,4.35,0.0,0.0,12.0,136.0,1.0000000000000003e-05,1.0,0.0,-0.006121870152637039,0.0,0.051222126488444354
SLV,2026-08-25,2026-08-24,Start of Week,monthly,2026-09-25,20-45_day,23,3,put,-1,60.5,2.33,0.0,0.0,15.0,29.0,0.007822421875,-1.555045536782984e-09,6.791136229401915e-08,-1.1619362644848891e-11,1.6860145298164509e-09,-8.076534713948547e-11
SLV,2026-08-25,2026-08-24,Start of Week,monthly,2026-09-25,20-45_day,23,3,call,0,61.0,3.8,0.0,0.0,27.0,190.0,1.0000000000000003e-05,1.0,0.0,-0.006172464120840649,0.0,0.05164544984785297
SLV,2026-08-25,2026-08-24,Start of Week,monthly,2026-09-25,20-45_day,23,3,put,0,61.0,2.74,0.0,0.0,14.0,63.0,0.0039162109375,-1.8909663641597518e-06,0.00013071222395726238,1.474281284445402e-09,1.6246503783031847e-06,-9.81987601527667e-08
SLV,2026-08-25,2026-08-24,Start of Week,monthly,2026-09-25,20-45_day,23,3,call,1,61.5,3.59,0.0,0.0,13.0,283.0,0.007822421875,0.10283383203487412,1.2852371164597003,-0.0010399831607436636,0.03190818707521775,0.005333201986911149
SLV,2026-08-25,2026-08-24,Start of Week,monthly,2026-09-25,20-45_day,23,3,put,1,61.5,2.9,0.0,0.0,5.0,19.0,1.0000000000000003e-05,-1.0,0.0,0.006223058089044261,0.0,-0.05206877320726161
SLV,2026-08-25,2026-08-24,Start of Week,monthly,2026-09-25,20-45_day,23,3,call,2,62.0,3.5,0.0,0.0,156.0,273.0,0.015634843750000002,0.008007733051836167,0.07876232005472665,-0.0001481719656231937,0.003908316102154191,0.0004151242609584294
SLV,2026-08-25,2026-08-24,Start of Week,monthly,2026-09-25,20-45_day,23,3,put,2,62.0,3.15,0.0,0.0,17.0,36.0,1.0000000000000003e-05,-1.0,0.0,0.006273652057247874,0.0,-0.05249209656667024
NFLX,2026-08-25,2026-08-24,Start of Week,weekly,2026-08-28,5-9_day,3,3,call,-2,79.0,1.78,0.0,0.0,1724.0,2199.0,1.0000000000000003e-05,1.0,0.0,-0.008016599339849266,0.0,0.006491173688201092
NFLX,2026-08-25,2026-08-24,Start of Week,weekly,2026-08-28,5-9_day,3,3,put,-2,79.0,0.72,0.0,0.0,3623.0,2496.0,0.062509375,-2.5780427903576708e-08,3.138204706015169e-07,-1.0930382577113852e-08,1.0696383390979074e-08,-1.7275689834355764e-10
NFLX,2026-08-25,2026-08-24,Start of Week,weekly,2026-08-28,5-9_day,3,3,call,-1,80.0,1.22,0.0,0.0,10154.0,8665.0,1.0000000000000003e-05,1.0,0.0,-0.008118075280860015,0.0,0.006573340443747942
NFLX,2026-08-25,2026-08-24,Start of Week,weekly,2026-08-28,5-9_day,3,3,put,-1,80.0,1.14,0.0,0.0,3878.0,4321.0,0.062509375,-0.0006271867509421991,0.004747719014026882,-0.00016339778881855328,0.00016182316822523825,-4.205098293964609e-06
NFLX,2026-08-25,2026-08-24,Start of Week,weekly,2026-08-28,5-9_day,3,3,call,0,81.0,0.79,0.0,0.0,16228.0,9890.0,1.0000000000000003e-05,1.0,0.0,-0.008219551221870767,0.0,0.006655507199294791
NFLX,2026-08-25,2026-08-24,Start of Week,weekly,2026-08-28,5-9_day,3,3,put,0,81.0,1.69,0.0,0.0,2447.0,3316.0,0.015634843750000002,-1.8611492592524037e-05,0.0007002847084119965,-1.401759858823526e-06,5.970060379587221e-06,-1.246338714396294e-07
NFLX,2026-08-25,2026-08-24,Start of Week,weekly,2026-08-28,5-9_day,3,3,call,1,82.0,0.47,0.0,0.0,7847.0,9190.0,0.015634843750000002,2.916114708824378e-06,0.00011960992890672812,-2.8981621065836345e-07,1.0196974016333798e-06,1.9516371423246134e-08
NFLX,2026-08-25,2026-08-24,Start of Week,weekly,2026-08-28,5-9_day,3,3,put,1,82.0,2.34,0.0,0.0,459.0,1355.0,1.0000000000000003e-05,-1.0,0.0,0.008321027162881516,0.0,-0.006737673954841639
NFLX,2026-08-25,2026-08-24,Start of Week,weekly,2026-08-28,5-9_day,3,3,call,2,83.0,0.3,0.0,0.0,5728.0,8106.0,0.062509375,0.0005379454926792715,0.004119849202651962,-0.0001507363992510996,0.00014042260054010584,3.5958834671549363e-06
NFLX,2026-08-25,2026-08-24,Start of Week,weekly,2026-08-28,5-9_day,3,3,put,2,83.0,2.9,0.0,0.0,161.0,164.0,1.0000000000000003e-05,-1.0,0.0,0.008422503103892268,0.0,-0.006819840710388489
NFLX,2026-08-25,2026-08-24,Start of Week,monthly,2026-09-25,20-45_day,23,3,call,-2,79.0,3.95,0.0,0.0,28.0,322.0,1.0000000000000003e-05,1.0,0.0,-0.007993846976170678,0.0,0.0668850907865637
NFLX,2026-08-25,2026-08-24,Start of Week,monthly,2026-09-25,20-45_day,23,3,put,-2,79.0,2.17,0.0,0.0,24.0,97.0,0.0312596875,-0.00010675069449206376,0.0005672392248303305,-4.152742516407968e-06,9.990836713611535e-05,-7.4008635145764865e-06
NFLX,2026-08-25,2026-08-24,Start of Week,monthly,2026-09-25,20-45_day,23,3,call,-1,80.0,3.23,0.0,0.0,573.0,1263.0,1.0000000000000003e-05,1.0,0.0,-0.008095034912577901,0.0,0.06773173750538096
NFLX,2026-08-25,2026-08-24,Start of Week,monthly,2026-09-25,20-45_day,23,3,put,-1,80.0,2.85,0.0,0.0,592.0,2612.0,0.015634843750000002,-1.7836568815265963e-06,2.3234187536997035e-05,-3.685456015863663e-08,2.0467839840994484e-06,-1.2349960420361805e-07
NFLX,2026-08-25,2026-08-24,Start of Week,monthly,2026-09-25,20-45_day,23,3,call,0,81.0,2.74,0.0,0.0,144.0,436.0,1.0000000000000003e-05,1.0,0.0,-0.008196222848985127,0.0,0.06857838422419822
NFLX,2026-08-25,2026-08-24,Start of Week,monthly,2026-09-25,20-45_day,23,3,put,0,81.0,3.14,0.0,0.0,16.0,56.0,0.007822421875,-6.901179111273859e-05,0.001503925006315078,-2.6543475195070697e-07,6.628547749107455e-05,-4.7765645101217605e-06
NFLX,2026-08-25,2026-08-24,Start of Week,monthly,2026-09-25,20-45_day,23,3,call,1,82.0,2.3,0.0,0.0,44.0,500.0,0.007822421875,0.0581296894560072,0.6258069012243053,-0.000828134146386812,0.027582432029973302,0.004017297668188519
NFLX,2026-08-25,2026-08-24,Start of Week,monthly,2026-09-25,20-45_day,23,3,put,1,82.0,3.94,0.0,0.0,5.0,15.0,1.0000000000000003e-05,-1.0,0.0,0.008297410785392348,0.0,-0.06942503094301547
NFLX,2026-08-25,2026-08-24,Start of Week,monthly,2026-09-25,20-45_day,23,3,call,2,83.0,2.03,0.0,0.0,85.0,493.0,0.015634843750000002,0.000286179934671814,0.0028523450511864744,-8.699802765289262e-06,0.0002512734374118925,1.97740460484723e-05
NFLX,2026-08-25,2026-08-24,Start of Week,monthly,2026-09-25,20-45_day,23,3,put,2,83.0,4.47,0.0,0.0,10.0,25.0,1.0000000000000003e-05,-1.0,0.0,0.008398598721799573,0.0,-0.07027167766183275
PFE,2026-08-25,2026-08-24,Start of Week,weekly,2026-08-28,5-9_day,3,3,call,-2,27.0,1.06,0.0,0.0,327.0,4422.0,1.0000000000000003e-05,1.0,0.0,-0.002739850407290255,0.0,0.00221850239976493
PFE,2026-08-25,2026-08-24,Start of Week,weekly,2026-08-28,5-9_day,3,3,put,-2,27.0,0.04,0.0,0.0,1087.0,2132.0,0.12500875,-0.0012879393155821317,0.013413366220804872,-0.00022029968410192634,0.00010749449924721811,-2.9658831468376837e-06
PFE,2026-08-25,2026-08-24,Start of Week,weekly,2026-08-28,5-9_day,3,3,call,-1,27.5,0.62,0.0,0.0,320.0,4691.0,1.0000000000000003e-05,1.0,0.0,-0.0027905883777956304,0.0,0.002259585777538355
PFE,2026-08-25,2026-08-24,Start of Week,weekly,2026-08-28,5-9_day,3,3,put,-1,27.5,0.11,0.0,0.0,1485.0,2485.0,0.062509375,-0.002703443116971127,0.05262747505901078,-0.00021203800298522137,0.00021089473464114085,-6.216165770315773e-06
PFE,2026-08-25,2026-08-24,Start of Week,weekly,2026-08-28,5-9_day,3,3,call,0,28.0,0.28,0.0,0.0,2276.0,5732.0,0.007822421875,0.0006850703730499727,0.12003834202839413,-9.789727986902308e-06,6.0196226678336526e-05,1.5722456309327473e-06
PFE,2026-08-25,2026-08-24,Start of Week,weekly,2026-08-28,5-9_day,3,3,put,0,28.0,0.27,0.0,0.0,1959.0,13839.0,1.0000000000000003e-05,-1.0,0.0,0.0028413263483010056,0.0,-0.0023006691553117795
PFE,2026-08-25,2026-08-24,Start of Week,weekly,2026-08-28,5-9_day,3,3,call,1,28.5,0.1,0.0,0.0,2520.0,6270.0,0.062509375,0.0002149658859008096,0.005122116035418877,-2.1992913292939046e-05,2.0525919225262962e-05,4.927451586577609e-07
PFE,2026-08-25,2026-08-24,Start of Week,weekly,2026-08-28,5-9_day,3,3,put,1,28.5,0.55,0.0,0.0,30.0,559.0,1.0000000000000003e-05,-1.0,0.0,0.0028920643188063808,0.0,-0.0023417525330852043
PFE,2026-08-25,2026-08-24,Start of Week,weekly,2026-08-28,5-9_day,3,3,call,2,29.0,0.03,0.0,0.0,1978.0,4391.0,0.12500875,0.0004992224023843116,0.005606782940775807,-9.502729421501736e-05,4.4932667511286015e-05,1.1425243575292935e-06
PFE,2026-08-25,2026-08-24,Start of Week,weekly,2026-08-28,5-9_day,3,3,put,2,29.0,1.0,0.0,0.0,72.0,104.0,1.0000000000000003e-05,-1.0,0.0,0.0029428022893117555,0.0,-0.002382835910858629
PFE,2026-08-25,2026-08-24,Start of Week,monthly,2026-09-25,20-45_day,23,3,call,-2,27.0,1.42,0.0,0.0,39.0,654.0,1.0000000000000003e-05,1.0,0.0,-0.002732074282995042,0.0,0.02285946140806607
PFE,2026-08-25,2026-08-24,Start of Week,monthly,2026-09-25,20-45_day,23,3,put,-2,27.0,0.29,0.0,0.0,265.0,530.0,0.0312596875,-2.460060563158617e-05,0.00041405642794925,-3.6241864070990496e-07,8.574181027999423e-06,-5.847053057454671e-07
PFE,2026-08-25,2026-08-24,Start of Week,monthly,2026-09-25,20-45_day,23,3,call,-1,27.5,1.06,0.0,0.0,67.0,1034.0,1.0000000000000003e-05,1.0,0.0,-0.0027826682511986533,0.0,0.0232827847674747
PFE,2026-08-25,2026-08-24,Start of Week,monthly,2026-09-25,20-45_day,23,3,put,-1,27.5,0.45,0.0,0.0,33.0,98.0,0.015634843750000002,-2.2296378879294032e-05,0.0007541386377167018,-1.336961515233327e-07,7.81075872867288e-06,-5.293978293533042e-07
PFE,2026-08-25,2026-08-24,Start of Week,monthly,2026-09-25,20-45_day,23,3,call,0,28.0,0.78,0.0,0.0,123.0,970.0,0.0039162109375,0.6920650476976633,11.03596913028446,-0.0021405060139011865,0.028630243278362073,0.016396648876761524
PFE,2026-08-25,2026-08-24,Start of Week,monthly,2026-09-25,20-45_day,23,3,put,0,28.0,0.71,0.0,0.0,38.0,89.0,1.0000000000000003e-05,0.0,0.0,0.0,0.0,-0.0
PFE,2026-08-25,2026-08-24,Start of Week,monthly,2026-09-25,20-45_day,23,3,call,1,28.5,0.54,0.0,0.0,53.0,1139.0,0.015634843750000002,8.60863353124792e-05,0.0027020741539883885,-9.495150413997708e-07,2.798590103762134e-05,2.0397319683410155e-06
PFE,2026-08-25,2026-08-24,Start of Week,monthly,2026-09-25,20-45_day,23,3,put,1,28.5,0.99,0.0,0.0,2.0,17.0,1.0000000000000003e-05,-1.0,0.0,0.0028838561876058776,0.0,-0.024129431486291965
PFE,2026-08-25,2026-08-24,Start of Week,monthly,2026-09-25,20-45_day,23,3,call,2,29.0,0.35,0.0,0.0,41.0,507.0,0.0312596875,7.697424016717044e-05,0.0012164338374323876,-1.4877762857749994e-06,2.518961964287555e-05,1.8218847730138172e-06
PFE,2026-08-25,2026-08-24,Start of Week,monthly,2026-09-25,20-45_day,23,3,put,2,29.0,1.12,0.0,0.0,23.0,41.0,1.0000000000000003e-05,-1.0,0.0,0.0029344501558094893,0.0,-0.024552754845700596
SOFI,2026-08-25,2026-08-24,Start of Week,weekly,2026-08-28,5-9_day,3,3,call,-2,17.5,0.89,0.0,0.0,640.0,2268.0,1.0000000000000003e-05,1.0,0.0,-0.0017758289676881283,0.0,0.0014379182220698621
SOFI,2026-08-25,2026-08-24,Start of Week,weekly,2026-08-28,5-9_day,3,3,put,-2,17.5,0.14,0.0,0.0,5770.0,13075.0,0.12500875,-5.1786113522966915e-06,0.00011473094998459147,-8.20929437836238e-07,3.9866932614660886e-07,-7.845990104286661e-09
SOFI,2026-08-25,2026-08-24,Start of Week,weekly,2026-08-28,5-9_day,3,3,call,-1,18.0,0.56,0.0,0.0,3325.0,8110.0,1.0000000000000003e-05,1.0,0.0,-0.0018265669381935035,0.0,0.0014790015998432868
SOFI,2026-08-25,2026-08-24,Start of Week,weekly,2026-08-28,5-9_day,3,3,put,-1,18.0,0.3,0.0,0.0,12539.0,15223.0,0.062509375,-6.177241288085611e-05,0.002413781407806994,-4.254006667602058e-06,4.194062657482376e-06,-9.34930569041559e-08
SOFI,2026-08-25,2026-08-24,Start of Week,weekly,2026-08-28,5-9_day,3,3,call,0,18.5,0.31,0.0,0.0,11930.0,14197.0,0.0312596875,0.022995020966800846,1.0453412255534698,-0.000516104887672688,0.0009083109090343479,3.472035282166938e-05
SOFI,2026-08-25,2026-08-24,Start of Week,weekly,2026-08-28,5-9_day,3,3,put,0,18.5,0.56,0.0,0.0,12249.0,9779.0,1.0000000000000003e-05,-1.0,0.0,0.0018773049086988785,0.0,-0.0015200849776167116
SOFI,2026-08-25,2026-08-24,Start of Week,weekly,2026-08-28,5-9_day,3,3,call,1,19.0,0.17,0.0,0.0,18123.0,23583.0,0.12500875,0.002208222873323541,0.0332800345773024,-0.00024504633176197196,0.00011564210843587424,3.3266462599363304e-06
SOFI,2026-08-25,2026-08-24,Start of Week,weekly,2026-08-28,5-9_day,3,3,put,1,19.0,0.9,0.0,0.0,5011.0,6547.0,1.0000000000000003e-05,-1.0,0.0,0.0019280428792042537,0.0,-0.0015611683553901363
SOFI,2026-08-25,2026-08-24,Start of Week,weekly,2026-08-28,5-9_day,3,3,call,2,19.5,0.09,0.0,0.0,11672.0,28747.0,0.12500875,1.3828854650236698e-07,3.530434277616251e-06,-2.581694669127943e-08,1.2267621375497952e-08,2.0859363253407516e-10
SOFI,2026-08-25,2026-08-24,Start of Week,weekly,2026-08-28,5-9_day,3,3,put,2,19.5,1.26,0.0,0.0,537.0,1245.0,1.0000000000000003e-05,-1.0,0.0,0.001978780849709629,0.0,-0.0016022517331635607
SOFI,2026-08-25,2026-08-24,Start of Week,monthly,2026-09-25,20-45_day,23,3,call,-2,17.5,1.54,0.0,0.0,36.0,327.0,1.0000000000000003e-05,1.0,0.0,-0.001770788887126416,0.0,0.014816317579302083
SOFI,2026-08-25,2026-08-24,Start of Week,monthly,2026-09-25,20-45_day,23,3,put,-2,17.5,0.68,0.0,0.0,362.0,676.0,0.062509375,-0.0018368926920018236,0.017517520567857582,-2.826338147696045e-05,0.0003145212925327953,-2.8842549915141296e-05
SOFI,2026-08-25,2026-08-24,Start of Week,monthly,2026-09-25,20-45_day,23,3,call,-1,18.0,1.26,0.0,0.0,164.0,1651.0,1.0000000000000003e-05,1.0,0.0,-0.0018213828553300278,0.0,0.015239640938710714
SOFI,2026-08-25,2026-08-24,Start of Week,monthly,2026-09-25,20-45_day,23,3,put,-1,18.0,0.9,0.0,0.0,288.0,893.0,0.0312596875,-0.0034368722802126106,0.061716841947963424,-2.1505620884634204e-05,0.0005541413855132636,-5.3829982127213e-05
SOFI,2026-08-25,2026-08-24,Start of Week,monthly,2026-09-25,20-45_day,23,3,call,0,18.5,0.95,0.0,0.0,319.0,1131.0,0.007822421875,0.10849692671238315,4.44109033157683,-0.0003282065033572629,0.009978450338214961,0.0016927447565475392
SOFI,2026-08-25,2026-08-24,Start of Week,monthly,2026-09-25,20-45_day,23,3,put,0,18.5,1.15,0.0,0.0,278.0,765.0,1.0000000000000003e-05,-1.0,0.0,0.0018719768235336395,0.0,-0.015662964298119347
SOFI,2026-08-25,2026-08-24,Start of Week,monthly,2026-09-25,20-45_day,23,3,call,1,19.0,0.79,0.0,0.0,630.0,1839.0,0.0312596875,0.0006145880876171819,0.012837978536393317,-6.956212556028972e-06,0.00011526926830353297,9.57585011912894e-06
SOFI,2026-08-25,2026-08-24,Start of Week,monthly,2026-09-25,20-45_day,23,3,put,1,19.0,1.37,0.0,0.0,165.0,335.0,1.0000000000000003e-05,-1.0,0.0,0.0019225707917372517,0.0,-0.016086287657527974
SOFI,2026-08-25,2026-08-24,Start of Week,monthly,2026-09-25,20-45_day,23,3,call,2,19.5,0.6,0.0,0.0,240.0,1200.0,0.062509375,0.0012013928560644933,0.01189135975970047,-2.3757196786676557e-05,0.00021350543457936868,1.8668971141245957e-05
SOFI,2026-08-25,2026-08-24,Start of Week,monthly,2026-09-25,20-45_day,23,3,put,2,19.5,1.7,0.0,0.0,36.0,67.0,1.0000000000000003e-05,-1.0,0.0,0.0019731647599408636,0.0,-0.01650961101693661
COIN,2026-08-25,2026-08-24,Start of Week,weekly,2026-08-28,5-9_day,3,3,call,-2,175.0,8.22,0.0,0.0,210.0,6720.0,1.0000000000000003e-05,1.0,0.0,-0.017758289676881287,0.0,0.014379182220698622
COIN,2026-08-25,2026-08-24,Start of Week,weekly,2026-08-28,5-9_day,3,3,put,-2,175.0,3.77,0.0,0.0,2550.0,2861.0,0.062509375,-3.397291337137176e-10,2.0929897768847924e-09,-3.6145833094364347e-10,3.5295002242365496e-10,-5.063231566071926e-12
COIN,2026-08-25,2026-08-24,Start of Week,weekly,2026-08-28,5-9_day,3,3,call,-1,177.5,6.89,0.0,0.0,172.0,4657.0,1.0000000000000003e-05,1.0,0.0,-0.01801197952940816,0.0,0.014584599109565746
COIN,2026-08-25,2026-08-24,Start of Week,weekly,2026-08-28,5-9_day,3,3,put,-1,177.5,5.0,0.0,0.0,552.0,1169.0,0.062509375,-0.0001223181504084181,0.00046582044157459415,-7.958614745123981e-05,7.855333891972458e-05,-1.8239038561919966e-06
COIN,2026-08-25,2026-08-24,Start of Week,weekly,2026-08-28,5-9_day,3,3,call,0,180.0,5.65,0.0,0.0,900.0,5124.0,1.0000000000000003e-05,1.0,0.0,-0.018265669381935034,0.0,0.014790015998432868
COIN,2026-08-25,2026-08-24,Start of Week,weekly,2026-08-28,5-9_day,3,3,put,0,180.0,6.1,0.0,0.0,3185.0,2540.0,0.015634843750000002,-8.490017163742536e-07,1.6464794405656983e-05,-1.6534695497577991e-07,6.944657112432422e-07,-1.2645689686500771e-08
COIN,2026-08-25,2026-08-24,Start of Week,weekly,2026-08-28,5-9_day,3,3,call,1,182.5,4.58,0.0,0.0,920.0,6281.0,0.015634843750000002,3.813390285909882e-07,7.622361766204328e-06,-9.078824905031226e-08,3.215022766091542e-07,5.676883827632483e-09
COIN,2026-08-25,2026-08-24,Start of Week,weekly,2026-08-28,5-9_day,3,3,put,1,182.5,7.55,0.0,0.0,967.0,562.0,1.0000000000000003e-05,-1.0,0.0,0.018519359234461914,0.0,-0.014995432887299992
COIN,2026-08-25,2026-08-24,Start of Week,weekly,2026-08-28,5-9_day,3,3,call,2,185.0,3.7,0.0,0.0,1821.0,5138.0,0.062509375,0.00013902803725290814,0.0005252420823322279,-9.483148318449806e-05,8.857387015665842e-05,2.067364769238363e-06
COIN,2026-08-25,2026-08-24,Start of Week,weekly,2026-08-28,5-9_day,3,3,put,2,185.0,9.05,0.0,0.0,1814.0,1139.0,1.0000000000000003e-05,-1.0,0.0,0.018773049086988788,0.0,-0.015200849776167116
COIN,2026-08-25,2026-08-24,Start of Week,monthly,2026-09-25,20-45_day,23,3,call,-2,175.0,19.27,0.0,0.0,11.0,118.0,1.0000000000000003e-05,1.0,0.0,-0.017707888871264163,0.0,0.14816317579302085
COIN,2026-08-25,2026-08-24,Start of Week,monthly,2026-09-25,20-45_day,23,3,put,-2,175.0,11.0,0.0,0.0,24.0,57.0,0.0312596875,-1.6374569163812858e-05,4.3376567737018306e-05,-1.6040568535303058e-06,3.77990779414133e-05,-2.5245899986525286e-06
COIN,2026-08-25,2026-08-24,Start of Week,monthly,2026-09-25,20-45_day,23,3,call,-1,177.5,18.67,0.0,0.0,5.0,8.0,1.0000000000000003e-05,1.0,0.0,-0.01796085871228222,0.0,0.150279792590064
COIN,2026-08-25,2026-08-24,Start of Week,monthly,2026-09-25,20-45_day,23,3,put,-1,177.5,12.6,0.0,0.0,20.0,15.0,0.015634843750000002,-1.0838656583356254e-07,7.044190900637679e-07,-5.747392302468105e-09,3.0701956474714316e-07,-1.669122430436107e-08
COIN,2026-08-25,2026-08-24,Start of Week,monthly,2026-09-25,20-45_day,23,3,call,0,180.0,13.7,0.0,0.0,20.0,206.0,1.0000000000000003e-05,1.0,0.0,-0.01821382855330028,0.0,0.15239640938710713
COIN,2026-08-25,2026-08-24,Start of Week,monthly,2026-09-25,20-45_day,23,3,put,0,180.0,13.4,0.0,0.0,33.0,35.0,0.007822421875,-1.2026886141991433e-05,0.00012926668948441821,-1.3436356865729512e-07,2.8188323717975916e-05,-1.8514919072699822e-06
COIN,2026-08-25,2026-08-24,Start of Week,monthly,2026-09-25,20-45_day,23,3,call,1,182.5,13.4,0.0,0.0,28.0,37.0,0.007822421875,0.033847802334179264,0.18201370289628724,-0.001122670057204663,0.03969051268205089,0.005203502142682392
COIN,2026-08-25,2026-08-24,Start of Week,monthly,2026-09-25,20-45_day,23,3,put,1,182.5,14.78,0.0,0.0,30.0,26.0,1.0000000000000003e-05,-1.0,0.0,0.018466798394318338,0.0,-0.1545130261841503
COIN,2026-08-25,2026-08-24,Start of Week,monthly,2026-09-25,20-45_day,23,3,call,2,185.0,11.75,0.0,0.0,280.0,334.0,0.015634843750000002,4.841495354738634e-05,0.00024215517829569098,-3.5509418424343565e-06,0.00010554282030442935,7.441814430101588e-06
COIN,2026-08-25,2026-08-24,Start of Week,monthly,2026-09-25,20-45_day,23,3,put,2,185.0,15.8,0.0,0.0,15.0,13.0,1.0000000000000003e-05,-1.0,0.0,0.018719768235336397,0.0,-0.15662964298119345
GOOGL,2026-08-25,2026-08-24,Start of Week,aligned,2026-08-26,2-4_day,1,1,call,-2,345.0,5.0,0.0,0.0,3030.0,1300.0,1.0000000000000003e-05,1.0,0.0,-0.03501630771716244,0.0,0.009451095394932198
GOOGL,2026-08-25,2026-08-24,Start of Week,aligned,2026-08-26,2-4_day,1,1,put,-2,345.0,1.68,0.0,0.0,2154.0,1068.0,0.0312596875,-5.007105841059456e-14,6.632438062115879e-13,-1.0647926843296623e-13,6.926097050371094e-14,-4.78959864564531e-16
GOOGL,2026-08-25,2026-08-24,Start of Week,aligned,2026-08-26,2-4_day,1,1,call,-1,347.5,3.52,0.0,0.0,2404.0,1064.0,1.0000000000000003e-05,1.0,0.0,-0.035270049077431725,0.0,0.0095195815934462
GOOGL,2026-08-25,2026-08-24,Start of Week,aligned,2026-08-26,2-4_day,1,1,put,-1,347.5,2.7,0.0,0.0,1189.0,408.0,0.015634843750000002,-7.11910197459531e-10,1.547060040432503e-08,-6.064398804375253e-10,8.080373799159383e-10,-6.811613775820224e-12
GOOGL,2026-08-25,2026-08-24,Start of Week,aligned,2026-08-26,2-4_day,1,1,call,0,350.0,2.21,0.0,0.0,12221.0,4367.0,0.007822421875,3.139370738733446e-08,1.226249418372666e-06,-1.3645877841821963e-08,3.2044299814043765e-08,3.0031748259450756e-10
GOOGL,2026-08-25,2026-08-24,Start of Week,aligned,2026-08-26,2-4_day,1,1,put,0,350.0,3.97,0.0,0.0,1102.0,397.0,1.0000000000000003e-05,-1.0,0.0,0.03552379043770102,0.0,-0.009588067791960201
GOOGL,2026-08-25,2026-08-24,Start of Week,aligned,2026-08-26,2-4_day,1,1,call,1,352.5,1.37,0.0,0.0,3195.0,901.0,0.0312596875,5.879610927440205e-09,6.039768598541132e-08,-1.0066381153836956e-08,6.307186449915289e-09,5.623408547853098e-11
GOOGL,2026-08-25,2026-08-24,Start of Week,aligned,2026-08-26,2-4_day,1,1,put,1,352.5,5.14,0.0,0.0,106.0,56.0,1.0000000000000003e-05,-1.0,0.0,0.035777531797970316,0.0,-0.009656553990474201
GOOGL,2026-08-25,2026-08-24,Start of Week,aligned,2026-08-26,2-4_day,1,1,call,2,355.0,0.83,0.0,0.0,5547.0,2004.0,0.062509375,2.710431757948873e-07,1.232892890578626e-06,-8.1426871896341e-07,2.5745494777575705e-07,2.5914508380867066e-09
GOOGL,2026-08-25,2026-08-24,Start of Week,aligned,2026-08-26,2-4_day,1,1,put,2,355.0,6.88,0.0,0.0,58.0,65.0,1.0000000000000003e-05,-1.0,0.0,0.036031273158239605,0.0,-0.009725040188988203
GOOGL,2026-08-25,2026-08-24,Start of Week,weekly,2026-08-28,5-9_day,3,1,call,-2,345.0,6.45,0.0,0.0,1675.0,5843.0,1.0000000000000003e-05,1.0,0.0,-0.03500919964870882,0.0,0.028347530663662995
GOOGL,2026-08-25,2026-08-24,Start of Week,weekly,2026-08-28,5-9_day,3,1,put,-2,345.0,3.0,0.0,0.0,3141.0,2244.0,0.0312596875,-6.255009797340172e-06,2.8936627917970863e-05,-4.501158125973388e-06,9.065349335794926e-06,-1.7962888030999374e-07
GOOGL,2026-08-25,2026-08-24,Start of Week,weekly,2026-08-28,5-9_day,3,1,call,-1,347.5,4.95,0.0,0.0,2386.0,6763.0,1.0000000000000003e-05,1.0,0.0,-0.03526288950123569,0.0,0.028552947552530118
GOOGL,2026-08-25,2026-08-24,Start of Week,weekly,2026-08-28,5-9_day,3,1,put,-1,347.5,4.12,0.0,0.0,629.0,456.0,0.015634843750000002,-0.00013724228417921758,0.0010764006151570606,-3.908403437858168e-05,0.00016866286570912755,-3.9402900821450286e-06
GOOGL,2026-08-25,2026-08-24,Start of Week,weekly,2026-08-28,5-9_day,3,1,call,0,350.0,3.8,0.0,0.0,7859.0,5510.0,0.007822421875,0.0022744676743453253,0.02876960446870046,-0.0003746492807940391,0.0022554183936329955,6.526481467741494e-05
GOOGL,2026-08-25,2026-08-24,Start of Week,weekly,2026-08-28,5-9_day,3,1,put,0,350.0,5.15,0.0,0.0,717.0,1242.0,1.0000000000000003e-05,-1.0,0.0,0.035516579353762574,0.0,-0.028758364441397243
GOOGL,2026-08-25,2026-08-24,Start of Week,weekly,2026-08-28,5-9_day,3,1,call,1,352.5,2.81,0.0,0.0,2874.0,3262.0,0.0312596875,0.0006406109116724914,0.0022582185693285966,-0.00039127289123826723,0.0007074611549616352,1.837191470768642e-05
GOOGL,2026-08-25,2026-08-24,Start of Week,weekly,2026-08-28,5-9_day,3,1,put,1,352.5,6.45,0.0,0.0,216.0,205.0,1.0000000000000003e-05,-1.0,0.0,0.03577026920628945,0.0,-0.02896378133026437
GOOGL,2026-08-25,2026-08-24,Start of Week,weekly,2026-08-28,5-9_day,3,1,call,2,355.0,2.03,0.0,0.0,8688.0,17390.0,0.0312596875,5.521884366619919e-09,3.2807092934788664e-08,-5.5503645181514574e-09,1.0277899656754616e-08,1.5840674634669887e-10
GOOGL,2026-08-25,2026-08-24,Start of Week,weekly,2026-08-28,5-9_day,3,1,put,2,355.0,8.0,0.0,0.0,274.0,704.0,1.0000000000000003e-05,-1.0,0.0,0.03602395905881632,0.0,-0.02916919821913149
GOOGL,2026-08-25,2026-08-24,Start of Week,monthly,2026-09-25,20-45_day,23,1,call,-2,340.0,16.87,0.0,0.0,37.0,235.0,1.0000000000000003e-05,1.0,0.0,-0.03440389837845608,0.0,0.287859884397869
GOOGL,2026-08-25,2026-08-24,Start of Week,monthly,2026-09-25,20-45_day,23,1,put,-2,340.0,7.64,0.0,0.0,36.0,1835.0,0.015634843750000002,-2.950351074559876e-11,1.2410174767350532e-10,-4.020716375515874e-12,2.0093883241639836e-10,-8.755777445050451e-12
GOOGL,2026-08-25,2026-08-24,Start of Week,monthly,2026-09-25,20-45_day,23,1,call,-1,345.0,14.12,0.0,0.0,79.0,377.0,1.0000000000000003e-05,1.0,0.0,-0.0349098380604922,0.0,0.29209311799195536
GOOGL,2026-08-25,2026-08-24,Start of Week,monthly,2026-09-25,20-45_day,23,1,put,-1,345.0,8.7,0.0,0.0,23.0,393.0,0.007822421875,-1.2208678512592996e-11,1.0460409733935966e-10,-6.362533606640742e-13,8.473881023520808e-11,-3.6219385257797484e-12
GOOGL,2026-08-25,2026-08-24,Start of Week,monthly,2026-09-25,20-45_day,23,1,call,0,350.0,11.6,0.0,0.0,236.0,556.0,0.00196310546875,0.9265580588424425,0.6973061761697121,-0.033260811213661534,0.14176191661561777,0.27453994301776324
GOOGL,2026-08-25,2026-08-24,Start of Week,monthly,2026-09-25,20-45_day,23,1,put,0,350.0,12.0,0.0,0.0,34.0,149.0,1.0000000000000003e-05,0.0,0.0,0.0,0.0,-0.0
GOOGL,2026-08-25,2026-08-24,Start of Week,monthly,2026-09-25,20-45_day,23,1,call,1,355.0,9.5,0.0,0.0,47.0,2110.0,0.015634843750000002,0.0017019304024783392,0.0034410474334217404,-0.00020074680142269686,0.0055715577461511075,0.0005040834392181862
GOOGL,2026-08-25,2026-08-24,Start of Week,monthly,2026-09-25,20-45_day,23,1,put,1,355.0,14.55,0.0,0.0,7.0,66.0,1.0000000000000003e-05,-1.0,0.0,0.03592171742456444,0.0,-0.300559585180128
GOOGL,2026-08-25,2026-08-24,Start of Week,monthly,2026-09-25,20-45_day,23,1,call,2,360.0,7.65,0.0,0.0,143.0,1162.0,0.0312596875,0.001364767591713354,0.0014071848998801087,-0.00027792880550825893,0.004555417960730871,0.000403710096448029
GOOGL,2026-08-25,2026-08-24,Start of Week,monthly,2026-09-25,20-45_day,23,1,put,2,360.0,19.6,0.0,0.0,1.0,38.0,1.0000000000000003e-05,-1.0,0.0,0.03642765710660056,0.0,-0.30479281877421427
PLTR,2026-08-25,2026-08-24,Start of Week,weekly,2026-08-28,5-9_day,3,3,call,-2,175.0,4.5,0.0,0.0,9593.0,10042.0,1.0000000000000003e-05,1.0,0.0,-0.017758289676881287,0.0,0.014379182220698622
PLTR,2026-08-25,2026-08-24,Start of Week,weekly,2026-08-28,5-9_day,3,3,put,-2,175.0,3.49,0.0,0.0,13112.0,5347.0,0.062509375,-1.2116323564126397e-05,5.294939696822971e-05,-8.878648561326259e-06,8.734008178628879e-06,-1.7865693770597726e-07
PLTR,2026-08-25,2026-08-24,Start of Week,weekly,2026-08-28,5-9_day,3,3,call,-1,177.5,3.25,0.0,0.0,9579.0,7747.0,1.0000000000000003e-05,1.0,0.0,-0.01801197952940816,0.0,0.014584599109565746
PLTR,2026-08-25,2026-08-24,Start of Week,weekly,2026-08-28,5-9_day,3,3,put,-1,177.5,4.7,0.0,0.0,4369.0,1865.0,0.0312596875,-0.00029859751181116057,0.0021687352786818447,-8.776862569020993e-05,0.00017889516190701158,-4.400665611030663e-06
PLTR,2026-08-25,2026-08-24,Start of Week,weekly,2026-08-28,5-9_day,3,3,call,0,180.0,2.27,0.0,0.0,18335.0,22772.0,0.015634843750000002,0.001324697461751968,0.017151733798927735,-0.00020847985296671028,0.0007076344901868027,1.9501167632624384e-05
PLTR,2026-08-25,2026-08-24,Start of Week,weekly,2026-08-28,5-9_day,3,3,put,0,180.0,6.25,0.0,0.0,1428.0,3701.0,1.0000000000000003e-05,-1.0,0.0,0.018265669381935034,0.0,-0.014790015998432868
PLTR,2026-08-25,2026-08-24,Start of Week,weekly,2026-08-28,5-9_day,3,3,call,1,182.5,1.56,0.0,0.0,6596.0,4945.0,0.062509375,0.0007285960884213933,0.002478168681294583,-0.0004391016966670607,0.0004087741649529211,1.0713687571085356e-05
PLTR,2026-08-25,2026-08-24,Start of Week,weekly,2026-08-28,5-9_day,3,3,put,1,182.5,7.9,0.0,0.0,263.0,473.0,1.0000000000000003e-05,-1.0,0.0,0.018519359234461914,0.0,-0.014995432887299992
PLTR,2026-08-25,2026-08-24,Start of Week,weekly,2026-08-28,5-9_day,3,3,call,2,185.0,1.02,0.0,0.0,11347.0,11065.0,0.062509375,1.1759297139494228e-08,6.662342679193738e-08,-1.1662828652725516e-08,1.0989540727691468e-08,1.7301480435211488e-10
PLTR,2026-08-25,2026-08-24,Start of Week,weekly,2026-08-28,5-9_day,3,3,put,2,185.0,9.95,0.0,0.0,229.0,400.0,1.0000000000000003e-05,-1.0,0.0,0.018773049086988788,0.0,-0.015200849776167116
PLTR,2026-08-25,2026-08-24,Start of Week,monthly,2026-09-25,20-45_day,23,3,call,-2,175.0,11.1,0.0,0.0,118.0,419.0,1.0000000000000003e-05,1.0,0.0,-0.017707888871264163,0.0,0.14816317579302085
PLTR,2026-08-25,2026-08-24,Start of Week,monthly,2026-09-25,20-45_day,23,3,put,-2,175.0,8.6,0.0,0.0,75.0,493.0,0.015634843750000002,-2.134652121732472e-09,1.5779223932164715e-08,-1.3078659903969542e-10,6.727086983821302e-09,-3.250912682340568e-10
PLTR,2026-08-25,2026-08-24,Start of Week,monthly,2026-09-25,20-45_day,23,3,call,-1,177.5,9.43,0.0,0.0,101.0,253.0,1.0000000000000003e-05,1.0,0.0,-0.01796085871228222,0.0,0.150279792590064
PLTR,2026-08-25,2026-08-24,Start of Week,monthly,2026-09-25,20-45_day,23,3,put,-1,177.5,10.25,0.0,0.0,64.0,232.0,0.007822421875,-1.75672459912235e-08,2.4448327224550635e-07,-3.3830464251646075e-10,5.214807031711042e-08,-2.6744309272369095e-09
PLTR,2026-08-25,2026-08-24,Start of Week,monthly,2026-09-25,20-45_day,23,3,call,0,180.0,8.7,0.0,0.0,149.0,916.0,0.0039162109375,0.10693344073918054,0.9009808047973171,-0.0025515604596877705,0.09621205102322872,0.01626424862735783
PLTR,2026-08-25,2026-08-24,Start of Week,monthly,2026-09-25,20-45_day,23,3,put,0,180.0,11.25,0.0,0.0,295.0,445.0,1.0000000000000003e-05,-1.0,0.0,0.01821382855330028,0.0,-0.15239640938710713
PLTR,2026-08-25,2026-08-24,Start of Week,monthly,2026-09-25,20-45_day,23,3,call,1,182.5,7.27,0.0,0.0,46.0,195.0,0.015634843750000002,0.0004243391284733633,0.001869774014456839,-2.781039046828264e-05,0.0007971325135769425,6.44993237642799e-05
PLTR,2026-08-25,2026-08-24,Start of Week,monthly,2026-09-25,20-45_day,23,3,put,1,182.5,12.1,0.0,0.0,22.0,38.0,1.0000000000000003e-05,-1.0,0.0,0.018466798394318338,0.0,-0.1545130261841503
PLTR,2026-08-25,2026-08-24,Start of Week,monthly,2026-09-25,20-45_day,23,3,call,2,185.0,6.25,0.0,0.0,88.0,400.0,0.0312596875,0.000792083541408104,0.00166492172069472,-8.592234534067361e-05,0.0014191434911600648,0.0001202411908686706
PLTR,2026-08-25,2026-08-24,Start of Week,monthly,2026-09-25,20-45_day,23,3,put,2,185.0,14.25,0.0,0.0,6.0,38.0,1.0000000000000003e-05,-1.0,0.0,0.018719768235336397,0.0,-0.15662964298119345
SHOP,2026-08-25,2026-08-24,Start of Week,weekly,2026-08-28,5-9_day,3,3,call,-2,149.0,3.76,0.0,0.0,39.0,109.0,1.0000000000000003e-05,1.0,0.0,-0.01511991521060178,0.0,0.012242846576480542
SHOP,2026-08-25,2026-08-24,Start of Week,weekly,2026-08-28,5-9_day,3,3,put,-2,149.0,2.6,0.0,0.0,79.0,297.0,0.062509375,-3.8101629740161513e-08,2.4303234343777326e-07,-3.0080728090150844e-08,2.9443796982276567e-08,-4.813719610588289e-10
SHOP,2026-08-25,2026-08-24,Start of Week,weekly,2026-08-28,5-9_day,3,3,call,-1,150.0,3.3,0.0,0.0,465.0,845.0,1.0000000000000003e-05,1.0,0.0,-0.01522139115161253,0.0,0.012325013332027391
SHOP,2026-08-25,2026-08-24,Start of Week,weekly,2026-08-28,5-9_day,3,3,put,-1,150.0,3.2,0.0,0.0,787.0,763.0,0.062509375,-1.3609233037614743e-05,6.900318955352568e-05,-8.49709835693374e-06,8.359858097915123e-06,-1.7197845662290127e-07
SHOP,2026-08-25,2026-08-24,Start of Week,weekly,2026-08-28,5-9_day,3,3,call,0,152.5,2.2,0.0,0.0,1302.0,696.0,1.0000000000000003e-05,1.0,0.0,-0.015475081004139406,0.0,0.012530430220894513
SHOP,2026-08-25,2026-08-24,Start of Week,weekly,2026-08-28,5-9_day,3,3,put,0,152.5,4.72,0.0,0.0,6.0,154.0,0.015634843750000002,-1.6775743194585857e-07,4.073660392241776e-06,-2.9551026371746345e-08,1.2344199990622782e-07,-2.1178785647534686e-09
SHOP,2026-08-25,2026-08-24,Start of Week,weekly,2026-08-28,5-9_day,3,3,call,1,155.0,1.43,0.0,0.0,1067.0,3132.0,0.0312596875,0.000724690549575874,0.00575375602622739,-0.00019290335129221162,0.000348594602363649,9.13957837252573e-06
SHOP,2026-08-25,2026-08-24,Start of Week,weekly,2026-08-28,5-9_day,3,3,put,1,155.0,6.86,0.0,0.0,13.0,214.0,1.0000000000000003e-05,-1.0,0.0,0.015728770856666283,0.0,-0.012735847109761637
SHOP,2026-08-25,2026-08-24,Start of Week,weekly,2026-08-28,5-9_day,3,3,call,2,157.5,0.9,0.0,0.0,375.0,528.0,0.062509375,5.077896705771453e-06,2.6967065620380123e-05,-3.4828056175621833e-06,3.267107554914821e-06,6.401465365595033e-08
SHOP,2026-08-25,2026-08-24,Start of Week,weekly,2026-08-28,5-9_day,3,3,put,2,157.5,11.6,0.0,0.0,1.0,40.0,1.0000000000000003e-05,-1.0,0.0,0.015982460709193156,0.0,-0.012941263998628761
SHOP,2026-08-25,2026-08-24,Start of Week,monthly,2026-09-25,20-45_day,23,3,call,-2,149.0,9.59,0.0,0.0,2.0,11.0,1.0000000000000003e-05,1.0,0.0,-0.015077002524676343,0.0,0.12615036110377204
SHOP,2026-08-25,2026-08-24,Start of Week,monthly,2026-09-25,20-45_day,23,3,put,-2,149.0,7.8,0.0,0.0,1.0,1.0,0.0312596875,-0.0001266161064888971,0.00035312974403051275,-9.168471948647888e-06,0.00022107719933443313,-1.6549953868571176e-05
SHOP,2026-08-25,2026-08-24,Start of Week,monthly,2026-09-25,20-45_day,23,3,call,-1,150.0,9.0,0.0,0.0,7.0,161.0,1.0000000000000003e-05,1.0,0.0,-0.015178190461083567,0.0,0.1269970078225893
SHOP,2026-08-25,2026-08-24,Start of Week,monthly,2026-09-25,20-45_day,23,3,put,-1,150.0,7.8,0.0,0.0,5.0,42.0,0.015634843750000002,-2.5983684093233705e-09,2.229323606573105e-08,-1.3550100073957893e-10,6.980582797792936e-09,-3.3913227242059747e-10
SHOP,2026-08-25,2026-08-24,Start of Week,monthly,2026-09-25,20-45_day,23,3,call,0,152.5,7.18,0.0,0.0,7.0,16.0,1.0000000000000003e-05,1.0,0.0,-0.015431160302101624,0.0,0.12911362461963244
SHOP,2026-08-25,2026-08-24,Start of Week,monthly,2026-09-25,20-45_day,23,3,put,0,152.5,11.89,0.0,0.0,6.0,58.0,0.007822421875,-4.936622978402028e-06,6.52549670987472e-05,-5.199659512943896e-08,1.0223034628878643e-05,-6.441430730425776e-07
SHOP,2026-08-25,2026-08-24,Start of Week,monthly,2026-09-25,20-45_day,23,3,call,1,155.0,5.69,0.0,0.0,5.0,29.0,0.007822421875,0.003335378069846256,0.028750856815777798,-0.00010878230111825605,0.004504193594839324,0.0004347007402309502
SHOP,2026-08-25,2026-08-24,Start of Week,monthly,2026-09-25,20-45_day,23,3,put,1,155.0,11.2,0.0,0.0,2.0,11.0,1.0000000000000003e-05,-1.0,0.0,0.015684130143119684,0.0,-0.13123024141667558
SHOP,2026-08-25,2026-08-24,Start of Week,monthly,2026-09-25,20-45_day,23,3,call,2,157.5,4.98,0.0,0.0,4.0,10.0,0.015634843750000002,5.660851326783338e-07,4.092257896974217e-06,-4.1129576618840665e-08,1.281390687091069e-06,7.376510716415417e-08
SHOP,2026-08-25,2026-08-24,Start of Week,monthly,2026-09-25,20-45_day,23,3,put,2,157.5,11.07,0.0,0.0,0.0,1.0,1.0000000000000003e-05,-1.0,0.0,0.015937099984137743,0.0,-0.13334685821371875
XOM,2026-08-25,2026-08-24,Start of Week,weekly,2026-08-28,5-9_day,3,3,call,-2,157.5,6.8,0.0,0.0,27.0,403.0,1.0000000000000003e-05,1.0,0.0,-0.015982460709193156,0.0,0.012941263998628761
XOM,2026-08-25,2026-08-24,Start of Week,weekly,2026-08-28,5-9_day,3,3,put,-2,157.5,0.34,0.0,0.0,846.0,1232.0,0.062509375,-6.133995997470443e-06,3.072905420753778e-05,-4.184118227549313e-06,4.112725921167194e-06,-8.146873616482039e-08
XOM,2026-08-25,2026-08-24,Start of Week,weekly,2026-08-28,5-9_day,3,3,call,-1,160.0,4.67,0.0,0.0,36.0,3923.0,1.0000000000000003e-05,1.0,0.0,-0.01623615056172003,0.0,0.013146680887495883
XOM,2026-08-25,2026-08-24,Start of Week,weekly,2026-08-28,5-9_day,3,3,put,-1,160.0,0.71,0.0,0.0,1310.0,1323.0,0.0312596875,-0.0007289317467530365,0.005503788559798061,-0.0001799663570482439,0.0003683679111998053,-9.677252105335283e-06
XOM,2026-08-25,2026-08-24,Start of Week,weekly,2026-08-28,5-9_day,3,3,call,0,162.5,2.9,0.0,0.0,216.0,527.0,0.015634843750000002,2.3657022585914463e-06,4.940519314688887e-05,-4.697135674941077e-07,1.6538707447999347e-06,3.137386531546667e-08
XOM,2026-08-25,2026-08-24,Start of Week,weekly,2026-08-28,5-9_day,3,3,put,0,162.5,1.43,0.0,0.0,699.0,1250.0,1.0000000000000003e-05,-1.0,0.0,0.01648984041424691,0.0,-0.013352097776363005
XOM,2026-08-25,2026-08-24,Start of Week,weekly,2026-08-28,5-9_day,3,3,call,1,165.0,1.58,0.0,0.0,1742.0,2827.0,0.062509375,6.251561376459199e-05,0.00027814563281764896,-3.9806328112532944e-05,3.7226552637210413e-05,8.282206377748446e-07
XOM,2026-08-25,2026-08-24,Start of Week,weekly,2026-08-28,5-9_day,3,3,put,1,165.0,2.63,0.0,0.0,679.0,1830.0,1.0000000000000003e-05,-1.0,0.0,0.016743530266773783,0.0,-0.013557514665230131
XOM,2026-08-25,2026-08-24,Start of Week,weekly,2026-08-28,5-9_day,3,3,call,2,167.5,0.82,0.0,0.0,1493.0,1639.0,0.062509375,4.303370767318677e-11,3.122663219295319e-10,-4.4245564403955675e-11,4.179320937876758e-11,5.703976733711032e-13
XOM,2026-08-25,2026-08-24,Start of Week,weekly,2026-08-28,5-9_day,3,3,put,2,167.5,4.55,0.0,0.0,127.0,563.0,1.0000000000000003e-05,-1.0,0.0,0.016997220119300657,0.0,-0.013762931554097253
XOM,2026-08-25,2026-08-24,Start of Week,monthly,2026-09-25,20-45_day,23,3,call,-2,157.5,12.45,0.0,0.0,1.0,79.0,1.0000000000000003e-05,1.0,0.0,-0.015937099984137743,0.0,0.13334685821371875
XOM,2026-08-25,2026-08-24,Start of Week,monthly,2026-09-25,20-45_day,23,3,put,-2,157.5,2.86,0.0,0.0,2.0,71.0,0.015634843750000002,-6.758140713714056e-10,5.714234134036009e-09,-3.876595537420918e-11,1.976639336197989e-09,-9.270654495288201e-11
XOM,2026-08-25,2026-08-24,Start of Week,monthly,2026-09-25,20-45_day,23,3,call,-1,160.0,8.6,0.0,0.0,1.0,130.0,1.0000000000000003e-05,1.0,0.0,-0.016190069825155803,0.0,0.13546347501076192
XOM,2026-08-25,2026-08-24,Start of Week,monthly,2026-09-25,20-45_day,23,3,put,-1,160.0,3.39,0.0,0.0,18.0,28.0,0.007822421875,-9.8050649599557e-08,1.4345049170073966e-06,-1.5252948399582804e-09,2.482670780616879e-07,-1.3446248880098435e-08
XOM,2026-08-25,2026-08-24,Start of Week,monthly,2026-09-25,20-45_day,23,3,call,0,162.5,6.55,0.0,0.0,5.0,107.0,0.007822421875,0.055020044140716366,0.30242231333295044,-0.0015608928161943941,0.05233966310025599,0.0075348263424046425
XOM,2026-08-25,2026-08-24,Start of Week,monthly,2026-09-25,20-45_day,23,3,put,0,162.5,4.62,0.0,0.0,5.0,67.0,1.0000000000000003e-05,-1.0,0.0,0.016443039666173862,0.0,-0.13758009180780506
XOM,2026-08-25,2026-08-24,Start of Week,monthly,2026-09-25,20-45_day,23,3,call,1,165.0,5.0,0.0,0.0,15.0,137.0,0.015634843750000002,1.6730295151766062e-05,9.935631937348397e-05,-1.1405186873933274e-06,3.436884183721149e-05,2.291094705621206e-06
XOM,2026-08-25,2026-08-24,Start of Week,monthly,2026-09-25,20-45_day,23,3,put,1,165.0,5.9,0.0,0.0,5.0,27.0,1.0000000000000003e-05,-1.0,0.0,0.01669600950719192,0.0,-0.13969670860484823
XOM,2026-08-25,2026-08-24,Start of Week,monthly,2026-09-25,20-45_day,23,3,call,2,167.5,4.05,0.0,0.0,8.0,36.0,0.0312596875,9.87416412686542e-05,0.0002660349231254169,-1.0890854717127679e-05,0.00018399208497129555,1.3506003597186765e-05
AMD,2026-08-25,2026-08-24,Start of Week,weekly,2026-08-28,5-9_day,3,3,call,-2,467.5,6.7,0.0,0.0,221.0,267.0,1.0000000000000003e-05,1.0,0.0,-0.04744000242252572,0.0,0.03841295821815203
AMD,2026-08-25,2026-08-24,Start of Week,weekly,2026-08-28,5-9_day,3,3,put,-2,467.5,16.22,0.0,0.0,31.0,196.0,0.0312596875,-2.6000065347364654e-06,9.221637897291108e-06,-2.6417065287731543e-06,5.3104658818029386e-06,-1.0122958667539316e-07
AMD,2026-08-25,2026-08-24,Start of Week,weekly,2026-08-28,5-9_day,3,3,call,-1,470.0,6.0,0.0,0.0,1061.0,4985.0,1.0000000000000003e-05,1.0,0.0,-0.0476936922750526,0.0,0.038618375107019154
AMD,2026-08-25,2026-08-24,Start of Week,weekly,2026-08-28,5-9_day,3,3,put,-1,470.0,18.81,0.0,0.0,173.0,950.0,0.015634843750000002,-4.5101017809301425e-08,3.7107399533807296e-07,-2.5682778785819465e-08,1.0687939619051014e-07,-1.7554107295863323e-09
AMD,2026-08-25,2026-08-24,Start of Week,weekly,2026-08-28,5-9_day,3,3,call,0,472.5,5.01,0.0,0.0,560.0,486.0,1.0000000000000003e-05,1.0,0.0,-0.047947382127579465,0.0,0.03882379199588628
AMD,2026-08-25,2026-08-24,Start of Week,weekly,2026-08-28,5-9_day,3,3,put,0,472.5,20.25,0.0,0.0,20.0,171.0,0.007822421875,-0.0006814264045360563,0.0070464057010949125,-9.963185407575879e-05,0.0010154272282947875,-2.6520768677540073e-05
AMD,2026-08-25,2026-08-24,Start of Week,weekly,2026-08-28,5-9_day,3,3,call,1,475.0,4.58,0.0,0.0,689.0,2007.0,0.007822421875,1.1241805202941947e-05,0.00014912129291531185,-3.341788351607245e-06,2.1489228348177773e-05,4.373750587875864e-07
AMD,2026-08-25,2026-08-24,Start of Week,weekly,2026-08-28,5-9_day,3,3,put,1,475.0,22.54,0.0,0.0,93.0,1842.0,1.0000000000000003e-05,-1.0,0.0,0.04820107198010635,0.0,-0.039029208884753405
AMD,2026-08-25,2026-08-24,Start of Week,weekly,2026-08-28,5-9_day,3,3,call,2,477.5,4.03,0.0,0.0,278.0,2577.0,0.015634843750000002,2.880613087174407e-09,2.5697157043004556e-08,-2.067082878155823e-09,7.401479659243708e-09,1.1206470808728638e-10
AMD,2026-08-25,2026-08-24,Start of Week,weekly,2026-08-28,5-9_day,3,3,put,2,477.5,23.06,0.0,0.0,26.0,103.0,1.0000000000000003e-05,-1.0,0.0,0.04845476183263322,0.0,-0.039234625773620524
AMD,2026-08-25,2026-08-24,Start of Week,monthly,2026-09-25,20-45_day,23,3,call,-2,465.0,24.85,0.0,0.0,26.0,46.0,1.0000000000000003e-05,1.0,0.0,-0.04705239042935905,0.0,0.39369072425002677
AMD,2026-08-25,2026-08-24,Start of Week,monthly,2026-09-25,20-45_day,23,3,put,-2,465.0,32.3,0.0,0.0,55.0,101.0,0.015634843750000002,-1.7761356155832075e-06,3.98110113743636e-06,-2.1336670271206114e-07,1.1848875088468303e-05,-7.148172203875304e-07
AMD,2026-08-25,2026-08-24,Start of Week,monthly,2026-09-25,20-45_day,23,3,call,-1,470.0,25.0,0.0,0.0,33.0,236.0,1.0000000000000003e-05,1.0,0.0,-0.047558330111395174,0.0,0.3979239578441131
AMD,2026-08-25,2026-08-24,Start of Week,monthly,2026-09-25,20-45_day,23,3,put,-1,470.0,35.27,0.0,0.0,4.0,116.0,0.007822421875,-2.425957318030747e-06,1.0727897118296407e-05,-8.491502193429865e-08,1.597482831432253e-05,-9.759046470333753e-07
AMD,2026-08-25,2026-08-24,Start of Week,monthly,2026-09-25,20-45_day,23,3,call,0,475.0,21.2,0.0,0.0,29.0,418.0,0.00196310546875,0.38726887525623416,1.4137064195677074,-0.02027603333162207,0.5283031839201727,0.15565487224837302
AMD,2026-08-25,2026-08-24,Start of Week,monthly,2026-09-25,20-45_day,23,3,put,0,475.0,36.67,0.0,0.0,8.0,224.0,1.0000000000000003e-05,-1.0,0.0,0.04806426979343129,0.0,-0.4021571914381994
AMD,2026-08-25,2026-08-24,Start of Week,monthly,2026-09-25,20-45_day,23,3,call,1,480.0,19.62,0.0,0.0,20.0,144.0,0.007822421875,1.5497089912334089e-06,6.981616538756935e-06,-2.056075604995652e-07,1.0396270987056945e-05,6.228430617075763e-07
AMD,2026-08-25,2026-08-24,Start of Week,monthly,2026-09-25,20-45_day,23,3,put,1,480.0,38.28,0.0,0.0,17.0,113.0,1.0000000000000003e-05,-1.0,0.0,0.04857020947546741,0.0,-0.40639042503228573
AMD,2026-08-25,2026-08-24,Start of Week,monthly,2026-09-25,20-45_day,23,3,call,2,485.0,18.05,0.0,0.0,13.0,50.0,0.015634843750000002,2.0509853233501644e-06,4.569838947188678e-06,-4.414592891112141e-07,1.3601124158961841e-05,8.239313017065252e-07
AMD,2026-08-25,2026-08-24,Start of Week,monthly,2026-09-25,20-45_day,23,3,put,2,485.0,42.45,0.0,0.0,5.0,65.0,1.0000000000000003e-05,-1.0,0.0,0.04907614915750353,0.0,-0.41062365862637207
BAC,2026-08-25,2026-08-24,Start of Week,weekly,2026-08-28,5-9_day,3,3,call,-2,60.0,2.53,0.0,0.0,600.0,2245.0,1.0000000000000003e-05,1.0,0.0,-0.006088556460645012,0.0,0.004930005332810956
BAC,2026-08-25,2026-08-24,Start of Week,weekly,2026-08-28,5-9_day,3,3,put,-2,60.0,0.06,0.0,0.0,7305.0,5869.0,0.12500875,-0.0005440875156128566,0.0027243815027922294,-0.00022247761490180531,0.00010843660630358224,-2.791737090478654e-06
BAC,2026-08-25,2026-08-24,Start of Week,weekly,2026-08-28,5-9_day,3,3,call,-1,61.0,1.55,0.0,0.0,418.0,901.0,1.0000000000000003e-05,1.0,0.0,-0.006190032401655762,0.0,0.005012172088357806
BAC,2026-08-25,2026-08-24,Start of Week,weekly,2026-08-28,5-9_day,3,3,put,-1,61.0,0.13,0.0,0.0,3628.0,7908.0,0.062509375,-0.00015451461274673672,0.0016878764154381579,-3.402077769936305e-05,3.359335528902867e-05,-7.915382255888633e-07
BAC,2026-08-25,2026-08-24,Start of Week,weekly,2026-08-28,5-9_day,3,3,call,0,62.0,0.79,0.0,0.0,5041.0,5050.0,1.0000000000000003e-05,1.0,0.0,-0.006291508342666512,0.0,0.005094338843904655
BAC,2026-08-25,2026-08-24,Start of Week,weekly,2026-08-28,5-9_day,3,3,put,0,62.0,0.4,0.0,0.0,5394.0,5706.0,0.015634843750000002,-0.0016345565339078716,0.05981740082111687,-6.726351782927464e-05,0.00029777529614384476,-8.365170996312416e-06
BAC,2026-08-25,2026-08-24,Start of Week,weekly,2026-08-28,5-9_day,3,3,call,1,63.0,0.3,0.0,0.0,9621.0,9345.0,0.0312596875,1.4983567254450381e-05,0.0003730416938445917,-2.0289898323983485e-06,3.7128686730651383e-06,7.660290974671778e-08
BAC,2026-08-25,2026-08-24,Start of Week,weekly,2026-08-28,5-9_day,3,3,put,1,63.0,0.86,0.0,0.0,347.0,3699.0,1.0000000000000003e-05,-1.0,0.0,0.006392984283677262,0.0,-0.005176505599451504
BAC,2026-08-25,2026-08-24,Start of Week,weekly,2026-08-28,5-9_day,3,3,call,2,64.0,0.09,0.0,0.0,11730.0,14851.0,0.062509375,5.752253885859196e-07,8.243917652352874e-06,-1.7456887825642436e-07,1.64076499994873e-07,2.9394498381065128e-09
BAC,2026-08-25,2026-08-24,Start of Week,weekly,2026-08-28,5-9_day,3,3,put,2,64.0,1.65,0.0,0.0,209.0,1769.0,1.0000000000000003e-05,-1.0,0.0,0.006494460224688013,0.0,-0.005258672354998353
BAC,2026-08-25,2026-08-24,Start of Week,monthly,2026-09-25,20-45_day,23,3,call,-2,60.0,2.65,0.0,0.0,6.0,34.0,1.0000000000000003e-05,1.0,0.0,-0.0060712761844334264,0.0,0.050798803129035716
BAC,2026-08-25,2026-08-24,Start of Week,monthly,2026-09-25,20-45_day,23,3,put,-2,60.0,0.7,0.0,0.0,10.0,136.0,0.0312596875,-6.116875783890308e-06,4.943847279982034e-05,-2.176412714890821e-07,5.084610610444958e-06,-3.23964249835263e-07
BAC,2026-08-25,2026-08-24,Start of Week,monthly,2026-09-25,20-45_day,23,3,call,-1,61.0,1.97,0.0,0.0,8.0,60.0,1.0000000000000003e-05,1.0,0.0,-0.006172464120840649,0.0,0.05164544984785297
BAC,2026-08-25,2026-08-24,Start of Week,monthly,2026-09-25,20-45_day,23,3,put,-1,61.0,1.09,0.0,0.0,9.0,101.0,0.015634843750000002,-1.6152840098815346e-07,3.014457189986752e-06,-2.888968702560923e-09,1.5506389430902446e-07,-8.545737870986526e-09
BAC,2026-08-25,2026-08-24,Start of Week,monthly,2026-09-25,20-45_day,23,3,call,0,62.0,1.64,0.0,0.0,133.0,135.0,1.0000000000000003e-05,1.0,0.0,-0.006273652057247874,0.0,0.05249209656667024
BAC,2026-08-25,2026-08-24,Start of Week,monthly,2026-09-25,20-45_day,23,3,put,0,62.0,1.34,0.0,0.0,36.0,139.0,0.0039162109375,-4.051802227067469e-10,3.5923729669189924e-08,-3.6338537535946333e-13,4.6286625120383427e-10,-2.1422172409296256e-11
BAC,2026-08-25,2026-08-24,Start of Week,monthly,2026-09-25,20-45_day,23,3,call,1,63.0,1.14,0.0,0.0,45.0,255.0,0.015634843750000002,0.02437529946167897,0.20175761426258712,-0.00041545196057081864,0.010378426165074261,0.0012863042652470219
BAC,2026-08-25,2026-08-24,Start of Week,monthly,2026-09-25,20-45_day,23,3,put,1,63.0,1.86,0.0,0.0,2.0,83.0,1.0000000000000003e-05,-1.0,0.0,0.006374839993655097,0.0,-0.053338743285487496
BAC,2026-08-25,2026-08-24,Start of Week,monthly,2026-09-25,20-45_day,23,3,call,2,64.0,0.79,0.0,0.0,362.0,385.0,0.0312596875,0.0033543422380208823,0.01784141947318602,-0.00011364891469994718,0.0018349407985574061,0.00017682390607117582
BAC,2026-08-25,2026-08-24,Start of Week,monthly,2026-09-25,20-45_day,23,3,put,2,64.0,2.53,0.0,0.0,8.0,32.0,1.0000000000000003e-05,-1.0,0.0,0.006476027930062321,0.0,-0.05418539000430476
FIG,2026-08-25,2026-08-24,Start of Week,weekly,2026-08-28,5-9_day,3,3,call,-2,26.5,1.32,0.0,0.0,71.0,281.0,1.0000000000000003e-05,1.0,0.0,-0.0026891124367848804,0.0,0.0021774190219915053
FIG,2026-08-25,2026-08-24,Start of Week,weekly,2026-08-28,5-9_day,3,3,put,-2,26.5,0.46,0.0,0.0,76.0,173.0,0.12500875,-2.5421109602463687e-05,0.00034573356417322965,-5.621443141944478e-06,2.7325411178895727e-06,-5.809664025584201e-08
FIG,2026-08-25,2026-08-24,Start of Week,weekly,2026-08-28,5-9_day,3,3,call,-1,27.0,1.2,0.0,0.0,92.0,1267.0,1.0000000000000003e-05,1.0,0.0,-0.002739850407290255,0.0,0.00221850239976493
FIG,2026-08-25,2026-08-24,Start of Week,weekly,2026-08-28,5-9_day,3,3,put,-1,27.0,0.62,0.0,0.0,662.0,1269.0,0.062509375,-8.096316012062843e-07,2.570055371238499e-05,-1.0353779248608068e-07,1.0157162173696931e-07,-1.8476524449233437e-09
FIG,2026-08-25,2026-08-24,Start of Week,weekly,2026-08-28,5-9_day,3,3,call,0,27.5,0.9,0.0,0.0,1445.0,1344.0,1.0000000000000003e-05,1.0,0.0,-0.0027905883777956304,0.0,0.002259585777538355
FIG,2026-08-25,2026-08-24,Start of Week,weekly,2026-08-28,5-9_day,3,3,put,0,27.5,0.93,0.0,0.0,36.0,115.0,0.0312596875,-0.0009309901367576812,0.040115503042386084,-3.868312053593345e-05,7.928328284503284e-05,-2.1239327502657804e-06
FIG,2026-08-25,2026-08-24,Start of Week,weekly,2026-08-28,5-9_day,3,3,call,1,28.0,0.69,0.0,0.0,503.0,2664.0,0.0312596875,0.0005839942336461153,0.02610260725515307,-2.8520235940280152e-05,5.158854400545521e-05,1.3302617308515448e-06
FIG,2026-08-25,2026-08-24,Start of Week,weekly,2026-08-28,5-9_day,3,3,put,1,28.0,1.33,0.0,0.0,3.0,13.0,1.0000000000000003e-05,-1.0,0.0,0.0028413263483010056,0.0,-0.0023006691553117795
FIG,2026-08-25,2026-08-24,Start of Week,weekly,2026-08-28,5-9_day,3,3,call,2,28.5,0.51,0.0,0.0,315.0,529.0,0.062509375,1.0443160488661762e-06,3.2821643126337975e-05,-1.380768734799613e-07,1.297150076112049e-07,2.3779805469571725e-09
FIG,2026-08-25,2026-08-24,Start of Week,weekly,2026-08-28,5-9_day,3,3,put,2,28.5,1.78,0.0,0.0,1.0,6.0,1.0000000000000003e-05,-1.0,0.0,0.0028920643188063808,0.0,-0.0023417525330852043
FIG,2026-08-25,2026-08-24,Start of Week,monthly,2026-09-25,20-45_day,23,3,call,-2,26.5,2.77,0.0,0.0,2.0,13.0,1.0000000000000003e-05,1.0,0.0,-0.00268148031479143,0.0,0.02243613804865744
FIG,2026-08-25,2026-08-24,Start of Week,monthly,2026-09-25,20-45_day,23,3,put,-2,26.5,2.35,0.0,0.0,0.0,7.0,0.0312596875,-4.3975094232706624e-08,9.61715475038488e-07,-8.662590891529463e-10,1.964067572781936e-08,-1.0375270155031323e-09
FIG,2026-08-25,2026-08-24,Start of Week,monthly,2026-09-25,20-45_day,23,3,call,-1,27.0,2.56,0.0,0.0,5.0,118.0,1.0000000000000003e-05,1.0,0.0,-0.002732074282995042,0.0,0.02285946140806607
FIG,2026-08-25,2026-08-24,Start of Week,monthly,2026-09-25,20-45_day,23,3,put,-1,27.0,2.1,0.0,0.0,11.0,22.0,0.0312596875,-0.0004865587941921268,0.006858496044187271,-5.688964636885011e-06,0.00014006793098449735,-1.1488821781495287e-05
FIG,2026-08-25,2026-08-24,Start of Week,monthly,2026-09-25,20-45_day,23,3,call,0,27.5,2.29,0.0,0.0,8.0,43.0,1.0000000000000003e-05,1.0,0.0,-0.0027826682511986533,0.0,0.0232827847674747
FIG,2026-08-25,2026-08-24,Start of Week,monthly,2026-09-25,20-45_day,23,3,put,0,27.5,2.37,0.0,0.0,25.0,11.0,0.007822421875,-1.5764841887477843e-07,1.3207127330471e-05,-4.075663238534896e-10,6.749549523464853e-08,-3.715075887544743e-09
FIG,2026-08-25,2026-08-24,Start of Week,monthly,2026-09-25,20-45_day,23,3,call,1,28.0,2.12,0.0,0.0,64.0,123.0,0.015634843750000002,0.08164121946073694,1.1945795627956513,-0.0005370740739970581,0.012202078503629253,0.0019191408633883308
FIG,2026-08-25,2026-08-24,Start of Week,monthly,2026-09-25,20-45_day,23,3,put,1,28.0,2.56,0.0,0.0,1.0,9.0,1.0000000000000003e-05,-1.0,0.0,0.0028332622194022655,0.0,-0.023706108126883337
FIG,2026-08-25,2026-08-24,Start of Week,monthly,2026-09-25,20-45_day,23,3,call,2,28.5,1.73,0.0,0.0,10.0,13.0,0.0312596875,0.0041853957215107354,0.04882848488754891,-6.202759080949269e-05,0.000997201836560544,9.831158794316278e-05
RKLB,2026-08-25,2026-08-24,Start of Week,weekly,2026-08-28,5-9_day,3,3,call,-2,66.0,3.5,0.0,0.0,19.0,36.0,1.0000000000000003e-05,1.0,0.0,-0.0066974121067095126,0.0,0.005423005866092052
RKLB,2026-08-25,2026-08-24,Start of Week,weekly,2026-08-28,5-9_day,3,3,put,-2,66.0,1.19,0.0,0.0,989.0,1038.0,0.062509375,-9.409713341845816e-09,1.4115498231907372e-07,-3.4403713636152483e-09,3.3647689951127695e-09,-5.2730434108267506e-11
RKLB,2026-08-25,2026-08-24,Start of Week,weekly,2026-08-28,5-9_day,3,3,call,-1,67.0,2.87,0.0,0.0,29.0,48.0,1.0000000000000003e-05,1.0,0.0,-0.006798888047720265,0.0,0.005505172621638901
RKLB,2026-08-25,2026-08-24,Start of Week,weekly,2026-08-28,5-9_day,3,3,put,-1,67.0,1.55,0.0,0.0,603.0,870.0,0.062509375,-0.0014940073465624648,0.01259518198626773,-0.0003024467650582079,0.000300236499901923,-8.377733742883932e-06
RKLB,2026-08-25,2026-08-24,Start of Week,weekly,2026-08-28,5-9_day,3,3,call,0,68.0,2.37,0.0,0.0,137.0,164.0,1.0000000000000003e-05,1.0,0.0,-0.006900363988731013,0.0,0.005587339377185751
RKLB,2026-08-25,2026-08-24,Start of Week,weekly,2026-08-28,5-9_day,3,3,put,0,68.0,2.06,0.0,0.0,1083.0,1288.0,0.007822421875,-0.002458712139317698,0.1582606231919545,-4.454511414006187e-05,0.00047209346736053133,-1.3767981629287172e-05
RKLB,2026-08-25,2026-08-24,Start of Week,weekly,2026-08-28,5-9_day,3,3,call,1,69.0,1.9,0.0,0.0,1224.0,844.0,0.0312596875,4.369804815262506e-06,0.00010532227748059981,-6.843078071779905e-07,1.255505902291222e-06,2.445001765125599e-08
RKLB,2026-08-25,2026-08-24,Start of Week,weekly,2026-08-28,5-9_day,3,3,put,1,69.0,2.58,0.0,0.0,1235.0,1089.0,1.0000000000000003e-05,-1.0,0.0,0.007001839929741765,0.0,-0.005669506132732599
RKLB,2026-08-25,2026-08-24,Start of Week,weekly,2026-08-28,5-9_day,3,3,call,2,70.0,1.52,0.0,0.0,2199.0,1636.0,0.062509375,9.663239754145212e-07,1.2404086340159186e-05,-3.1472146344439416e-07,2.956812748963075e-07,5.4039962474780764e-09
RKLB,2026-08-25,2026-08-24,Start of Week,weekly,2026-08-28,5-9_day,3,3,put,2,70.0,3.17,0.0,0.0,786.0,2489.0,1.0000000000000003e-05,-1.0,0.0,0.007103315870752513,0.0,-0.0057516728882794485
RKLB,2026-08-25,2026-08-24,Start of Week,monthly,2026-09-25,20-45_day,23,3,call,-2,66.0,7.0,0.0,0.0,2.0,36.0,1.0000000000000003e-05,1.0,0.0,-0.006678403802876769,0.0,0.05587868344193929
RKLB,2026-08-25,2026-08-24,Start of Week,monthly,2026-09-25,20-45_day,23,3,put,-2,66.0,4.5,0.0,0.0,51.0,67.0,0.0312596875,-6.881591072394055e-05,0.00044881593353723344,-2.310583473794332e-06,5.528498838486852e-05,-3.989604759612522e-06
RKLB,2026-08-25,2026-08-24,Start of Week,monthly,2026-09-25,20-45_day,23,3,call,-1,67.0,5.9,0.0,0.0,4.0,8.0,1.0000000000000003e-05,1.0,0.0,-0.006779591739283993,0.0,0.05672533016075655
RKLB,2026-08-25,2026-08-24,Start of Week,monthly,2026-09-25,20-45_day,23,3,put,-1,67.0,5.05,0.0,0.0,161.0,98.0,0.015634843750000002,-7.974181453707097e-06,0.00011630985920232544,-1.2551553315400798e-07,7.165795326408978e-06,-4.617605994870506e-07
RKLB,2026-08-25,2026-08-24,Start of Week,monthly,2026-09-25,20-45_day,23,3,call,0,68.0,6.34,0.0,0.0,6.0,5.0,1.0000000000000003e-05,1.0,0.0,-0.006880779675691217,0.0,0.057571976879573813
RKLB,2026-08-25,2026-08-24,Start of Week,monthly,2026-09-25,20-45_day,23,3,put,0,68.0,5.89,0.0,0.0,36.0,123.0,0.00196310546875,0.0,3.095329025239694e-15,2.1516678152031017e-20,2.394444510878569e-17,-8.143834390843606e-19
RKLB,2026-08-25,2026-08-24,Start of Week,monthly,2026-09-25,20-45_day,23,3,call,1,69.0,6.46,0.0,0.0,63.0,82.0,0.015634843750000002,0.016167130474616473,0.13012356551907542,-0.00031376470422962157,0.008016851228667125,0.0009337638558700392
RKLB,2026-08-25,2026-08-24,Start of Week,monthly,2026-09-25,20-45_day,23,3,put,1,69.0,6.47,0.0,0.0,30.0,53.0,1.0000000000000003e-05,-1.0,0.0,0.006981967612098441,0.0,-0.058418623598391076
RKLB,2026-08-25,2026-08-24,Start of Week,monthly,2026-09-25,20-45_day,23,3,call,2,70.0,5.3,0.0,0.0,97.0,184.0,0.0312596875,0.004066528622657336,0.019375918302321715,-0.00014837292537269275,0.002386718782124413,0.00023459015937160499
RKLB,2026-08-25,2026-08-24,Start of Week,monthly,2026-09-25,20-45_day,23,3,put,2,70.0,6.66,0.0,0.0,48.0,442.0,1.0000000000000003e-05,-1.0,0.0,0.007083155548505664,0.0,-0.05926527031720833
SPCX,2026-08-25,2026-08-24,Start of Week,weekly,2026-08-28,5-9_day,3,3,call,-2,135.0,3.75,0.0,0.0,22924.0,9780.0,1.0000000000000003e-05,1.0,0.0,-0.013699252036451278,0.0,0.011092511998824653
SPCX,2026-08-25,2026-08-24,Start of Week,weekly,2026-08-28,5-9_day,3,3,put,-2,135.0,3.6,0.0,0.0,17699.0,10731.0,0.0312596875,-2.0556079061151422e-10,3.380614180437462e-09,-8.252610970400297e-11,1.6390507348019535e-10,-2.32192709795202e-12
SPCX,2026-08-25,2026-08-24,Start of Week,weekly,2026-08-28,5-9_day,3,3,call,-1,136.0,3.24,0.0,0.0,9353.0,4532.0,1.0000000000000003e-05,1.0,0.0,-0.013800727977462027,0.0,0.011174678754371501
SPCX,2026-08-25,2026-08-24,Start of Week,weekly,2026-08-28,5-9_day,3,3,put,-1,136.0,4.15,0.0,0.0,10422.0,5080.0,0.0312596875,-0.00013337989796780025,0.0013323928364248555,-3.179486477695942e-05,6.459948817065013e-05,-1.5069895891550339e-06
SPCX,2026-08-25,2026-08-24,Start of Week,weekly,2026-08-28,5-9_day,3,3,call,0,137.0,2.81,0.0,0.0,11109.0,3965.0,1.0000000000000003e-05,1.0,0.0,-0.013902203918472777,0.0,0.01125684550991835
SPCX,2026-08-25,2026-08-24,Start of Week,weekly,2026-08-28,5-9_day,3,3,put,0,137.0,4.75,0.0,0.0,7497.0,3506.0,0.007822421875,-1.153881986459826e-05,0.0005268434711548789,-6.724234666050877e-07,6.391973896860735e-06,-1.303010612382021e-07
SPCX,2026-08-25,2026-08-24,Start of Week,weekly,2026-08-28,5-9_day,3,3,call,1,138.0,2.45,0.0,0.0,9593.0,3693.0,0.015634843750000002,0.0012951893736102146,0.021916022936323148,-0.00015654012696454181,0.0005314561628307506,1.4617727049177384e-05
SPCX,2026-08-25,2026-08-24,Start of Week,weekly,2026-08-28,5-9_day,3,3,put,1,138.0,5.3,0.0,0.0,2143.0,1595.0,1.0000000000000003e-05,-1.0,0.0,0.01400367985948353,0.0,-0.011339012265465197
SPCX,2026-08-25,2026-08-24,Start of Week,weekly,2026-08-28,5-9_day,3,3,call,2,139.0,2.12,0.0,0.0,4591.0,2472.0,0.0312596875,2.5235163883037754e-05,0.0002772117711323106,-7.353974740464535e-06,1.3440284306899775e-05,2.847422067140788e-07
SPCX,2026-08-25,2026-08-24,Start of Week,weekly,2026-08-28,5-9_day,3,3,put,2,139.0,6.0,0.0,0.0,917.0,799.0,1.0000000000000003e-05,-1.0,0.0,0.014105155800494278,0.0,-0.01142117902101205
SPCX,2026-08-25,2026-08-24,Start of Week,monthly,2026-09-25,20-45_day,23,3,call,-2,135.0,9.32,0.0,0.0,82.0,581.0,1.0000000000000003e-05,1.0,0.0,-0.013660371414975208,0.0,0.11429730704033035
SPCX,2026-08-25,2026-08-24,Start of Week,monthly,2026-09-25,20-45_day,23,3,put,-2,135.0,9.0,0.0,0.0,268.0,1752.0,0.015634843750000002,-3.2058854771976897e-06,2.415562605911464e-05,-1.07894866230526e-07,6.052913091287739e-06,-3.743796750734848e-07
SPCX,2026-08-25,2026-08-24,Start of Week,monthly,2026-09-25,20-45_day,23,3,call,-1,136.0,8.86,0.0,0.0,54.0,105.0,1.0000000000000003e-05,1.0,0.0,-0.013761559351382433,0.0,0.11514395375914763
SPCX,2026-08-25,2026-08-24,Start of Week,monthly,2026-09-25,20-45_day,23,3,put,-1,136.0,9.0,0.0,0.0,424.0,240.0,0.007822421875,-3.776141621614215e-09,7.165120860388854e-08,-6.066155234114203e-11,8.982916232652174e-09,-4.407287268634491e-10
SPCX,2026-08-25,2026-08-24,Start of Week,monthly,2026-09-25,20-45_day,23,3,call,0,137.0,8.5,0.0,0.0,45.0,102.0,1.0000000000000003e-05,1.0,0.0,-0.013862747287789657,0.0,0.11599060047796489
SPCX,2026-08-25,2026-08-24,Start of Week,monthly,2026-09-25,20-45_day,23,3,put,0,137.0,9.66,0.0,0.0,34.0,53.0,0.00196310546875,0.0,1.1174731524674735e-22,7.451681450317078e-28,3.515874187330466e-24,-9.937970642572815e-26
SPCX,2026-08-25,2026-08-24,Start of Week,monthly,2026-09-25,20-45_day,23,3,call,1,138.0,8.15,0.0,0.0,62.0,107.0,0.0039162109375,0.10537563331081412,1.1628108485920166,-0.0019295564480201015,0.07298401412958598,0.012287506371454393
SPCX,2026-08-25,2026-08-24,Start of Week,monthly,2026-09-25,20-45_day,23,3,put,1,138.0,10.23,0.0,0.0,35.0,77.0,1.0000000000000003e-05,-1.0,0.0,0.013963935224196882,0.0,-0.11683724719678215
SPCX,2026-08-25,2026-08-24,Start of Week,monthly,2026-09-25,20-45_day,23,3,call,2,139.0,7.82,0.0,0.0,15.0,51.0,0.015634843750000002,0.02898286184494643,0.10563825284327381,-0.001070955827146761,0.02647081727507304,0.0033755131707293973
SPCX,2026-08-25,2026-08-24,Start of Week,monthly,2026-09-25,20-45_day,23,3,put,2,139.0,11.0,0.0,0.0,14.0,748.0,1.0000000000000003e-05,-1.0,0.0,0.014065123160604102,0.0,-0.11768389391559941
